Get:1 http://security.ubuntu.com/ubuntu noble-security InRelease [126 kB]
Get:2 http://archive.ubuntu.com/ubuntu noble InRelease [256 kB]
Get:3 http://security.ubuntu.com/ubuntu noble-security/restricted amd64 Packages [1905 kB]
Get:4 http://archive.ubuntu.com/ubuntu noble-updates InRelease [126 kB]
Get:5 http://security.ubuntu.com/ubuntu noble-security/main amd64 Packages [1299 kB]
Get:6 http://archive.ubuntu.com/ubuntu noble-backports InRelease [126 kB]
Get:7 http://security.ubuntu.com/ubuntu noble-security/universe amd64 Packages [1547 kB]
Get:8 http://security.ubuntu.com/ubuntu noble-security/multiverse amd64 Packages [50.0 kB]
Get:9 http://archive.ubuntu.com/ubuntu noble/multiverse amd64 Packages [331 kB]
Get:10 http://archive.ubuntu.com/ubuntu noble/universe amd64 Packages [19.3 MB]
Get:11 http://archive.ubuntu.com/ubuntu noble/restricted amd64 Packages [117 kB]
Get:12 http://archive.ubuntu.com/ubuntu noble/main amd64 Packages [1808 kB]
Get:13 http://archive.ubuntu.com/ubuntu noble-updates/main amd64 Packages [1633 kB]
Get:14 http://archive.ubuntu.com/ubuntu noble-updates/restricted amd64 Packages [2048 kB]
Get:15 http://archive.ubuntu.com/ubuntu noble-updates/universe amd64 Packages [2160 kB]
Get:16 http://archive.ubuntu.com/ubuntu noble-updates/multiverse amd64 Packages [56.2 kB]
Get:17 http://archive.ubuntu.com/ubuntu noble-backports/multiverse amd64 Packages [671 B]
Get:18 http://archive.ubuntu.com/ubuntu noble-backports/universe amd64 Packages [36.0 kB]
Get:19 http://archive.ubuntu.com/ubuntu noble-backports/main amd64 Packages [49.0 kB]
Fetched 33.0 MB in 4s (8402 kB/s)
Reading package lists...
Reading package lists...
Building dependency tree...
Reading state information...
The following additional packages will be installed:
  adduser adwaita-icon-theme at-spi2-common binutils binutils-common
  binutils-x86-64-linux-gnu bubblewrap bzip2 cpp cpp-13
  cpp-13-x86-64-linux-gnu cpp-x86-64-linux-gnu dbus dbus-bin dbus-daemon
  dbus-session-bus-common dbus-system-bus-common dbus-user-session
  dconf-gsettings-backend dconf-service dictionaries-common dpkg-dev
  emacsen-common fontconfig fontconfig-config fonts-dejavu-core
  fonts-dejavu-mono g++ g++-13 g++-13-x86-64-linux-gnu g++-x86-64-linux-gnu
  gcc gcc-13 gcc-13-base gcc-13-x86-64-linux-gnu gcc-x86-64-linux-gnu
  gir1.2-atk-1.0 gir1.2-atspi-2.0 gir1.2-ayatanaappindicator3-0.1
  gir1.2-ayatanaido3-0.4 gir1.2-dbusmenu-glib-0.4 gir1.2-freedesktop
  gir1.2-freedesktop-dev gir1.2-gdkpixbuf-2.0 gir1.2-girepository-2.0
  gir1.2-girepository-2.0-dev gir1.2-glib-2.0 gir1.2-glib-2.0-dev
  gir1.2-gtk-3.0 gir1.2-harfbuzz-0.0 gir1.2-javascriptcoregtk-4.1
  gir1.2-pango-1.0 gir1.2-rsvg-2.0 gir1.2-soup-3.0 gir1.2-webkit2-4.1
  glib-networking glib-networking-common glib-networking-services
  gobject-introspection gobject-introspection-bin gsettings-desktop-schemas
  gstreamer1.0-plugins-base gstreamer1.0-plugins-good gtk-update-icon-cache
  hicolor-icon-theme humanity-icon-theme hunspell-en-us icu-devtools iso-codes
  libaa1 libapparmor1 libargon2-1 libasan8 libaspell15 libasyncns0
  libatk-bridge2.0-0t64 libatk-bridge2.0-dev libatk1.0-0t64 libatk1.0-dev
  libatomic1 libatspi2.0-0t64 libatspi2.0-dev libavahi-client3
  libavahi-common-data libavahi-common3 libavc1394-0
  libayatana-appindicator3-1 libayatana-ido3-0.4-0 libayatana-ido3-dev
  libayatana-indicator3-7 libayatana-indicator3-dev libbinutils libblkid-dev
  libbrotli-dev libbrotli1 libbsd0 libbz2-dev libc-dev-bin libc6-dev libcaca0
  libcairo-gobject2 libcairo-script-interpreter2 libcairo2 libcairo2-dev
  libcap2-bin libcc1-0 libcdparanoia0 libcolord2 libcrypt-dev libcryptsetup12
  libctf-nobfd0 libctf0 libcups2t64 libcurl3t64-gnutls libcurl4t64
  libdatrie-dev libdatrie1 libdbus-1-3 libdbus-1-dev libdbusmenu-glib-dev
  libdbusmenu-glib4 libdbusmenu-gtk3-4 libdconf1 libdeflate-dev libdeflate0
  libdevmapper1.02.1 libdpkg-perl libdrm-amdgpu1 libdrm-common libdrm-intel1
  libdrm2 libduktape207 libdv4t64 libdw1t64 libedit2 libegl-dev libegl-mesa0
  libegl1 libegl1-mesa-dev libelf1t64 libenchant-2-2 libepoxy-dev libepoxy0
  libevdev2 libexpat1 libexpat1-dev libfdisk1 libffi-dev libflac12t64
  libfontconfig-dev libfontconfig1 libfreetype-dev libfreetype6 libfribidi-dev
  libfribidi0 libgbm1 libgcc-13-dev libgdbm-compat4t64 libgdbm6t64
  libgdk-pixbuf-2.0-0 libgdk-pixbuf-2.0-dev libgdk-pixbuf2.0-bin
  libgdk-pixbuf2.0-common libgirepository-1.0-1 libgirepository-1.0-dev
  libgirepository-2.0-0 libgirepository1.0-dev libgl-dev libgl1
  libgl1-mesa-dri libgles-dev libgles1 libgles2 libglib2.0-0t64 libglib2.0-bin
  libglib2.0-data libglib2.0-dev libglib2.0-dev-bin libglvnd-core-dev
  libglvnd-dev libglvnd0 libglx-dev libglx-mesa0 libglx0 libgomp1 libgpm2
  libgprofng0 libgraphite2-3 libgraphite2-dev libgssapi-krb5-2
  libgstreamer-gl1.0-0 libgstreamer-plugins-base1.0-0
  libgstreamer-plugins-good1.0-0 libgstreamer1.0-0 libgtk-3-0t64
  libgtk-3-common libgtk-3-dev libgudev-1.0-0 libharfbuzz-cairo0
  libharfbuzz-dev libharfbuzz-gobject0 libharfbuzz-icu0 libharfbuzz-subset0
  libharfbuzz0b libhunspell-1.7-0 libhwasan0 libhyphen0 libice-dev libice6
  libicu-dev libicu74 libiec61883-0 libisl23 libitm1 libjansson4
  libjavascriptcoregtk-4.1-0 libjavascriptcoregtk-4.1-dev libjbig-dev libjbig0
  libjpeg-dev libjpeg-turbo8 libjpeg-turbo8-dev libjpeg8 libjpeg8-dev
  libjson-c5 libk5crypto3 libkeyutils1 libkmod2 libkrb5-3 libkrb5support0
  liblcms2-2 libldap2 liblerc-dev liblerc4 libllvm20 liblsan0 liblzma-dev
  liblzo2-2 libmagic-mgc libmagic1t64 libmanette-0.2-0 libmount-dev
  libmp3lame0 libmpc3 libmpfr6 libmpg123-0t64 libncurses6 libnghttp2-14
  libnghttp2-dev libogg0 libopengl-dev libopengl0 libopus0 liborc-0.4-0t64
  libpam-systemd libpango-1.0-0 libpango1.0-dev libpangocairo-1.0-0
  libpangoft2-1.0-0 libpangoxft-1.0-0 libpciaccess0 libpcre2-16-0
  libpcre2-32-0 libpcre2-dev libpcre2-posix3 libperl5.38t64 libpixman-1-0
  libpixman-1-dev libpkgconf3 libpng-dev libpng16-16t64 libproxy1v5 libpsl-dev
  libpsl5t64 libpthread-stubs0-dev libpulse0 libpython3-stdlib
  libpython3.12-minimal libpython3.12-stdlib libquadmath0 libraw1394-11
  libreadline8t64 librsvg2-2 librsvg2-common librtmp1 libsasl2-2
  libsasl2-modules-db libsecret-1-0 libsecret-common libselinux1-dev
  libsensors-config libsensors5 libsepol-dev libsframe1 libsharpyuv-dev
  libsharpyuv0 libshout3 libslang2 libsm-dev libsm6 libsndfile1 libsoup-3.0-0
  libsoup-3.0-common libsoup-3.0-dev libspeex1 libsqlite3-0 libsqlite3-dev
  libssh-4 libstdc++-13-dev libsysprof-capture-4-dev libsystemd-shared
  libtag1v5 libtag1v5-vanilla libtext-iconv-perl libthai-data libthai-dev
  libthai0 libtheora0 libtiff-dev libtiff6 libtiffxx6 libtsan2 libtwolame0
  libubsan1 libunwind8 libv4l-0t64 libv4lconvert0t64 libvisual-0.4-0
  libvorbis0a libvorbisenc2 libvpx9 libvulkan1 libwavpack1 libwayland-bin
  libwayland-client0 libwayland-cursor0 libwayland-dev libwayland-egl1
  libwayland-server0 libwebkit2gtk-4.1-0 libwebp-dev libwebp7 libwebpdecoder3
  libwebpdemux2 libwebpmux3 libx11-6 libx11-data libx11-dev libx11-xcb1
  libxau-dev libxau6 libxcb-dri3-0 libxcb-glx0 libxcb-present0 libxcb-randr0
  libxcb-render0 libxcb-render0-dev libxcb-shm0 libxcb-shm0-dev libxcb-sync1
  libxcb-xfixes0 libxcb1 libxcb1-dev libxcomposite-dev libxcomposite1
  libxcursor-dev libxcursor1 libxdamage-dev libxdamage1 libxdmcp-dev libxdmcp6
  libxdo3 libxext-dev libxext6 libxfixes-dev libxfixes3 libxft-dev libxft2
  libxi-dev libxi6 libxinerama-dev libxinerama1 libxkbcommon-dev libxkbcommon0
  libxml2 libxrandr-dev libxrandr2 libxrender-dev libxrender1 libxshmfence1
  libxslt1.1 libxtst-dev libxtst6 libxxf86vm1 libzstd-dev linux-libc-dev
  lto-disabled-list make media-types mesa-libgallium netbase openssl
  pango1.0-tools patch perl perl-base perl-modules-5.38 pkgconf pkgconf-bin
  python3-mako python3-markdown python3-markupsafe python3-minimal
  python3-packaging python3-pip-whl python3-pkg-resources python3-setuptools
  python3-setuptools-whl python3.12 python3.12-minimal python3.12-venv
  readline-common rpcsvc-proto session-migration sgml-base shared-mime-info
  systemd systemd-dev systemd-sysv tzdata ubuntu-mono uuid-dev
  wayland-protocols x11-common x11proto-dev xdg-dbus-proxy xkb-data xml-core
  xorg-sgml-doctools xtrans-dev zlib1g-dev
Suggested packages:
  liblocale-gettext-perl cron quota ecryptfs-utils binutils-doc gprofng-gui
  bzip2-doc cpp-doc gcc-13-locales cpp-13-doc ispell | aspell | hunspell
  wordlist debian-keyring g++-multilib g++-13-multilib gcc-13-doc gcc-multilib
  manpages-dev autoconf automake libtool flex bison gdb gcc-doc
  gcc-13-multilib gdb-x86-64-linux-gnu gvfs hunspell openoffice.org-hunspell
  | openoffice.org-core isoquery aspell glibc-doc libcairo2-doc colord
  cups-common libdatrie-doc gnupg | sq | sqop | pgpainless-cli
  | sequoia-chameleon-gnupg git bzr libdv-bin oss-compat libenchant-2-voikko
  freetype2-doc gdbm-l10n libgirepository1.0-doc low-memory-monitor
  libglib2.0-doc libxml2-utils gpm libgraphite2-utils krb5-doc krb5-user
  libvisual-0.4-plugins gstreamer1.0-tools libgtk-3-doc libice-doc icu-doc
  liblcms2-utils liblzma-doc libnghttp2-doc opus-tools libpango1.0-doc
  pciutils pulseaudio libraw1394-doc librsvg2-bin librsvg2-doc lm-sensors
  libsm-doc libsoup-3.0-doc speex sqlite3-doc libstdc++-13-doc libthai-doc
  libwayland-doc gstreamer1.0-libav gstreamer1.0-plugins-bad gstreamer1.0-alsa
  libx11-doc libxcb-doc libxext-doc make-doc graphicsmagick ed diffutils-doc
  perl-doc libterm-readline-gnu-perl | libterm-readline-perl-perl
  libtap-harness-archive-perl python3-doc python3-tk python-mako-doc
  python3-beaker python-markdown-doc python-setuptools-doc python3.12-doc
  binfmt-support readline-doc sgml-base-doc systemd-container systemd-homed
  systemd-userdbd systemd-boot libfido2-1 libip4tc2 libqrencode4
  libtss2-esys-3.0.2-0 libtss2-mu-4.0.1-0 libtss2-rc0 libtss2-tcti-device0
  polkitd debhelper
Recommended packages:
  fakeroot gnupg | sq | sqop | pgpainless-cli | sequoia-chameleon-gnupg
  libalgorithm-merge-perl gstreamer1.0-x aspell-en | aspell-dictionary
  | aspell6a-dictionary at-spi2-core bzip2-doc manpages manpages-dev
  libc-devtools libpam-cap dmsetup libfile-fcntllock-perl
  liblocale-gettext-perl enchant-2 xdg-user-dirs gstreamer1.0-gl libgtk-3-bin
  krb5-locales libldap-common libpng-tools publicsuffix libsasl2-modules
  mesa-vulkan-drivers | vulkan-icd xdg-desktop-portal-gtk python3-pygments
  python3-yaml networkd-dispatcher systemd-timesyncd | time-daemon
  systemd-resolved libnss-systemd
The following NEW packages will be installed:
  adduser adwaita-icon-theme at-spi2-common binutils binutils-common
  binutils-x86-64-linux-gnu bubblewrap build-essential bzip2 ca-certificates
  cpp cpp-13 cpp-13-x86-64-linux-gnu cpp-x86-64-linux-gnu curl dbus dbus-bin
  dbus-daemon dbus-session-bus-common dbus-system-bus-common dbus-user-session
  dconf-gsettings-backend dconf-service dictionaries-common dpkg-dev
  emacsen-common file fontconfig fontconfig-config fonts-dejavu-core
  fonts-dejavu-mono g++ g++-13 g++-13-x86-64-linux-gnu g++-x86-64-linux-gnu
  gcc gcc-13 gcc-13-base gcc-13-x86-64-linux-gnu gcc-x86-64-linux-gnu
  gir1.2-atk-1.0 gir1.2-atspi-2.0 gir1.2-ayatanaappindicator3-0.1
  gir1.2-ayatanaido3-0.4 gir1.2-dbusmenu-glib-0.4 gir1.2-freedesktop
  gir1.2-freedesktop-dev gir1.2-gdkpixbuf-2.0 gir1.2-girepository-2.0
  gir1.2-girepository-2.0-dev gir1.2-glib-2.0 gir1.2-glib-2.0-dev
  gir1.2-gtk-3.0 gir1.2-harfbuzz-0.0 gir1.2-javascriptcoregtk-4.1
  gir1.2-pango-1.0 gir1.2-rsvg-2.0 gir1.2-soup-3.0 gir1.2-webkit2-4.1
  glib-networking glib-networking-common glib-networking-services
  gobject-introspection gobject-introspection-bin gsettings-desktop-schemas
  gstreamer1.0-plugins-base gstreamer1.0-plugins-good gtk-update-icon-cache
  hicolor-icon-theme humanity-icon-theme hunspell-en-us icu-devtools iso-codes
  libaa1 libapparmor1 libargon2-1 libasan8 libaspell15 libasyncns0
  libatk-bridge2.0-0t64 libatk-bridge2.0-dev libatk1.0-0t64 libatk1.0-dev
  libatomic1 libatspi2.0-0t64 libatspi2.0-dev libavahi-client3
  libavahi-common-data libavahi-common3 libavc1394-0
  libayatana-appindicator3-1 libayatana-appindicator3-dev
  libayatana-ido3-0.4-0 libayatana-ido3-dev libayatana-indicator3-7
  libayatana-indicator3-dev libbinutils libblkid-dev libbrotli-dev libbrotli1
  libbsd0 libbz2-dev libc-dev-bin libc6-dev libcaca0 libcairo-gobject2
  libcairo-script-interpreter2 libcairo2 libcairo2-dev libcap2-bin libcc1-0
  libcdparanoia0 libcolord2 libcrypt-dev libcryptsetup12 libctf-nobfd0 libctf0
  libcups2t64 libcurl3t64-gnutls libcurl4t64 libdatrie-dev libdatrie1
  libdbus-1-3 libdbus-1-dev libdbusmenu-glib-dev libdbusmenu-glib4
  libdbusmenu-gtk3-4 libdconf1 libdeflate-dev libdeflate0 libdevmapper1.02.1
  libdpkg-perl libdrm-amdgpu1 libdrm-common libdrm-intel1 libdrm2
  libduktape207 libdv4t64 libdw1t64 libedit2 libegl-dev libegl-mesa0 libegl1
  libegl1-mesa-dev libelf1t64 libenchant-2-2 libepoxy-dev libepoxy0 libevdev2
  libexpat1 libexpat1-dev libfdisk1 libffi-dev libflac12t64 libfontconfig-dev
  libfontconfig1 libfreetype-dev libfreetype6 libfribidi-dev libfribidi0
  libgbm1 libgcc-13-dev libgdbm-compat4t64 libgdbm6t64 libgdk-pixbuf-2.0-0
  libgdk-pixbuf-2.0-dev libgdk-pixbuf2.0-bin libgdk-pixbuf2.0-common
  libgirepository-1.0-1 libgirepository-1.0-dev libgirepository-2.0-0
  libgirepository1.0-dev libgl-dev libgl1 libgl1-mesa-dri libgles-dev libgles1
  libgles2 libglib2.0-0t64 libglib2.0-bin libglib2.0-data libglib2.0-dev
  libglib2.0-dev-bin libglvnd-core-dev libglvnd-dev libglvnd0 libglx-dev
  libglx-mesa0 libglx0 libgomp1 libgpm2 libgprofng0 libgraphite2-3
  libgraphite2-dev libgssapi-krb5-2 libgstreamer-gl1.0-0
  libgstreamer-plugins-base1.0-0 libgstreamer-plugins-good1.0-0
  libgstreamer1.0-0 libgtk-3-0t64 libgtk-3-common libgtk-3-dev libgudev-1.0-0
  libharfbuzz-cairo0 libharfbuzz-dev libharfbuzz-gobject0 libharfbuzz-icu0
  libharfbuzz-subset0 libharfbuzz0b libhunspell-1.7-0 libhwasan0 libhyphen0
  libice-dev libice6 libicu-dev libicu74 libiec61883-0 libisl23 libitm1
  libjansson4 libjavascriptcoregtk-4.1-0 libjavascriptcoregtk-4.1-dev
  libjbig-dev libjbig0 libjpeg-dev libjpeg-turbo8 libjpeg-turbo8-dev libjpeg8
  libjpeg8-dev libjson-c5 libk5crypto3 libkeyutils1 libkmod2 libkrb5-3
  libkrb5support0 liblcms2-2 libldap2 liblerc-dev liblerc4 libllvm20 liblsan0
  liblzma-dev liblzo2-2 libmagic-mgc libmagic1t64 libmanette-0.2-0
  libmount-dev libmp3lame0 libmpc3 libmpfr6 libmpg123-0t64 libncurses6
  libnghttp2-14 libnghttp2-dev libogg0 libopengl-dev libopengl0 libopus0
  liborc-0.4-0t64 libpam-systemd libpango-1.0-0 libpango1.0-dev
  libpangocairo-1.0-0 libpangoft2-1.0-0 libpangoxft-1.0-0 libpciaccess0
  libpcre2-16-0 libpcre2-32-0 libpcre2-dev libpcre2-posix3 libperl5.38t64
  libpixman-1-0 libpixman-1-dev libpkgconf3 libpng-dev libpng16-16t64
  libproxy1v5 libpsl-dev libpsl5t64 libpthread-stubs0-dev libpulse0
  libpython3-stdlib libpython3.12-minimal libpython3.12-stdlib libquadmath0
  libraw1394-11 libreadline8t64 librsvg2-2 librsvg2-common librsvg2-dev
  librtmp1 libsasl2-2 libsasl2-modules-db libsecret-1-0 libsecret-common
  libselinux1-dev libsensors-config libsensors5 libsepol-dev libsframe1
  libsharpyuv-dev libsharpyuv0 libshout3 libslang2 libsm-dev libsm6
  libsndfile1 libsoup-3.0-0 libsoup-3.0-common libsoup-3.0-dev libspeex1
  libsqlite3-0 libsqlite3-dev libssh-4 libstdc++-13-dev
  libsysprof-capture-4-dev libsystemd-shared libtag1v5 libtag1v5-vanilla
  libtext-iconv-perl libthai-data libthai-dev libthai0 libtheora0 libtiff-dev
  libtiff6 libtiffxx6 libtsan2 libtwolame0 libubsan1 libunwind8 libv4l-0t64
  libv4lconvert0t64 libvisual-0.4-0 libvorbis0a libvorbisenc2 libvpx9
  libvulkan1 libwavpack1 libwayland-bin libwayland-client0 libwayland-cursor0
  libwayland-dev libwayland-egl1 libwayland-server0 libwebkit2gtk-4.1-0
  libwebkit2gtk-4.1-dev libwebp-dev libwebp7 libwebpdecoder3 libwebpdemux2
  libwebpmux3 libx11-6 libx11-data libx11-dev libx11-xcb1 libxau-dev libxau6
  libxcb-dri3-0 libxcb-glx0 libxcb-present0 libxcb-randr0 libxcb-render0
  libxcb-render0-dev libxcb-shm0 libxcb-shm0-dev libxcb-sync1 libxcb-xfixes0
  libxcb1 libxcb1-dev libxcomposite-dev libxcomposite1 libxcursor-dev
  libxcursor1 libxdamage-dev libxdamage1 libxdmcp-dev libxdmcp6 libxdo-dev
  libxdo3 libxext-dev libxext6 libxfixes-dev libxfixes3 libxft-dev libxft2
  libxi-dev libxi6 libxinerama-dev libxinerama1 libxkbcommon-dev libxkbcommon0
  libxml2 libxrandr-dev libxrandr2 libxrender-dev libxrender1 libxshmfence1
  libxslt1.1 libxtst-dev libxtst6 libxxf86vm1 libzstd-dev linux-libc-dev
  lto-disabled-list make media-types mesa-libgallium netbase openssl
  pango1.0-tools patch patchelf perl perl-modules-5.38 pkg-config pkgconf
  pkgconf-bin python3 python3-mako python3-markdown python3-markupsafe
  python3-minimal python3-packaging python3-pip-whl python3-pkg-resources
  python3-setuptools python3-setuptools-whl python3-venv python3.12
  python3.12-minimal python3.12-venv readline-common rpcsvc-proto
  session-migration sgml-base shared-mime-info systemd systemd-dev
  systemd-sysv tzdata ubuntu-mono uuid-dev wayland-protocols x11-common
  x11proto-dev xdg-dbus-proxy xkb-data xml-core xorg-sgml-doctools xtrans-dev
  xz-utils zlib1g-dev
The following packages will be upgraded:
  perl-base
1 upgraded, 453 newly installed, 0 to remove and 2 not upgraded.
Need to get 257 MB of archives.
After this operation, 1057 MB of additional disk space will be used.
Get:1 http://archive.ubuntu.com/ubuntu noble-updates/main amd64 perl-base amd64 5.38.2-3.2ubuntu0.6 [1826 kB]
Get:2 http://archive.ubuntu.com/ubuntu noble-updates/main amd64 libpython3.12-minimal amd64 3.12.3-1ubuntu0.17 [839 kB]
Get:3 http://archive.ubuntu.com/ubuntu noble-updates/main amd64 libexpat1 amd64 2.6.1-2ubuntu0.6 [98.9 kB]
Get:4 http://archive.ubuntu.com/ubuntu noble-updates/main amd64 python3.12-minimal amd64 3.12.3-1ubuntu0.17 [2335 kB]
Get:5 http://archive.ubuntu.com/ubuntu noble-updates/main amd64 python3-minimal amd64 3.12.3-0ubuntu2.1 [27.4 kB]
Get:6 http://archive.ubuntu.com/ubuntu noble/main amd64 media-types all 10.1.0 [27.5 kB]
Get:7 http://archive.ubuntu.com/ubuntu noble/main amd64 netbase all 6.4 [13.1 kB]
Get:8 http://archive.ubuntu.com/ubuntu noble-updates/main amd64 tzdata all 2026c-0ubuntu0.24.04.1 [280 kB]
Get:9 http://archive.ubuntu.com/ubuntu noble/main amd64 readline-common all 8.2-4build1 [56.5 kB]
Get:10 http://archive.ubuntu.com/ubuntu noble/main amd64 libreadline8t64 amd64 8.2-4build1 [153 kB]
Get:11 http://archive.ubuntu.com/ubuntu noble-updates/main amd64 libsqlite3-0 amd64 3.45.1-1ubuntu2.8 [702 kB]
Get:12 http://archive.ubuntu.com/ubuntu noble-updates/main amd64 libpython3.12-stdlib amd64 3.12.3-1ubuntu0.17 [2071 kB]
Get:13 http://archive.ubuntu.com/ubuntu noble-updates/main amd64 python3.12 amd64 3.12.3-1ubuntu0.17 [651 kB]
Get:14 http://archive.ubuntu.com/ubuntu noble-updates/main amd64 libpython3-stdlib amd64 3.12.3-0ubuntu2.1 [10.1 kB]
Get:15 http://archive.ubuntu.com/ubuntu noble-updates/main amd64 python3 amd64 3.12.3-0ubuntu2.1 [23.0 kB]
Get:16 http://archive.ubuntu.com/ubuntu noble-updates/main amd64 libapparmor1 amd64 4.0.1really4.0.1-0ubuntu0.24.04.8 [51.4 kB]
Get:17 http://archive.ubuntu.com/ubuntu noble/main amd64 libargon2-1 amd64 0~20190702+dfsg-4build1 [20.8 kB]
Get:18 http://archive.ubuntu.com/ubuntu noble-updates/main amd64 libdevmapper1.02.1 amd64 2:1.02.185-3ubuntu3.2 [139 kB]
Get:19 http://archive.ubuntu.com/ubuntu noble/main amd64 libjson-c5 amd64 0.17-1build1 [35.3 kB]
Get:20 http://archive.ubuntu.com/ubuntu noble-updates/main amd64 libcryptsetup12 amd64 2:2.7.0-1ubuntu4.2 [266 kB]
Get:21 http://archive.ubuntu.com/ubuntu noble-updates/main amd64 libfdisk1 amd64 2.39.3-9ubuntu6.6 [146 kB]
Get:22 http://archive.ubuntu.com/ubuntu noble-updates/main amd64 libkmod2 amd64 31+20240202-2ubuntu7.2 [51.8 kB]
Get:23 http://archive.ubuntu.com/ubuntu noble-updates/main amd64 libsystemd-shared amd64 255.4-1ubuntu8.17 [2077 kB]
Get:24 http://archive.ubuntu.com/ubuntu noble-updates/main amd64 systemd-dev all 255.4-1ubuntu8.17 [107 kB]
Get:25 http://archive.ubuntu.com/ubuntu noble-updates/main amd64 systemd amd64 255.4-1ubuntu8.17 [3475 kB]
Get:26 http://archive.ubuntu.com/ubuntu noble-updates/main amd64 systemd-sysv amd64 255.4-1ubuntu8.17 [11.9 kB]
Get:27 http://archive.ubuntu.com/ubuntu noble-updates/main amd64 perl-modules-5.38 all 5.38.2-3.2ubuntu0.6 [3110 kB]
Get:28 http://archive.ubuntu.com/ubuntu noble/main amd64 libgdbm6t64 amd64 1.23-5.1build1 [34.4 kB]
Get:29 http://archive.ubuntu.com/ubuntu noble/main amd64 libgdbm-compat4t64 amd64 1.23-5.1build1 [6710 B]
Get:30 http://archive.ubuntu.com/ubuntu noble-updates/main amd64 libperl5.38t64 amd64 5.38.2-3.2ubuntu0.6 [4864 kB]
Get:31 http://archive.ubuntu.com/ubuntu noble-updates/main amd64 perl amd64 5.38.2-3.2ubuntu0.6 [231 kB]
Get:32 http://archive.ubuntu.com/ubuntu noble/main amd64 sgml-base all 1.31 [11.4 kB]
Get:33 http://archive.ubuntu.com/ubuntu noble/main amd64 adduser all 3.137ubuntu1 [101 kB]
Get:34 http://archive.ubuntu.com/ubuntu noble-updates/main amd64 openssl amd64 3.0.13-0ubuntu3.15 [1003 kB]
Get:35 http://archive.ubuntu.com/ubuntu noble-updates/main amd64 ca-certificates all 20260601~24.04.1 [139 kB]
Get:36 http://archive.ubuntu.com/ubuntu noble-updates/main amd64 libdbus-1-3 amd64 1.14.10-4ubuntu4.1 [210 kB]
Get:37 http://archive.ubuntu.com/ubuntu noble-updates/main amd64 dbus-bin amd64 1.14.10-4ubuntu4.1 [39.3 kB]
Get:38 http://archive.ubuntu.com/ubuntu noble-updates/main amd64 dbus-session-bus-common all 1.14.10-4ubuntu4.1 [80.5 kB]
Get:39 http://archive.ubuntu.com/ubuntu noble-updates/main amd64 dbus-daemon amd64 1.14.10-4ubuntu4.1 [118 kB]
Get:40 http://archive.ubuntu.com/ubuntu noble-updates/main amd64 dbus-system-bus-common all 1.14.10-4ubuntu4.1 [81.6 kB]
Get:41 http://archive.ubuntu.com/ubuntu noble-updates/main amd64 dbus amd64 1.14.10-4ubuntu4.1 [24.3 kB]
Get:42 http://archive.ubuntu.com/ubuntu noble-updates/main amd64 libpam-systemd amd64 255.4-1ubuntu8.17 [235 kB]
Get:43 http://archive.ubuntu.com/ubuntu noble-updates/main amd64 dbus-user-session amd64 1.14.10-4ubuntu4.1 [9968 B]
Get:44 http://archive.ubuntu.com/ubuntu noble-updates/main amd64 libglib2.0-0t64 amd64 2.80.0-6ubuntu3.9 [1547 kB]
Get:45 http://archive.ubuntu.com/ubuntu noble-updates/main amd64 gir1.2-glib-2.0 amd64 2.80.0-6ubuntu3.9 [183 kB]
Get:46 http://archive.ubuntu.com/ubuntu noble/main amd64 libgirepository-1.0-1 amd64 1.80.1-1 [81.9 kB]
Get:47 http://archive.ubuntu.com/ubuntu noble/main amd64 gir1.2-girepository-2.0 amd64 1.80.1-1 [24.5 kB]
Get:48 http://archive.ubuntu.com/ubuntu noble/main amd64 iso-codes all 4.16.0-1 [3492 kB]
Get:49 http://archive.ubuntu.com/ubuntu noble-updates/main amd64 libbsd0 amd64 0.12.1-1build1.1 [41.2 kB]
Get:50 http://archive.ubuntu.com/ubuntu noble-updates/main amd64 libcap2-bin amd64 1:2.66-5ubuntu2.4 [34.1 kB]
Get:51 http://archive.ubuntu.com/ubuntu noble-updates/main amd64 libelf1t64 amd64 0.190-1.1ubuntu0.1 [57.8 kB]
Get:52 http://archive.ubuntu.com/ubuntu noble/main amd64 libfribidi0 amd64 1.0.13-3build1 [26.1 kB]
Get:53 http://archive.ubuntu.com/ubuntu noble-updates/main amd64 libglib2.0-data all 2.80.0-6ubuntu3.9 [50.1 kB]
Get:54 http://archive.ubuntu.com/ubuntu noble-updates/main amd64 libkrb5support0 amd64 1.20.1-6ubuntu2.10 [34.9 kB]
Get:55 http://archive.ubuntu.com/ubuntu noble-updates/main amd64 libk5crypto3 amd64 1.20.1-6ubuntu2.10 [81.9 kB]
Get:56 http://archive.ubuntu.com/ubuntu noble/main amd64 libkeyutils1 amd64 1.6.3-3build1 [9490 B]
Get:57 http://archive.ubuntu.com/ubuntu noble-updates/main amd64 libkrb5-3 amd64 1.20.1-6ubuntu2.10 [348 kB]
Get:58 http://archive.ubuntu.com/ubuntu noble-updates/main amd64 libgssapi-krb5-2 amd64 1.20.1-6ubuntu2.10 [143 kB]
Get:59 http://archive.ubuntu.com/ubuntu noble-updates/main amd64 libicu74 amd64 74.2-1ubuntu3.1 [10.9 MB]
Get:60 http://archive.ubuntu.com/ubuntu noble/main amd64 libslang2 amd64 2.3.3-3build2 [506 kB]
Get:61 http://archive.ubuntu.com/ubuntu noble/main amd64 libtext-iconv-perl amd64 1.7-8build3 [13.5 kB]
Get:62 http://archive.ubuntu.com/ubuntu noble-updates/main amd64 libxml2 amd64 2.9.14+dfsg-1.3ubuntu3.9 [765 kB]
Get:63 http://archive.ubuntu.com/ubuntu noble-updates/main amd64 python3-pkg-resources all 68.1.2-2ubuntu1.2 [168 kB]
Get:64 http://archive.ubuntu.com/ubuntu noble/main amd64 shared-mime-info amd64 2.4-4 [474 kB]
Get:65 http://archive.ubuntu.com/ubuntu noble-updates/main amd64 xkb-data all 2.41-2ubuntu1.1 [397 kB]
Get:66 http://archive.ubuntu.com/ubuntu noble/main amd64 libmagic-mgc amd64 1:5.45-3build1 [307 kB]
Get:67 http://archive.ubuntu.com/ubuntu noble/main amd64 libmagic1t64 amd64 1:5.45-3build1 [87.2 kB]
Get:68 http://archive.ubuntu.com/ubuntu noble/main amd64 file amd64 1:5.45-3build1 [22.0 kB]
Get:69 http://archive.ubuntu.com/ubuntu noble-updates/main amd64 libdrm-common all 2.4.125-1ubuntu0.1~24.04.2 [9250 B]
Get:70 http://archive.ubuntu.com/ubuntu noble-updates/main amd64 libdrm2 amd64 2.4.125-1ubuntu0.1~24.04.2 [41.4 kB]
Get:71 http://archive.ubuntu.com/ubuntu noble/main amd64 libedit2 amd64 3.1-20230828-1build1 [97.6 kB]
Get:72 http://archive.ubuntu.com/ubuntu noble/main amd64 libevdev2 amd64 1.13.1+dfsg-1build1 [37.8 kB]
Get:73 http://archive.ubuntu.com/ubuntu noble/main amd64 libgpm2 amd64 1.20.7-11 [14.1 kB]
Get:74 http://archive.ubuntu.com/ubuntu noble/main amd64 libjansson4 amd64 2.14-2build2 [32.8 kB]
Get:75 http://archive.ubuntu.com/ubuntu noble-updates/main amd64 libncurses6 amd64 6.4+20240113-1ubuntu2.2 [112 kB]
Get:76 http://archive.ubuntu.com/ubuntu noble-updates/main amd64 libnghttp2-14 amd64 1.59.0-1ubuntu0.4 [74.6 kB]
Get:77 http://archive.ubuntu.com/ubuntu noble-updates/main amd64 libpng16-16t64 amd64 1.6.43-5ubuntu0.6 [189 kB]
Get:78 http://archive.ubuntu.com/ubuntu noble/main amd64 libpsl5t64 amd64 0.21.2-1.1build1 [57.1 kB]
Get:79 http://archive.ubuntu.com/ubuntu noble/main amd64 libsensors-config all 1:3.6.0-9build1 [5546 B]
Get:80 http://archive.ubuntu.com/ubuntu noble/main amd64 libsensors5 amd64 1:3.6.0-9build1 [26.6 kB]
Get:81 http://archive.ubuntu.com/ubuntu noble/main amd64 libxau6 amd64 1:1.0.9-1build6 [7160 B]
Get:82 http://archive.ubuntu.com/ubuntu noble/main amd64 libxdmcp6 amd64 1:1.1.3-0ubuntu6 [10.3 kB]
Get:83 http://archive.ubuntu.com/ubuntu noble/main amd64 libxcb1 amd64 1.15-1ubuntu2 [47.7 kB]
Get:84 http://archive.ubuntu.com/ubuntu noble/main amd64 libx11-data all 2:1.8.7-1build1 [115 kB]
Get:85 http://archive.ubuntu.com/ubuntu noble/main amd64 libx11-6 amd64 2:1.8.7-1build1 [650 kB]
Get:86 http://archive.ubuntu.com/ubuntu noble/main amd64 libxext6 amd64 2:1.3.4-1build2 [30.4 kB]
Get:87 http://archive.ubuntu.com/ubuntu noble/main amd64 libxkbcommon0 amd64 1.6.0-1build1 [122 kB]
Get:88 http://archive.ubuntu.com/ubuntu noble-updates/main amd64 xz-utils amd64 5.6.1+really5.4.5-1ubuntu0.3 [267 kB]
Get:89 http://archive.ubuntu.com/ubuntu noble-updates/main amd64 libgdk-pixbuf2.0-common all 2.42.10+dfsg-3ubuntu3.3 [8302 B]
Get:90 http://archive.ubuntu.com/ubuntu noble/main amd64 libjpeg-turbo8 amd64 2.1.5-2ubuntu2 [150 kB]
Get:91 http://archive.ubuntu.com/ubuntu noble/main amd64 libjpeg8 amd64 8c-2ubuntu11 [2148 B]
Get:92 http://archive.ubuntu.com/ubuntu noble-updates/main amd64 libdeflate0 amd64 1.19-1build1.1 [43.9 kB]
Get:93 http://archive.ubuntu.com/ubuntu noble/main amd64 libjbig0 amd64 2.1-6.1ubuntu2 [29.7 kB]
Get:94 http://archive.ubuntu.com/ubuntu noble/main amd64 liblerc4 amd64 4.0.0+ds-4ubuntu2 [179 kB]
Get:95 http://archive.ubuntu.com/ubuntu noble/main amd64 libsharpyuv0 amd64 1.3.2-0.4build3 [15.8 kB]
Get:96 http://archive.ubuntu.com/ubuntu noble/main amd64 libwebp7 amd64 1.3.2-0.4build3 [230 kB]
Get:97 http://archive.ubuntu.com/ubuntu noble-updates/main amd64 libtiff6 amd64 4.5.1+git230720-4ubuntu2.5 [200 kB]
Get:98 http://archive.ubuntu.com/ubuntu noble-updates/main amd64 libgdk-pixbuf-2.0-0 amd64 2.42.10+dfsg-3ubuntu3.3 [147 kB]
Get:99 http://archive.ubuntu.com/ubuntu noble-updates/main amd64 gtk-update-icon-cache amd64 3.24.41-4ubuntu1.3 [51.9 kB]
Get:100 http://archive.ubuntu.com/ubuntu noble/main amd64 hicolor-icon-theme all 0.17-2 [9976 B]
Get:101 http://archive.ubuntu.com/ubuntu noble/main amd64 humanity-icon-theme all 0.6.16 [1282 kB]
Get:102 http://archive.ubuntu.com/ubuntu noble/main amd64 ubuntu-mono all 24.04-0ubuntu1 [151 kB]
Get:103 http://archive.ubuntu.com/ubuntu noble/main amd64 adwaita-icon-theme all 46.0-1 [723 kB]
Get:104 http://archive.ubuntu.com/ubuntu noble/main amd64 at-spi2-common all 2.52.0-1build1 [8674 B]
Get:105 http://archive.ubuntu.com/ubuntu noble-updates/main amd64 binutils-common amd64 2.42-4ubuntu2.10 [240 kB]
Get:106 http://archive.ubuntu.com/ubuntu noble-updates/main amd64 libsframe1 amd64 2.42-4ubuntu2.10 [15.7 kB]
Get:107 http://archive.ubuntu.com/ubuntu noble-updates/main amd64 libbinutils amd64 2.42-4ubuntu2.10 [577 kB]
Get:108 http://archive.ubuntu.com/ubuntu noble-updates/main amd64 libctf-nobfd0 amd64 2.42-4ubuntu2.10 [98.0 kB]
Get:109 http://archive.ubuntu.com/ubuntu noble-updates/main amd64 libctf0 amd64 2.42-4ubuntu2.10 [94.5 kB]
Get:110 http://archive.ubuntu.com/ubuntu noble-updates/main amd64 libgprofng0 amd64 2.42-4ubuntu2.10 [849 kB]
Get:111 http://archive.ubuntu.com/ubuntu noble-updates/main amd64 binutils-x86-64-linux-gnu amd64 2.42-4ubuntu2.10 [2463 kB]
Get:112 http://archive.ubuntu.com/ubuntu noble-updates/main amd64 binutils amd64 2.42-4ubuntu2.10 [18.2 kB]
Get:113 http://archive.ubuntu.com/ubuntu noble-updates/main amd64 bubblewrap amd64 0.9.0-1ubuntu0.3 [50.4 kB]
Get:114 http://archive.ubuntu.com/ubuntu noble-updates/main amd64 libc-dev-bin amd64 2.39-0ubuntu8.9 [20.4 kB]
Get:115 http://archive.ubuntu.com/ubuntu noble-updates/main amd64 linux-libc-dev amd64 6.8.0-142.142 [1528 kB]
Get:116 http://archive.ubuntu.com/ubuntu noble/main amd64 libcrypt-dev amd64 1:4.4.36-4build1 [112 kB]
Get:117 http://archive.ubuntu.com/ubuntu noble/main amd64 rpcsvc-proto amd64 1.4.2-0ubuntu7 [67.4 kB]
Get:118 http://archive.ubuntu.com/ubuntu noble-updates/main amd64 libc6-dev amd64 2.39-0ubuntu8.9 [2126 kB]
Get:119 http://archive.ubuntu.com/ubuntu noble-updates/main amd64 gcc-13-base amd64 13.3.0-6ubuntu2~24.04.1 [51.6 kB]
Get:120 http://archive.ubuntu.com/ubuntu noble-updates/main amd64 libisl23 amd64 0.26-3build1.1 [680 kB]
Get:121 http://archive.ubuntu.com/ubuntu noble-updates/main amd64 libmpfr6 amd64 4.2.1-1build1.1 [353 kB]
Get:122 http://archive.ubuntu.com/ubuntu noble-updates/main amd64 libmpc3 amd64 1.3.1-1build1.1 [54.6 kB]
Get:123 http://archive.ubuntu.com/ubuntu noble-updates/main amd64 cpp-13-x86-64-linux-gnu amd64 13.3.0-6ubuntu2~24.04.1 [10.7 MB]
Get:124 http://archive.ubuntu.com/ubuntu noble-updates/main amd64 cpp-13 amd64 13.3.0-6ubuntu2~24.04.1 [1042 B]
Get:125 http://archive.ubuntu.com/ubuntu noble/main amd64 cpp-x86-64-linux-gnu amd64 4:13.2.0-7ubuntu1 [5326 B]
Get:126 http://archive.ubuntu.com/ubuntu noble/main amd64 cpp amd64 4:13.2.0-7ubuntu1 [22.4 kB]
Get:127 http://archive.ubuntu.com/ubuntu noble-updates/main amd64 libcc1-0 amd64 14.2.0-4ubuntu2~24.04.1 [48.0 kB]
Get:128 http://archive.ubuntu.com/ubuntu noble-updates/main amd64 libgomp1 amd64 14.2.0-4ubuntu2~24.04.1 [148 kB]
Get:129 http://archive.ubuntu.com/ubuntu noble-updates/main amd64 libitm1 amd64 14.2.0-4ubuntu2~24.04.1 [29.7 kB]
Get:130 http://archive.ubuntu.com/ubuntu noble-updates/main amd64 libatomic1 amd64 14.2.0-4ubuntu2~24.04.1 [10.5 kB]
Get:131 http://archive.ubuntu.com/ubuntu noble-updates/main amd64 libasan8 amd64 14.2.0-4ubuntu2~24.04.1 [3027 kB]
Get:132 http://archive.ubuntu.com/ubuntu noble-updates/main amd64 liblsan0 amd64 14.2.0-4ubuntu2~24.04.1 [1322 kB]
Get:133 http://archive.ubuntu.com/ubuntu noble-updates/main amd64 libtsan2 amd64 14.2.0-4ubuntu2~24.04.1 [2772 kB]
Get:134 http://archive.ubuntu.com/ubuntu noble-updates/main amd64 libubsan1 amd64 14.2.0-4ubuntu2~24.04.1 [1184 kB]
Get:135 http://archive.ubuntu.com/ubuntu noble-updates/main amd64 libhwasan0 amd64 14.2.0-4ubuntu2~24.04.1 [1641 kB]
Get:136 http://archive.ubuntu.com/ubuntu noble-updates/main amd64 libquadmath0 amd64 14.2.0-4ubuntu2~24.04.1 [153 kB]
Get:137 http://archive.ubuntu.com/ubuntu noble-updates/main amd64 libgcc-13-dev amd64 13.3.0-6ubuntu2~24.04.1 [2681 kB]
Get:138 http://archive.ubuntu.com/ubuntu noble-updates/main amd64 gcc-13-x86-64-linux-gnu amd64 13.3.0-6ubuntu2~24.04.1 [21.1 MB]
Get:139 http://archive.ubuntu.com/ubuntu noble-updates/main amd64 gcc-13 amd64 13.3.0-6ubuntu2~24.04.1 [494 kB]
Get:140 http://archive.ubuntu.com/ubuntu noble/main amd64 gcc-x86-64-linux-gnu amd64 4:13.2.0-7ubuntu1 [1212 B]
Get:141 http://archive.ubuntu.com/ubuntu noble/main amd64 gcc amd64 4:13.2.0-7ubuntu1 [5018 B]
Get:142 http://archive.ubuntu.com/ubuntu noble-updates/main amd64 libstdc++-13-dev amd64 13.3.0-6ubuntu2~24.04.1 [2420 kB]
Get:143 http://archive.ubuntu.com/ubuntu noble-updates/main amd64 g++-13-x86-64-linux-gnu amd64 13.3.0-6ubuntu2~24.04.1 [12.2 MB]
Get:144 http://archive.ubuntu.com/ubuntu noble-updates/main amd64 g++-13 amd64 13.3.0-6ubuntu2~24.04.1 [16.0 kB]
Get:145 http://archive.ubuntu.com/ubuntu noble/main amd64 g++-x86-64-linux-gnu amd64 4:13.2.0-7ubuntu1 [964 B]
Get:146 http://archive.ubuntu.com/ubuntu noble/main amd64 g++ amd64 4:13.2.0-7ubuntu1 [1100 B]
Get:147 http://archive.ubuntu.com/ubuntu noble/main amd64 make amd64 4.3-4.1build2 [180 kB]
Get:148 http://archive.ubuntu.com/ubuntu noble-updates/main amd64 libdpkg-perl all 1.22.6ubuntu6.6 [268 kB]
Get:149 http://archive.ubuntu.com/ubuntu noble-updates/main amd64 bzip2 amd64 1.0.8-5.1ubuntu0.1 [34.6 kB]
Get:150 http://archive.ubuntu.com/ubuntu noble/main amd64 patch amd64 2.7.6-7build3 [104 kB]
Get:151 http://archive.ubuntu.com/ubuntu noble/main amd64 lto-disabled-list all 47 [12.4 kB]
Get:152 http://archive.ubuntu.com/ubuntu noble-updates/main amd64 dpkg-dev all 1.22.6ubuntu6.6 [1074 kB]
Get:153 http://archive.ubuntu.com/ubuntu noble/main amd64 build-essential amd64 12.10ubuntu1 [4928 B]
Get:154 http://archive.ubuntu.com/ubuntu noble/main amd64 libbrotli1 amd64 1.1.0-2build2 [331 kB]
Get:155 http://archive.ubuntu.com/ubuntu noble-updates/main amd64 libsasl2-modules-db amd64 2.1.28+dfsg1-5ubuntu3.1 [20.4 kB]
Get:156 http://archive.ubuntu.com/ubuntu noble-updates/main amd64 libsasl2-2 amd64 2.1.28+dfsg1-5ubuntu3.1 [53.2 kB]
Get:157 http://archive.ubuntu.com/ubuntu noble-updates/main amd64 libldap2 amd64 2.6.10+dfsg-0ubuntu0.24.04.1 [198 kB]
Get:158 http://archive.ubuntu.com/ubuntu noble/main amd64 librtmp1 amd64 2.4+20151223.gitfa8646d.1-2build7 [56.3 kB]
Get:159 http://archive.ubuntu.com/ubuntu noble-updates/main amd64 libssh-4 amd64 0.10.6-2ubuntu0.5 [191 kB]
Get:160 http://archive.ubuntu.com/ubuntu noble-updates/main amd64 libcurl4t64 amd64 8.5.0-2ubuntu10.15 [343 kB]
Get:161 http://archive.ubuntu.com/ubuntu noble-updates/main amd64 curl amd64 8.5.0-2ubuntu10.15 [227 kB]
Get:162 http://archive.ubuntu.com/ubuntu noble-updates/main amd64 libdconf1 amd64 0.40.0-4ubuntu0.1 [39.6 kB]
Get:163 http://archive.ubuntu.com/ubuntu noble-updates/main amd64 dconf-service amd64 0.40.0-4ubuntu0.1 [27.6 kB]
Get:164 http://archive.ubuntu.com/ubuntu noble-updates/main amd64 dconf-gsettings-backend amd64 0.40.0-4ubuntu0.1 [22.1 kB]
Get:165 http://archive.ubuntu.com/ubuntu noble/main amd64 emacsen-common all 3.0.5 [12.1 kB]
Get:166 http://archive.ubuntu.com/ubuntu noble/main amd64 dictionaries-common all 1.29.7 [188 kB]
Get:167 http://archive.ubuntu.com/ubuntu noble-updates/main amd64 libfreetype6 amd64 2.13.2+dfsg-1ubuntu0.1 [402 kB]
Get:168 http://archive.ubuntu.com/ubuntu noble/main amd64 fonts-dejavu-mono all 2.37-8 [502 kB]
Get:169 http://archive.ubuntu.com/ubuntu noble/main amd64 fonts-dejavu-core all 2.37-8 [835 kB]
Get:170 http://archive.ubuntu.com/ubuntu noble/main amd64 fontconfig-config amd64 2.15.0-1.1ubuntu2 [37.3 kB]
Get:171 http://archive.ubuntu.com/ubuntu noble/main amd64 libfontconfig1 amd64 2.15.0-1.1ubuntu2 [139 kB]
Get:172 http://archive.ubuntu.com/ubuntu noble/main amd64 fontconfig amd64 2.15.0-1.1ubuntu2 [180 kB]
Get:173 http://archive.ubuntu.com/ubuntu noble/main amd64 libatk1.0-0t64 amd64 2.52.0-1build1 [55.3 kB]
Get:174 http://archive.ubuntu.com/ubuntu noble/main amd64 gir1.2-atk-1.0 amd64 2.52.0-1build1 [23.1 kB]
Get:175 http://archive.ubuntu.com/ubuntu noble/main amd64 libpixman-1-0 amd64 0.42.2-1build1 [279 kB]
Get:176 http://archive.ubuntu.com/ubuntu noble/main amd64 libxcb-render0 amd64 1.15-1ubuntu2 [16.2 kB]
Get:177 http://archive.ubuntu.com/ubuntu noble/main amd64 libxcb-shm0 amd64 1.15-1ubuntu2 [5756 B]
Get:178 http://archive.ubuntu.com/ubuntu noble/main amd64 libxrender1 amd64 1:0.9.10-1.1build1 [19.0 kB]
Get:179 http://archive.ubuntu.com/ubuntu noble/main amd64 libcairo2 amd64 1.18.0-3build1 [566 kB]
Get:180 http://archive.ubuntu.com/ubuntu noble/main amd64 libcairo-gobject2 amd64 1.18.0-3build1 [127 kB]
Get:181 http://archive.ubuntu.com/ubuntu noble/main amd64 gir1.2-freedesktop amd64 1.80.1-1 [49.7 kB]
Get:182 http://archive.ubuntu.com/ubuntu noble/main amd64 libxi6 amd64 2:1.8.1-1build1 [32.4 kB]
Get:183 http://archive.ubuntu.com/ubuntu noble/main amd64 libatspi2.0-0t64 amd64 2.52.0-1build1 [80.5 kB]
Get:184 http://archive.ubuntu.com/ubuntu noble/main amd64 gir1.2-atspi-2.0 amd64 2.52.0-1build1 [19.8 kB]
Get:185 http://archive.ubuntu.com/ubuntu noble-updates/main amd64 gir1.2-gdkpixbuf-2.0 amd64 2.42.10+dfsg-3ubuntu3.3 [9482 B]
Get:186 http://archive.ubuntu.com/ubuntu noble-updates/main amd64 libgraphite2-3 amd64 1.3.14-2ubuntu0.24.04.1 [73.4 kB]
Get:187 http://archive.ubuntu.com/ubuntu noble/main amd64 libharfbuzz0b amd64 8.3.0-2build2 [469 kB]
Get:188 http://archive.ubuntu.com/ubuntu noble/main amd64 libharfbuzz-gobject0 amd64 8.3.0-2build2 [34.3 kB]
Get:189 http://archive.ubuntu.com/ubuntu noble/main amd64 gir1.2-harfbuzz-0.0 amd64 8.3.0-2build2 [44.5 kB]
Get:190 http://archive.ubuntu.com/ubuntu noble/main amd64 libthai-data all 0.1.29-2build1 [158 kB]
Get:191 http://archive.ubuntu.com/ubuntu noble/main amd64 libdatrie1 amd64 0.2.13-3build1 [19.0 kB]
Get:192 http://archive.ubuntu.com/ubuntu noble/main amd64 libthai0 amd64 0.1.29-2build1 [18.9 kB]
Get:193 http://archive.ubuntu.com/ubuntu noble/main amd64 libpango-1.0-0 amd64 1.52.1+ds-1build1 [231 kB]
Get:194 http://archive.ubuntu.com/ubuntu noble/main amd64 libpangoft2-1.0-0 amd64 1.52.1+ds-1build1 [42.5 kB]
Get:195 http://archive.ubuntu.com/ubuntu noble/main amd64 libpangocairo-1.0-0 amd64 1.52.1+ds-1build1 [28.8 kB]
Get:196 http://archive.ubuntu.com/ubuntu noble/main amd64 libxft2 amd64 2.3.6-1build1 [45.3 kB]
Get:197 http://archive.ubuntu.com/ubuntu noble/main amd64 libpangoxft-1.0-0 amd64 1.52.1+ds-1build1 [20.3 kB]
Get:198 http://archive.ubuntu.com/ubuntu noble/main amd64 gir1.2-pango-1.0 amd64 1.52.1+ds-1build1 [34.8 kB]
Get:199 http://archive.ubuntu.com/ubuntu noble/main amd64 libatk-bridge2.0-0t64 amd64 2.52.0-1build1 [66.0 kB]
Get:200 http://archive.ubuntu.com/ubuntu noble-updates/main amd64 liblcms2-2 amd64 2.14-2ubuntu0.1 [161 kB]
Get:201 http://archive.ubuntu.com/ubuntu noble/main amd64 libcolord2 amd64 1.4.7-1build2 [149 kB]
Get:202 http://archive.ubuntu.com/ubuntu noble-updates/main amd64 libavahi-common-data amd64 0.8-13ubuntu6.2 [30.1 kB]
Get:203 http://archive.ubuntu.com/ubuntu noble-updates/main amd64 libavahi-common3 amd64 0.8-13ubuntu6.2 [23.4 kB]
Get:204 http://archive.ubuntu.com/ubuntu noble-updates/main amd64 libavahi-client3 amd64 0.8-13ubuntu6.2 [26.8 kB]
Get:205 http://archive.ubuntu.com/ubuntu noble-updates/main amd64 libcups2t64 amd64 2.4.7-1.2ubuntu7.14 [274 kB]
Get:206 http://archive.ubuntu.com/ubuntu noble/main amd64 libepoxy0 amd64 1.5.10-1build1 [220 kB]
Get:207 http://archive.ubuntu.com/ubuntu noble/main amd64 libwayland-client0 amd64 1.22.0-2.1build1 [26.4 kB]
Get:208 http://archive.ubuntu.com/ubuntu noble/main amd64 libwayland-cursor0 amd64 1.22.0-2.1build1 [10.4 kB]
Get:209 http://archive.ubuntu.com/ubuntu noble/main amd64 libwayland-egl1 amd64 1.22.0-2.1build1 [5628 B]
Get:210 http://archive.ubuntu.com/ubuntu noble/main amd64 libxcomposite1 amd64 1:0.4.5-1build3 [6320 B]
Get:211 http://archive.ubuntu.com/ubuntu noble/main amd64 libxfixes3 amd64 1:6.0.0-2build1 [10.8 kB]
Get:212 http://archive.ubuntu.com/ubuntu noble/main amd64 libxcursor1 amd64 1:1.2.1-1build1 [20.7 kB]
Get:213 http://archive.ubuntu.com/ubuntu noble/main amd64 libxdamage1 amd64 1:1.1.6-1build1 [6150 B]
Get:214 http://archive.ubuntu.com/ubuntu noble/main amd64 libxinerama1 amd64 2:1.1.4-3build1 [6396 B]
Get:215 http://archive.ubuntu.com/ubuntu noble/main amd64 libxrandr2 amd64 2:1.5.2-2build1 [19.7 kB]
Get:216 http://archive.ubuntu.com/ubuntu noble-updates/main amd64 libgtk-3-common all 3.24.41-4ubuntu1.3 [1426 kB]
Get:217 http://archive.ubuntu.com/ubuntu noble-updates/main amd64 libgtk-3-0t64 amd64 3.24.41-4ubuntu1.3 [2913 kB]
Get:218 http://archive.ubuntu.com/ubuntu noble-updates/main amd64 gir1.2-gtk-3.0 amd64 3.24.41-4ubuntu1.3 [245 kB]
Get:219 http://archive.ubuntu.com/ubuntu noble/main amd64 libayatana-ido3-0.4-0 amd64 0.10.1-1build2 [56.6 kB]
Get:220 http://archive.ubuntu.com/ubuntu noble/main amd64 libayatana-indicator3-7 amd64 0.9.4-1build1 [31.7 kB]
Get:221 http://archive.ubuntu.com/ubuntu noble/main amd64 libdbusmenu-glib4 amd64 18.10.20180917~bzr492+repack1-3.1ubuntu5 [43.0 kB]
Get:222 http://archive.ubuntu.com/ubuntu noble/main amd64 libdbusmenu-gtk3-4 amd64 18.10.20180917~bzr492+repack1-3.1ubuntu5 [27.6 kB]
Get:223 http://archive.ubuntu.com/ubuntu noble/main amd64 libayatana-appindicator3-1 amd64 0.5.93-1build3 [24.7 kB]
Get:224 http://archive.ubuntu.com/ubuntu noble/main amd64 gir1.2-ayatanaappindicator3-0.1 amd64 0.5.93-1build3 [5838 B]
Get:225 http://archive.ubuntu.com/ubuntu noble/main amd64 gir1.2-ayatanaido3-0.4 amd64 0.10.1-1build2 [6410 B]
Get:226 http://archive.ubuntu.com/ubuntu noble/main amd64 gir1.2-dbusmenu-glib-0.4 amd64 18.10.20180917~bzr492+repack1-3.1ubuntu5 [7088 B]
Get:227 http://archive.ubuntu.com/ubuntu noble-updates/main amd64 gir1.2-glib-2.0-dev amd64 2.80.0-6ubuntu3.9 [848 kB]
Get:228 http://archive.ubuntu.com/ubuntu noble/main amd64 gir1.2-freedesktop-dev amd64 1.80.1-1 [28.8 kB]
Get:229 http://archive.ubuntu.com/ubuntu noble/main amd64 gir1.2-girepository-2.0-dev amd64 1.80.1-1 [41.5 kB]
Get:230 http://archive.ubuntu.com/ubuntu noble-updates/main amd64 libjavascriptcoregtk-4.1-0 amd64 2.52.6-0ubuntu0.24.04.1 [8156 kB]
Get:231 http://archive.ubuntu.com/ubuntu noble-updates/main amd64 gir1.2-javascriptcoregtk-4.1 amd64 2.52.6-0ubuntu0.24.04.1 [38.6 kB]
Get:232 http://archive.ubuntu.com/ubuntu noble/main amd64 librsvg2-2 amd64 2.58.0+dfsg-1build1 [2135 kB]
Get:233 http://archive.ubuntu.com/ubuntu noble/main amd64 gir1.2-rsvg-2.0 amd64 2.58.0+dfsg-1build1 [11.1 kB]
Get:234 http://archive.ubuntu.com/ubuntu noble-updates/main amd64 libcurl3t64-gnutls amd64 8.5.0-2ubuntu10.15 [336 kB]
Get:235 http://archive.ubuntu.com/ubuntu noble/main amd64 libduktape207 amd64 2.7.0+tests-0ubuntu3 [143 kB]
Get:236 http://archive.ubuntu.com/ubuntu noble/main amd64 libproxy1v5 amd64 0.5.4-4build1 [26.5 kB]
Get:237 http://archive.ubuntu.com/ubuntu noble/main amd64 glib-networking-common all 2.80.0-1build1 [6702 B]
Get:238 http://archive.ubuntu.com/ubuntu noble/main amd64 glib-networking-services amd64 2.80.0-1build1 [12.8 kB]
Get:239 http://archive.ubuntu.com/ubuntu noble/main amd64 session-migration amd64 0.3.9build1 [9034 B]
Get:240 http://archive.ubuntu.com/ubuntu noble-updates/main amd64 gsettings-desktop-schemas all 46.1-0ubuntu1 [35.6 kB]
Get:241 http://archive.ubuntu.com/ubuntu noble/main amd64 glib-networking amd64 2.80.0-1build1 [64.1 kB]
Get:242 http://archive.ubuntu.com/ubuntu noble-updates/main amd64 libsoup-3.0-common all 3.4.4-5ubuntu0.8 [11.7 kB]
Get:243 http://archive.ubuntu.com/ubuntu noble-updates/main amd64 libsoup-3.0-0 amd64 3.4.4-5ubuntu0.8 [290 kB]
Get:244 http://archive.ubuntu.com/ubuntu noble-updates/main amd64 gir1.2-soup-3.0 amd64 3.4.4-5ubuntu0.8 [22.5 kB]
Get:245 http://archive.ubuntu.com/ubuntu noble/main amd64 libcdparanoia0 amd64 3.10.2+debian-14build3 [48.5 kB]
Get:246 http://archive.ubuntu.com/ubuntu noble-updates/main amd64 libdw1t64 amd64 0.190-1.1ubuntu0.1 [261 kB]
Get:247 http://archive.ubuntu.com/ubuntu noble-updates/main amd64 libunwind8 amd64 1.6.2-3build1.1 [55.3 kB]
Get:248 http://archive.ubuntu.com/ubuntu noble-updates/main amd64 libgstreamer1.0-0 amd64 1.24.2-1ubuntu0.1 [1165 kB]
Get:249 http://archive.ubuntu.com/ubuntu noble-updates/main amd64 liborc-0.4-0t64 amd64 1:0.4.38-1ubuntu0.1 [207 kB]
Get:250 http://archive.ubuntu.com/ubuntu noble-updates/main amd64 libgstreamer-plugins-base1.0-0 amd64 1.24.2-1ubuntu0.5 [862 kB]
Get:251 http://archive.ubuntu.com/ubuntu noble/main amd64 libogg0 amd64 1.3.5-3build1 [22.7 kB]
Get:252 http://archive.ubuntu.com/ubuntu noble/main amd64 libopus0 amd64 1.4-1build1 [208 kB]
Get:253 http://archive.ubuntu.com/ubuntu noble/main amd64 libtheora0 amd64 1.1.1+dfsg.1-16.1build3 [211 kB]
Get:254 http://archive.ubuntu.com/ubuntu noble/main amd64 libvisual-0.4-0 amd64 0.4.2-2build1 [115 kB]
Get:255 http://archive.ubuntu.com/ubuntu noble/main amd64 libvorbis0a amd64 1.3.7-1build3 [97.6 kB]
Get:256 http://archive.ubuntu.com/ubuntu noble/main amd64 libvorbisenc2 amd64 1.3.7-1build3 [80.8 kB]
Get:257 http://archive.ubuntu.com/ubuntu noble-updates/main amd64 gstreamer1.0-plugins-base amd64 1.24.2-1ubuntu0.5 [721 kB]
Get:258 http://archive.ubuntu.com/ubuntu noble/main amd64 libaa1 amd64 1.4p5-51.1 [49.9 kB]
Get:259 http://archive.ubuntu.com/ubuntu noble/main amd64 libraw1394-11 amd64 2.1.2-2build3 [26.2 kB]
Get:260 http://archive.ubuntu.com/ubuntu noble/main amd64 libavc1394-0 amd64 0.5.4-5build3 [15.4 kB]
Get:261 http://archive.ubuntu.com/ubuntu noble-updates/main amd64 libcaca0 amd64 0.99.beta20-4ubuntu0.2 [209 kB]
Get:262 http://archive.ubuntu.com/ubuntu noble/main amd64 libdv4t64 amd64 1.0.0-17.1build1 [63.2 kB]
Get:263 http://archive.ubuntu.com/ubuntu noble/main amd64 libflac12t64 amd64 1.4.3+ds-2.1ubuntu2 [197 kB]
Get:264 http://archive.ubuntu.com/ubuntu noble-updates/main amd64 libgstreamer-plugins-good1.0-0 amd64 1.24.2-1ubuntu1.7 [34.0 kB]
Get:265 http://archive.ubuntu.com/ubuntu noble/main amd64 libgudev-1.0-0 amd64 1:238-5ubuntu1 [15.9 kB]
Get:266 http://archive.ubuntu.com/ubuntu noble/main amd64 libiec61883-0 amd64 1.2.0-6build1 [24.5 kB]
Get:267 http://archive.ubuntu.com/ubuntu noble/main amd64 libmp3lame0 amd64 3.100-6build1 [142 kB]
Get:268 http://archive.ubuntu.com/ubuntu noble-updates/main amd64 libmpg123-0t64 amd64 1.32.5-1ubuntu1.1 [169 kB]
Get:269 http://archive.ubuntu.com/ubuntu noble/main amd64 libasyncns0 amd64 0.8-6build4 [11.3 kB]
Get:270 http://archive.ubuntu.com/ubuntu noble-updates/main amd64 libsndfile1 amd64 1.2.2-1ubuntu5.24.04.1 [209 kB]
Get:271 http://archive.ubuntu.com/ubuntu noble/main amd64 libx11-xcb1 amd64 2:1.8.7-1build1 [7800 B]
Get:272 http://archive.ubuntu.com/ubuntu noble-updates/main amd64 libpulse0 amd64 1:16.1+dfsg1-2ubuntu10.1 [292 kB]
Get:273 http://archive.ubuntu.com/ubuntu noble-updates/main amd64 libspeex1 amd64 1.2.1-2ubuntu2.24.04.1 [59.6 kB]
Get:274 http://archive.ubuntu.com/ubuntu noble/main amd64 libshout3 amd64 2.4.6-1build2 [50.3 kB]
Get:275 http://archive.ubuntu.com/ubuntu noble/main amd64 libtag1v5-vanilla amd64 1.13.1-1build1 [326 kB]
Get:276 http://archive.ubuntu.com/ubuntu noble/main amd64 libtag1v5 amd64 1.13.1-1build1 [11.7 kB]
Get:277 http://archive.ubuntu.com/ubuntu noble/main amd64 libtwolame0 amd64 0.4.0-2build3 [52.3 kB]
Get:278 http://archive.ubuntu.com/ubuntu noble/main amd64 libv4lconvert0t64 amd64 1.26.1-4build3 [87.6 kB]
Get:279 http://archive.ubuntu.com/ubuntu noble/main amd64 libv4l-0t64 amd64 1.26.1-4build3 [46.9 kB]
Get:280 http://archive.ubuntu.com/ubuntu noble-updates/main amd64 libvpx9 amd64 1.14.0-1ubuntu2.3 [1143 kB]
Get:281 http://archive.ubuntu.com/ubuntu noble/main amd64 libwavpack1 amd64 5.6.0-1build1 [84.6 kB]
Get:282 http://archive.ubuntu.com/ubuntu noble/main amd64 x11-common all 1:7.7+23ubuntu3 [21.7 kB]
Get:283 http://archive.ubuntu.com/ubuntu noble/main amd64 libxtst6 amd64 2:1.2.3-1.1build1 [12.6 kB]
Get:284 http://archive.ubuntu.com/ubuntu noble-updates/main amd64 gstreamer1.0-plugins-good amd64 1.24.2-1ubuntu1.7 [2237 kB]
Get:285 http://archive.ubuntu.com/ubuntu noble/main amd64 libglvnd0 amd64 1.7.0-1build1 [69.6 kB]
Get:286 http://archive.ubuntu.com/ubuntu noble/main amd64 libgles2 amd64 1.7.0-1build1 [17.1 kB]
Get:287 http://archive.ubuntu.com/ubuntu noble-updates/main amd64 xdg-dbus-proxy amd64 0.1.5-1ubuntu0.2 [26.4 kB]
Get:288 http://archive.ubuntu.com/ubuntu noble/main amd64 hunspell-en-us all 1:2020.12.07-2 [280 kB]
Get:289 http://archive.ubuntu.com/ubuntu noble/main amd64 libaspell15 amd64 0.60.8.1-1build1 [323 kB]
Get:290 http://archive.ubuntu.com/ubuntu noble/main amd64 libhunspell-1.7-0 amd64 1.7.2+really1.7.2-10build3 [294 kB]
Get:291 http://archive.ubuntu.com/ubuntu noble/main amd64 libenchant-2-2 amd64 2.3.3-2build2 [51.4 kB]
Get:292 http://archive.ubuntu.com/ubuntu noble-updates/main amd64 libdrm-amdgpu1 amd64 2.4.125-1ubuntu0.1~24.04.2 [21.4 kB]
Get:293 http://archive.ubuntu.com/ubuntu noble-updates/main amd64 libpciaccess0 amd64 0.17-3ubuntu0.24.04.3 [19.2 kB]
Get:294 http://archive.ubuntu.com/ubuntu noble-updates/main amd64 libdrm-intel1 amd64 2.4.125-1ubuntu0.1~24.04.2 [63.9 kB]
Get:295 http://archive.ubuntu.com/ubuntu noble-updates/main amd64 libllvm20 amd64 1:20.1.2-0ubuntu1~24.04.3 [30.6 MB]
Get:296 http://archive.ubuntu.com/ubuntu noble/main amd64 libxcb-dri3-0 amd64 1.15-1ubuntu2 [7142 B]
Get:297 http://archive.ubuntu.com/ubuntu noble/main amd64 libxcb-present0 amd64 1.15-1ubuntu2 [5676 B]
Get:298 http://archive.ubuntu.com/ubuntu noble/main amd64 libxcb-randr0 amd64 1.15-1ubuntu2 [17.9 kB]
Get:299 http://archive.ubuntu.com/ubuntu noble/main amd64 libxcb-sync1 amd64 1.15-1ubuntu2 [9312 B]
Get:300 http://archive.ubuntu.com/ubuntu noble/main amd64 libxcb-xfixes0 amd64 1.15-1ubuntu2 [10.2 kB]
Get:301 http://archive.ubuntu.com/ubuntu noble/main amd64 libxshmfence1 amd64 1.3-1build5 [4764 B]
Get:302 http://archive.ubuntu.com/ubuntu noble-updates/main amd64 mesa-libgallium amd64 25.2.8-0ubuntu0.24.04.2 [10.8 MB]
Get:303 http://archive.ubuntu.com/ubuntu noble-updates/main amd64 libgbm1 amd64 25.2.8-0ubuntu0.24.04.2 [34.2 kB]
Get:304 http://archive.ubuntu.com/ubuntu noble-updates/main amd64 libegl-mesa0 amd64 25.2.8-0ubuntu0.24.04.2 [117 kB]
Get:305 http://archive.ubuntu.com/ubuntu noble/main amd64 libegl1 amd64 1.7.0-1build1 [28.7 kB]
Get:306 http://archive.ubuntu.com/ubuntu noble/main amd64 libxcb-glx0 amd64 1.15-1ubuntu2 [24.8 kB]
Get:307 http://archive.ubuntu.com/ubuntu noble/main amd64 libxxf86vm1 amd64 1:1.1.4-1build4 [9282 B]
Get:308 http://archive.ubuntu.com/ubuntu noble/main amd64 libvulkan1 amd64 1.3.275.0-1build1 [142 kB]
Get:309 http://archive.ubuntu.com/ubuntu noble-updates/main amd64 libgl1-mesa-dri amd64 25.2.8-0ubuntu0.24.04.2 [37.9 kB]
Get:310 http://archive.ubuntu.com/ubuntu noble-updates/main amd64 libglx-mesa0 amd64 25.2.8-0ubuntu0.24.04.2 [110 kB]
Get:311 http://archive.ubuntu.com/ubuntu noble/main amd64 libglx0 amd64 1.7.0-1build1 [38.6 kB]
Get:312 http://archive.ubuntu.com/ubuntu noble/main amd64 libgl1 amd64 1.7.0-1build1 [102 kB]
Get:313 http://archive.ubuntu.com/ubuntu noble-updates/main amd64 libgstreamer-gl1.0-0 amd64 1.24.2-1ubuntu0.5 [214 kB]
Get:314 http://archive.ubuntu.com/ubuntu noble/main amd64 libharfbuzz-icu0 amd64 8.3.0-2build2 [13.3 kB]
Get:315 http://archive.ubuntu.com/ubuntu noble/main amd64 libhyphen0 amd64 2.8.8-7build3 [26.5 kB]
Get:316 http://archive.ubuntu.com/ubuntu noble/main amd64 libmanette-0.2-0 amd64 0.2.7-1build2 [30.6 kB]
Get:317 http://archive.ubuntu.com/ubuntu noble/main amd64 libsecret-common all 0.21.4-1build3 [4962 B]
Get:318 http://archive.ubuntu.com/ubuntu noble/main amd64 libsecret-1-0 amd64 0.21.4-1build3 [116 kB]
Get:319 http://archive.ubuntu.com/ubuntu noble/main amd64 libwayland-server0 amd64 1.22.0-2.1build1 [33.9 kB]
Get:320 http://archive.ubuntu.com/ubuntu noble/main amd64 libwebpdemux2 amd64 1.3.2-0.4build3 [12.4 kB]
Get:321 http://archive.ubuntu.com/ubuntu noble/main amd64 libwebpmux3 amd64 1.3.2-0.4build3 [25.7 kB]
Get:322 http://archive.ubuntu.com/ubuntu noble-updates/main amd64 libxslt1.1 amd64 1.1.39-0exp1ubuntu0.24.04.3 [168 kB]
Get:323 http://archive.ubuntu.com/ubuntu noble-updates/main amd64 libwebkit2gtk-4.1-0 amd64 2.52.6-0ubuntu0.24.04.1 [25.5 MB]
Get:324 http://archive.ubuntu.com/ubuntu noble-updates/main amd64 gir1.2-webkit2-4.1 amd64 2.52.6-0ubuntu0.24.04.1 [105 kB]
Get:325 http://archive.ubuntu.com/ubuntu noble/main amd64 python3-markupsafe amd64 2.1.5-1build2 [12.7 kB]
Get:326 http://archive.ubuntu.com/ubuntu noble-updates/main amd64 python3-mako all 1.3.2-1ubuntu0.1 [63.4 kB]
Get:327 http://archive.ubuntu.com/ubuntu noble/main amd64 python3-markdown all 3.5.2-1 [72.0 kB]
Get:328 http://archive.ubuntu.com/ubuntu noble-updates/main amd64 python3-setuptools all 68.1.2-2ubuntu1.2 [397 kB]
Get:329 http://archive.ubuntu.com/ubuntu noble/main amd64 gobject-introspection-bin amd64 1.80.1-1 [254 kB]
Get:330 http://archive.ubuntu.com/ubuntu noble/main amd64 libffi-dev amd64 3.4.6-1build1 [62.8 kB]
Get:331 http://archive.ubuntu.com/ubuntu noble-updates/main amd64 libglib2.0-bin amd64 2.80.0-6ubuntu3.9 [97.9 kB]
Get:332 http://archive.ubuntu.com/ubuntu noble/main amd64 python3-packaging all 24.0-1 [41.1 kB]
Get:333 http://archive.ubuntu.com/ubuntu noble-updates/main amd64 libglib2.0-dev-bin amd64 2.80.0-6ubuntu3.9 [138 kB]
Get:334 http://archive.ubuntu.com/ubuntu noble-updates/main amd64 uuid-dev amd64 2.39.3-9ubuntu6.6 [33.5 kB]
Get:335 http://archive.ubuntu.com/ubuntu noble-updates/main amd64 libblkid-dev amd64 2.39.3-9ubuntu6.6 [205 kB]
Get:336 http://archive.ubuntu.com/ubuntu noble/main amd64 libsepol-dev amd64 3.5-2build1 [384 kB]
Get:337 http://archive.ubuntu.com/ubuntu noble-updates/main amd64 libpcre2-16-0 amd64 10.42-4ubuntu2.1 [210 kB]
Get:338 http://archive.ubuntu.com/ubuntu noble-updates/main amd64 libpcre2-32-0 amd64 10.42-4ubuntu2.1 [197 kB]
Get:339 http://archive.ubuntu.com/ubuntu noble-updates/main amd64 libpcre2-posix3 amd64 10.42-4ubuntu2.1 [6748 B]
Get:340 http://archive.ubuntu.com/ubuntu noble-updates/main amd64 libpcre2-dev amd64 10.42-4ubuntu2.1 [736 kB]
Get:341 http://archive.ubuntu.com/ubuntu noble-updates/main amd64 libselinux1-dev amd64 3.5-2ubuntu2.1 [164 kB]
Get:342 http://archive.ubuntu.com/ubuntu noble-updates/main amd64 libmount-dev amd64 2.39.3-9ubuntu6.6 [14.9 kB]
Get:343 http://archive.ubuntu.com/ubuntu noble/main amd64 libpkgconf3 amd64 1.8.1-2build1 [30.7 kB]
Get:344 http://archive.ubuntu.com/ubuntu noble/main amd64 pkgconf-bin amd64 1.8.1-2build1 [20.7 kB]
Get:345 http://archive.ubuntu.com/ubuntu noble/main amd64 pkgconf amd64 1.8.1-2build1 [16.8 kB]
Get:346 http://archive.ubuntu.com/ubuntu noble-updates/main amd64 zlib1g-dev amd64 1:1.3.dfsg-3.1ubuntu2.2 [894 kB]
Get:347 http://archive.ubuntu.com/ubuntu noble-updates/main amd64 libgirepository-2.0-0 amd64 2.80.0-6ubuntu3.9 [73.5 kB]
Get:348 http://archive.ubuntu.com/ubuntu noble-updates/main amd64 libglib2.0-dev amd64 2.80.0-6ubuntu3.9 [1860 kB]
Get:349 http://archive.ubuntu.com/ubuntu noble/main amd64 gobject-introspection amd64 1.80.1-1 [105 kB]
Get:350 http://archive.ubuntu.com/ubuntu noble-updates/main amd64 icu-devtools amd64 74.2-1ubuntu3.1 [212 kB]
Get:351 http://archive.ubuntu.com/ubuntu noble/main amd64 libatk1.0-dev amd64 2.52.0-1build1 [100 kB]
Get:352 http://archive.ubuntu.com/ubuntu noble/main amd64 xml-core all 0.19 [20.3 kB]
Get:353 http://archive.ubuntu.com/ubuntu noble-updates/main amd64 libdbus-1-dev amd64 1.14.10-4ubuntu4.1 [190 kB]
Get:354 http://archive.ubuntu.com/ubuntu noble/main amd64 xorg-sgml-doctools all 1:1.11-1.1 [10.9 kB]
Get:355 http://archive.ubuntu.com/ubuntu noble/main amd64 x11proto-dev all 2023.2-1 [602 kB]
Get:356 http://archive.ubuntu.com/ubuntu noble/main amd64 libxau-dev amd64 1:1.0.9-1build6 [9570 B]
Get:357 http://archive.ubuntu.com/ubuntu noble/main amd64 libxdmcp-dev amd64 1:1.1.3-0ubuntu6 [26.5 kB]
Get:358 http://archive.ubuntu.com/ubuntu noble/main amd64 xtrans-dev all 1.4.0-1 [68.9 kB]
Get:359 http://archive.ubuntu.com/ubuntu noble/main amd64 libpthread-stubs0-dev amd64 0.4-1build3 [4746 B]
Get:360 http://archive.ubuntu.com/ubuntu noble/main amd64 libxcb1-dev amd64 1.15-1ubuntu2 [85.8 kB]
Get:361 http://archive.ubuntu.com/ubuntu noble/main amd64 libx11-dev amd64 2:1.8.7-1build1 [732 kB]
Get:362 http://archive.ubuntu.com/ubuntu noble/main amd64 libxext-dev amd64 2:1.3.4-1build2 [83.5 kB]
Get:363 http://archive.ubuntu.com/ubuntu noble/main amd64 libxfixes-dev amd64 1:6.0.0-2build1 [12.1 kB]
Get:364 http://archive.ubuntu.com/ubuntu noble/main amd64 libxi-dev amd64 2:1.8.1-1build1 [194 kB]
Get:365 http://archive.ubuntu.com/ubuntu noble/main amd64 libxtst-dev amd64 2:1.2.3-1.1build1 [15.9 kB]
Get:366 http://archive.ubuntu.com/ubuntu noble/main amd64 libatspi2.0-dev amd64 2.52.0-1build1 [76.2 kB]
Get:367 http://archive.ubuntu.com/ubuntu noble/main amd64 libatk-bridge2.0-dev amd64 2.52.0-1build1 [4284 B]
Get:368 http://archive.ubuntu.com/ubuntu noble/main amd64 liblzo2-2 amd64 2.10-2build4 [54.1 kB]
Get:369 http://archive.ubuntu.com/ubuntu noble/main amd64 libcairo-script-interpreter2 amd64 1.18.0-3build1 [60.3 kB]
Get:370 http://archive.ubuntu.com/ubuntu noble-updates/main amd64 libexpat1-dev amd64 2.6.1-2ubuntu0.6 [147 kB]
Get:371 http://archive.ubuntu.com/ubuntu noble/main amd64 libbrotli-dev amd64 1.1.0-2build2 [353 kB]
Get:372 http://archive.ubuntu.com/ubuntu noble-updates/main amd64 libbz2-dev amd64 1.0.8-5.1ubuntu0.1 [33.6 kB]
Get:373 http://archive.ubuntu.com/ubuntu noble-updates/main amd64 libpng-dev amd64 1.6.43-5ubuntu0.6 [265 kB]
Get:374 http://archive.ubuntu.com/ubuntu noble-updates/main amd64 libfreetype-dev amd64 2.13.2+dfsg-1ubuntu0.1 [575 kB]
Get:375 http://archive.ubuntu.com/ubuntu noble/main amd64 libfontconfig-dev amd64 2.15.0-1.1ubuntu2 [161 kB]
Get:376 http://archive.ubuntu.com/ubuntu noble/main amd64 libpixman-1-dev amd64 0.42.2-1build1 [296 kB]
Get:377 http://archive.ubuntu.com/ubuntu noble/main amd64 libice6 amd64 2:1.0.10-1build3 [41.4 kB]
Get:378 http://archive.ubuntu.com/ubuntu noble/main amd64 libsm6 amd64 2:1.2.3-1build3 [15.7 kB]
Get:379 http://archive.ubuntu.com/ubuntu noble/main amd64 libice-dev amd64 2:1.0.10-1build3 [51.0 kB]
Get:380 http://archive.ubuntu.com/ubuntu noble/main amd64 libsm-dev amd64 2:1.2.3-1build3 [17.8 kB]
Get:381 http://archive.ubuntu.com/ubuntu noble/main amd64 libxcb-render0-dev amd64 1.15-1ubuntu2 [19.6 kB]
Get:382 http://archive.ubuntu.com/ubuntu noble/main amd64 libxcb-shm0-dev amd64 1.15-1ubuntu2 [8246 B]
Get:383 http://archive.ubuntu.com/ubuntu noble/main amd64 libxrender-dev amd64 1:0.9.10-1.1build1 [26.3 kB]
Get:384 http://archive.ubuntu.com/ubuntu noble/main amd64 libcairo2-dev amd64 1.18.0-3build1 [41.1 kB]
Get:385 http://archive.ubuntu.com/ubuntu noble/main amd64 libglx-dev amd64 1.7.0-1build1 [14.2 kB]
Get:386 http://archive.ubuntu.com/ubuntu noble/main amd64 libgl-dev amd64 1.7.0-1build1 [102 kB]
Get:387 http://archive.ubuntu.com/ubuntu noble/main amd64 libegl-dev amd64 1.7.0-1build1 [18.2 kB]
Get:388 http://archive.ubuntu.com/ubuntu noble/main amd64 libglvnd-core-dev amd64 1.7.0-1build1 [13.6 kB]
Get:389 http://archive.ubuntu.com/ubuntu noble/main amd64 libgles1 amd64 1.7.0-1build1 [11.6 kB]
Get:390 http://archive.ubuntu.com/ubuntu noble/main amd64 libgles-dev amd64 1.7.0-1build1 [50.5 kB]
Get:391 http://archive.ubuntu.com/ubuntu noble/main amd64 libopengl0 amd64 1.7.0-1build1 [32.8 kB]
Get:392 http://archive.ubuntu.com/ubuntu noble/main amd64 libopengl-dev amd64 1.7.0-1build1 [3454 B]
Get:393 http://archive.ubuntu.com/ubuntu noble/main amd64 libglvnd-dev amd64 1.7.0-1build1 [3198 B]
Get:394 http://archive.ubuntu.com/ubuntu noble-updates/main amd64 libegl1-mesa-dev amd64 25.2.8-0ubuntu0.24.04.2 [26.7 kB]
Get:395 http://archive.ubuntu.com/ubuntu noble/main amd64 libepoxy-dev amd64 1.5.10-1build1 [132 kB]
Get:396 http://archive.ubuntu.com/ubuntu noble/main amd64 libfribidi-dev amd64 1.0.13-3build1 [64.8 kB]
Get:397 http://archive.ubuntu.com/ubuntu noble-updates/main amd64 libgdk-pixbuf2.0-bin amd64 2.42.10+dfsg-3ubuntu3.3 [13.9 kB]
Get:398 http://archive.ubuntu.com/ubuntu noble/main amd64 libjpeg-turbo8-dev amd64 2.1.5-2ubuntu2 [295 kB]
Get:399 http://archive.ubuntu.com/ubuntu noble/main amd64 libjpeg8-dev amd64 8c-2ubuntu11 [1484 B]
Get:400 http://archive.ubuntu.com/ubuntu noble/main amd64 libjpeg-dev amd64 8c-2ubuntu11 [1482 B]
Get:401 http://archive.ubuntu.com/ubuntu noble/main amd64 libjbig-dev amd64 2.1-6.1ubuntu2 [27.9 kB]
Get:402 http://archive.ubuntu.com/ubuntu noble-updates/main amd64 liblzma-dev amd64 5.6.1+really5.4.5-1ubuntu0.3 [176 kB]
Get:403 http://archive.ubuntu.com/ubuntu noble-updates/main amd64 libzstd-dev amd64 1.5.5+dfsg2-2build1.1 [364 kB]
Get:404 http://archive.ubuntu.com/ubuntu noble/main amd64 libwebpdecoder3 amd64 1.3.2-0.4build3 [114 kB]
Get:405 http://archive.ubuntu.com/ubuntu noble/main amd64 libsharpyuv-dev amd64 1.3.2-0.4build3 [16.0 kB]
Get:406 http://archive.ubuntu.com/ubuntu noble/main amd64 libwebp-dev amd64 1.3.2-0.4build3 [367 kB]
Get:407 http://archive.ubuntu.com/ubuntu noble-updates/main amd64 libtiffxx6 amd64 4.5.1+git230720-4ubuntu2.5 [5642 B]
Get:408 http://archive.ubuntu.com/ubuntu noble-updates/main amd64 libdeflate-dev amd64 1.19-1build1.1 [50.9 kB]
Get:409 http://archive.ubuntu.com/ubuntu noble/main amd64 liblerc-dev amd64 4.0.0+ds-4ubuntu2 [182 kB]
Get:410 http://archive.ubuntu.com/ubuntu noble-updates/main amd64 libtiff-dev amd64 4.5.1+git230720-4ubuntu2.5 [338 kB]
Get:411 http://archive.ubuntu.com/ubuntu noble-updates/main amd64 libgdk-pixbuf-2.0-dev amd64 2.42.10+dfsg-3ubuntu3.3 [47.9 kB]
Get:412 http://archive.ubuntu.com/ubuntu noble/main amd64 libharfbuzz-subset0 amd64 8.3.0-2build2 [448 kB]
Get:413 http://archive.ubuntu.com/ubuntu noble/main amd64 libharfbuzz-cairo0 amd64 8.3.0-2build2 [26.2 kB]
Get:414 http://archive.ubuntu.com/ubuntu noble-updates/main amd64 libgraphite2-dev amd64 1.3.14-2ubuntu0.24.04.1 [14.7 kB]
Get:415 http://archive.ubuntu.com/ubuntu noble-updates/main amd64 libicu-dev amd64 74.2-1ubuntu3.1 [11.9 MB]
Get:416 http://archive.ubuntu.com/ubuntu noble/main amd64 libharfbuzz-dev amd64 8.3.0-2build2 [142 kB]
Get:417 http://archive.ubuntu.com/ubuntu noble/main amd64 libdatrie-dev amd64 0.2.13-3build1 [19.4 kB]
Get:418 http://archive.ubuntu.com/ubuntu noble/main amd64 libthai-dev amd64 0.1.29-2build1 [26.6 kB]
Get:419 http://archive.ubuntu.com/ubuntu noble/main amd64 libxft-dev amd64 2.3.6-1build1 [64.3 kB]
Get:420 http://archive.ubuntu.com/ubuntu noble/main amd64 pango1.0-tools amd64 1.52.1+ds-1build1 [36.7 kB]
Get:421 http://archive.ubuntu.com/ubuntu noble/main amd64 libpango1.0-dev amd64 1.52.1+ds-1build1 [147 kB]
Get:422 http://archive.ubuntu.com/ubuntu noble/main amd64 libwayland-bin amd64 1.22.0-2.1build1 [20.6 kB]
Get:423 http://archive.ubuntu.com/ubuntu noble/main amd64 libwayland-dev amd64 1.22.0-2.1build1 [71.3 kB]
Get:424 http://archive.ubuntu.com/ubuntu noble/main amd64 libxcomposite-dev amd64 1:0.4.5-1build3 [9374 B]
Get:425 http://archive.ubuntu.com/ubuntu noble/main amd64 libxcursor-dev amd64 1:1.2.1-1build1 [31.8 kB]
Get:426 http://archive.ubuntu.com/ubuntu noble/main amd64 libxdamage-dev amd64 1:1.1.6-1build1 [5270 B]
Get:427 http://archive.ubuntu.com/ubuntu noble/main amd64 libxinerama-dev amd64 2:1.1.4-3build1 [7988 B]
Get:428 http://archive.ubuntu.com/ubuntu noble/main amd64 libxkbcommon-dev amd64 1.6.0-1build1 [56.3 kB]
Get:429 http://archive.ubuntu.com/ubuntu noble/main amd64 libxrandr-dev amd64 2:1.5.2-2build1 [26.4 kB]
Get:430 http://archive.ubuntu.com/ubuntu noble-updates/main amd64 wayland-protocols all 1.45-1~ubuntu0.24.04.2 [114 kB]
Get:431 http://archive.ubuntu.com/ubuntu noble-updates/main amd64 libgtk-3-dev amd64 3.24.41-4ubuntu1.3 [1096 kB]
Get:432 http://archive.ubuntu.com/ubuntu noble/main amd64 pkg-config amd64 1.8.1-2build1 [7264 B]
Get:433 http://archive.ubuntu.com/ubuntu noble/main amd64 libayatana-ido3-dev amd64 0.10.1-1build2 [14.2 kB]
Get:434 http://archive.ubuntu.com/ubuntu noble/main amd64 libayatana-indicator3-dev amd64 0.9.4-1build1 [6956 B]
Get:435 http://archive.ubuntu.com/ubuntu noble/main amd64 libdbusmenu-glib-dev amd64 18.10.20180917~bzr492+repack1-3.1ubuntu5 [70.6 kB]
Get:436 http://archive.ubuntu.com/ubuntu noble/main amd64 libayatana-appindicator3-dev amd64 0.5.93-1build3 [14.9 kB]
Get:437 http://archive.ubuntu.com/ubuntu noble/main amd64 libgirepository-1.0-dev amd64 1.80.1-1 [28.5 kB]
Get:438 http://archive.ubuntu.com/ubuntu noble/main amd64 libgirepository1.0-dev amd64 1.80.1-1 [17.0 kB]
Get:439 http://archive.ubuntu.com/ubuntu noble-updates/universe amd64 libjavascriptcoregtk-4.1-dev amd64 2.52.6-0ubuntu0.24.04.1 [69.8 kB]
Get:440 http://archive.ubuntu.com/ubuntu noble-updates/main amd64 libnghttp2-dev amd64 1.59.0-1ubuntu0.4 [117 kB]
Get:441 http://archive.ubuntu.com/ubuntu noble/main amd64 libpsl-dev amd64 0.21.2-1.1build1 [76.4 kB]
Get:442 http://archive.ubuntu.com/ubuntu noble/main amd64 librsvg2-common amd64 2.58.0+dfsg-1build1 [11.8 kB]
Get:443 http://archive.ubuntu.com/ubuntu noble/universe amd64 librsvg2-dev amd64 2.58.0+dfsg-1build1 [38.0 kB]
Get:444 http://archive.ubuntu.com/ubuntu noble-updates/main amd64 libsqlite3-dev amd64 3.45.1-1ubuntu2.8 [911 kB]
Get:445 http://archive.ubuntu.com/ubuntu noble/universe amd64 libsysprof-capture-4-dev amd64 46.0-1build1 [51.0 kB]
Get:446 http://archive.ubuntu.com/ubuntu noble-updates/universe amd64 libsoup-3.0-dev amd64 3.4.4-5ubuntu0.8 [105 kB]
Get:447 http://archive.ubuntu.com/ubuntu noble-updates/universe amd64 libwebkit2gtk-4.1-dev amd64 2.52.6-0ubuntu0.24.04.1 [290 kB]
Get:448 http://archive.ubuntu.com/ubuntu noble/universe amd64 patchelf amd64 0.18.0-1.1build1 [106 kB]
Get:449 http://archive.ubuntu.com/ubuntu noble-updates/universe amd64 python3-pip-whl all 24.0+dfsg-1ubuntu1.3 [1707 kB]
Get:450 http://archive.ubuntu.com/ubuntu noble-updates/universe amd64 python3-setuptools-whl all 68.1.2-2ubuntu1.2 [716 kB]
Get:451 http://archive.ubuntu.com/ubuntu noble-updates/universe amd64 python3.12-venv amd64 3.12.3-1ubuntu0.17 [5684 B]
Get:452 http://archive.ubuntu.com/ubuntu noble-updates/universe amd64 python3-venv amd64 3.12.3-0ubuntu2.1 [1032 B]
Get:453 http://archive.ubuntu.com/ubuntu noble/universe amd64 libxdo3 amd64 1:3.20160805.1-5build1 [22.2 kB]
Get:454 http://archive.ubuntu.com/ubuntu noble/universe amd64 libxdo-dev amd64 1:3.20160805.1-5build1 [69.1 kB]
debconf: delaying package configuration, since apt-utils is not installed
Fetched 257 MB in 24s (10.6 MB/s)
(Reading database ...
(Reading database ... 5%
(Reading database ... 10%
(Reading database ... 15%
(Reading database ... 20%
(Reading database ... 25%
(Reading database ... 30%
(Reading database ... 35%
(Reading database ... 40%
(Reading database ... 45%
(Reading database ... 50%
(Reading database ... 55%
(Reading database ... 60%
(Reading database ... 65%
(Reading database ... 70%
(Reading database ... 75%
(Reading database ... 80%
(Reading database ... 85%
(Reading database ... 90%
(Reading database ... 95%
(Reading database ... 100%
(Reading database ... 4381 files and directories currently installed.)
Preparing to unpack .../perl-base_5.38.2-3.2ubuntu0.6_amd64.deb ...
Unpacking perl-base (5.38.2-3.2ubuntu0.6) over (5.38.2-3.2ubuntu0.4) ...
Setting up perl-base (5.38.2-3.2ubuntu0.6) ...
Selecting previously unselected package libpython3.12-minimal:amd64.
(Reading database ...
(Reading database ... 5%
(Reading database ... 10%
(Reading database ... 15%
(Reading database ... 20%
(Reading database ... 25%
(Reading database ... 30%
(Reading database ... 35%
(Reading database ... 40%
(Reading database ... 45%
(Reading database ... 50%
(Reading database ... 55%
(Reading database ... 60%
(Reading database ... 65%
(Reading database ... 70%
(Reading database ... 75%
(Reading database ... 80%
(Reading database ... 85%
(Reading database ... 90%
(Reading database ... 95%
(Reading database ... 100%
(Reading database ... 4381 files and directories currently installed.)
Preparing to unpack .../libpython3.12-minimal_3.12.3-1ubuntu0.17_amd64.deb ...
Unpacking libpython3.12-minimal:amd64 (3.12.3-1ubuntu0.17) ...
Selecting previously unselected package libexpat1:amd64.
Preparing to unpack .../libexpat1_2.6.1-2ubuntu0.6_amd64.deb ...
Unpacking libexpat1:amd64 (2.6.1-2ubuntu0.6) ...
Selecting previously unselected package python3.12-minimal.
Preparing to unpack .../python3.12-minimal_3.12.3-1ubuntu0.17_amd64.deb ...
Unpacking python3.12-minimal (3.12.3-1ubuntu0.17) ...
Setting up libpython3.12-minimal:amd64 (3.12.3-1ubuntu0.17) ...
Setting up libexpat1:amd64 (2.6.1-2ubuntu0.6) ...
Setting up python3.12-minimal (3.12.3-1ubuntu0.17) ...
Selecting previously unselected package python3-minimal.
(Reading database ...
(Reading database ... 5%
(Reading database ... 10%
(Reading database ... 15%
(Reading database ... 20%
(Reading database ... 25%
(Reading database ... 30%
(Reading database ... 35%
(Reading database ... 40%
(Reading database ... 45%
(Reading database ... 50%
(Reading database ... 55%
(Reading database ... 60%
(Reading database ... 65%
(Reading database ... 70%
(Reading database ... 75%
(Reading database ... 80%
(Reading database ... 85%
(Reading database ... 90%
(Reading database ... 95%
(Reading database ... 100%
(Reading database ... 4700 files and directories currently installed.)
Preparing to unpack .../0-python3-minimal_3.12.3-0ubuntu2.1_amd64.deb ...
Unpacking python3-minimal (3.12.3-0ubuntu2.1) ...
Selecting previously unselected package media-types.
Preparing to unpack .../1-media-types_10.1.0_all.deb ...
Unpacking media-types (10.1.0) ...
Selecting previously unselected package netbase.
Preparing to unpack .../2-netbase_6.4_all.deb ...
Unpacking netbase (6.4) ...
Selecting previously unselected package tzdata.
Preparing to unpack .../3-tzdata_2026c-0ubuntu0.24.04.1_all.deb ...
Unpacking tzdata (2026c-0ubuntu0.24.04.1) ...
Selecting previously unselected package readline-common.
Preparing to unpack .../4-readline-common_8.2-4build1_all.deb ...
Unpacking readline-common (8.2-4build1) ...
Selecting previously unselected package libreadline8t64:amd64.
Preparing to unpack .../5-libreadline8t64_8.2-4build1_amd64.deb ...
Adding 'diversion of /lib/x86_64-linux-gnu/libhistory.so.8 to /lib/x86_64-linux-gnu/libhistory.so.8.usr-is-merged by libreadline8t64'
Adding 'diversion of /lib/x86_64-linux-gnu/libhistory.so.8.2 to /lib/x86_64-linux-gnu/libhistory.so.8.2.usr-is-merged by libreadline8t64'
Adding 'diversion of /lib/x86_64-linux-gnu/libreadline.so.8 to /lib/x86_64-linux-gnu/libreadline.so.8.usr-is-merged by libreadline8t64'
Adding 'diversion of /lib/x86_64-linux-gnu/libreadline.so.8.2 to /lib/x86_64-linux-gnu/libreadline.so.8.2.usr-is-merged by libreadline8t64'
Unpacking libreadline8t64:amd64 (8.2-4build1) ...
Selecting previously unselected package libsqlite3-0:amd64.
Preparing to unpack .../6-libsqlite3-0_3.45.1-1ubuntu2.8_amd64.deb ...
Unpacking libsqlite3-0:amd64 (3.45.1-1ubuntu2.8) ...
Selecting previously unselected package libpython3.12-stdlib:amd64.
Preparing to unpack .../7-libpython3.12-stdlib_3.12.3-1ubuntu0.17_amd64.deb ...
Unpacking libpython3.12-stdlib:amd64 (3.12.3-1ubuntu0.17) ...
Selecting previously unselected package python3.12.
Preparing to unpack .../8-python3.12_3.12.3-1ubuntu0.17_amd64.deb ...
Unpacking python3.12 (3.12.3-1ubuntu0.17) ...
Selecting previously unselected package libpython3-stdlib:amd64.
Preparing to unpack .../9-libpython3-stdlib_3.12.3-0ubuntu2.1_amd64.deb ...
Unpacking libpython3-stdlib:amd64 (3.12.3-0ubuntu2.1) ...
Setting up python3-minimal (3.12.3-0ubuntu2.1) ...
Selecting previously unselected package python3.
(Reading database ...
(Reading database ... 5%
(Reading database ... 10%
(Reading database ... 15%
(Reading database ... 20%
(Reading database ... 25%
(Reading database ... 30%
(Reading database ... 35%
(Reading database ... 40%
(Reading database ... 45%
(Reading database ... 50%
(Reading database ... 55%
(Reading database ... 60%
(Reading database ... 65%
(Reading database ... 70%
(Reading database ... 75%
(Reading database ... 80%
(Reading database ... 85%
(Reading database ... 90%
(Reading database ... 95%
(Reading database ... 100%
(Reading database ... 5706 files and directories currently installed.)
Preparing to unpack .../00-python3_3.12.3-0ubuntu2.1_amd64.deb ...
Unpacking python3 (3.12.3-0ubuntu2.1) ...
Selecting previously unselected package libapparmor1:amd64.
Preparing to unpack .../01-libapparmor1_4.0.1really4.0.1-0ubuntu0.24.04.8_amd64.deb ...
Unpacking libapparmor1:amd64 (4.0.1really4.0.1-0ubuntu0.24.04.8) ...
Selecting previously unselected package libargon2-1:amd64.
Preparing to unpack .../02-libargon2-1_0~20190702+dfsg-4build1_amd64.deb ...
Unpacking libargon2-1:amd64 (0~20190702+dfsg-4build1) ...
Selecting previously unselected package libdevmapper1.02.1:amd64.
Preparing to unpack .../03-libdevmapper1.02.1_2%3a1.02.185-3ubuntu3.2_amd64.deb ...
Unpacking libdevmapper1.02.1:amd64 (2:1.02.185-3ubuntu3.2) ...
Selecting previously unselected package libjson-c5:amd64.
Preparing to unpack .../04-libjson-c5_0.17-1build1_amd64.deb ...
Unpacking libjson-c5:amd64 (0.17-1build1) ...
Selecting previously unselected package libcryptsetup12:amd64.
Preparing to unpack .../05-libcryptsetup12_2%3a2.7.0-1ubuntu4.2_amd64.deb ...
Unpacking libcryptsetup12:amd64 (2:2.7.0-1ubuntu4.2) ...
Selecting previously unselected package libfdisk1:amd64.
Preparing to unpack .../06-libfdisk1_2.39.3-9ubuntu6.6_amd64.deb ...
Unpacking libfdisk1:amd64 (2.39.3-9ubuntu6.6) ...
Selecting previously unselected package libkmod2:amd64.
Preparing to unpack .../07-libkmod2_31+20240202-2ubuntu7.2_amd64.deb ...
Unpacking libkmod2:amd64 (31+20240202-2ubuntu7.2) ...
Selecting previously unselected package libsystemd-shared:amd64.
Preparing to unpack .../08-libsystemd-shared_255.4-1ubuntu8.17_amd64.deb ...
Unpacking libsystemd-shared:amd64 (255.4-1ubuntu8.17) ...
Selecting previously unselected package systemd-dev.
Preparing to unpack .../09-systemd-dev_255.4-1ubuntu8.17_all.deb ...
Unpacking systemd-dev (255.4-1ubuntu8.17) ...
Selecting previously unselected package systemd.
Preparing to unpack .../10-systemd_255.4-1ubuntu8.17_amd64.deb ...
Unpacking systemd (255.4-1ubuntu8.17) ...
Setting up libapparmor1:amd64 (4.0.1really4.0.1-0ubuntu0.24.04.8) ...
Setting up libargon2-1:amd64 (0~20190702+dfsg-4build1) ...
Setting up libdevmapper1.02.1:amd64 (2:1.02.185-3ubuntu3.2) ...
Setting up libjson-c5:amd64 (0.17-1build1) ...
Setting up libcryptsetup12:amd64 (2:2.7.0-1ubuntu4.2) ...
Setting up libfdisk1:amd64 (2.39.3-9ubuntu6.6) ...
Setting up libkmod2:amd64 (31+20240202-2ubuntu7.2) ...
Setting up libsystemd-shared:amd64 (255.4-1ubuntu8.17) ...
Setting up systemd-dev (255.4-1ubuntu8.17) ...
Setting up systemd (255.4-1ubuntu8.17) ...
Created symlink /etc/systemd/system/getty.target.wants/getty@tty1.service → /usr/lib/systemd/system/getty@.service.

Created symlink /etc/systemd/system/multi-user.target.wants/remote-fs.target → /usr/lib/systemd/system/remote-fs.target.

Created symlink /etc/systemd/system/sysinit.target.wants/systemd-pstore.service → /usr/lib/systemd/system/systemd-pstore.service.

Initializing machine ID from random generator.

/usr/lib/tmpfiles.d/systemd-network.conf:10: Failed to resolve user 'systemd-network': No such process

/usr/lib/tmpfiles.d/systemd-network.conf:11: Failed to resolve user 'systemd-network': No such process

/usr/lib/tmpfiles.d/systemd-network.conf:12: Failed to resolve user 'systemd-network': No such process

/usr/lib/tmpfiles.d/systemd-network.conf:13: Failed to resolve user 'systemd-network': No such process

/usr/lib/tmpfiles.d/systemd.conf:22: Failed to resolve group 'systemd-journal': No such process

/usr/lib/tmpfiles.d/systemd.conf:23: Failed to resolve group 'systemd-journal': No such process

/usr/lib/tmpfiles.d/systemd.conf:28: Failed to resolve group 'systemd-journal': No such process

/usr/lib/tmpfiles.d/systemd.conf:29: Failed to resolve group 'systemd-journal': No such process

/usr/lib/tmpfiles.d/systemd.conf:30: Failed to resolve group 'systemd-journal': No such process

Creating group 'systemd-journal' with GID 999.

Creating group 'systemd-network' with GID 998.

Creating user 'systemd-network' (systemd Network Management) with UID 998 and GID 998.

Selecting previously unselected package systemd-sysv.
(Reading database ...
(Reading database ... 5%
(Reading database ... 10%
(Reading database ... 15%
(Reading database ... 20%
(Reading database ... 25%
(Reading database ... 30%
(Reading database ... 35%
(Reading database ... 40%
(Reading database ... 45%
(Reading database ... 50%
(Reading database ... 55%
(Reading database ... 60%
(Reading database ... 65%
(Reading database ... 70%
(Reading database ... 75%
(Reading database ... 80%
(Reading database ... 85%
(Reading database ... 90%
(Reading database ... 95%
(Reading database ... 100%
(Reading database ... 6756 files and directories currently installed.)
Preparing to unpack .../0-systemd-sysv_255.4-1ubuntu8.17_amd64.deb ...
Unpacking systemd-sysv (255.4-1ubuntu8.17) ...
Selecting previously unselected package perl-modules-5.38.
Preparing to unpack .../1-perl-modules-5.38_5.38.2-3.2ubuntu0.6_all.deb ...
Unpacking perl-modules-5.38 (5.38.2-3.2ubuntu0.6) ...
Selecting previously unselected package libgdbm6t64:amd64.
Preparing to unpack .../2-libgdbm6t64_1.23-5.1build1_amd64.deb ...
Unpacking libgdbm6t64:amd64 (1.23-5.1build1) ...
Selecting previously unselected package libgdbm-compat4t64:amd64.
Preparing to unpack .../3-libgdbm-compat4t64_1.23-5.1build1_amd64.deb ...
Unpacking libgdbm-compat4t64:amd64 (1.23-5.1build1) ...
Selecting previously unselected package libperl5.38t64:amd64.
Preparing to unpack .../4-libperl5.38t64_5.38.2-3.2ubuntu0.6_amd64.deb ...
Unpacking libperl5.38t64:amd64 (5.38.2-3.2ubuntu0.6) ...
Selecting previously unselected package perl.
Preparing to unpack .../5-perl_5.38.2-3.2ubuntu0.6_amd64.deb ...
Unpacking perl (5.38.2-3.2ubuntu0.6) ...
Selecting previously unselected package sgml-base.
Preparing to unpack .../6-sgml-base_1.31_all.deb ...
Unpacking sgml-base (1.31) ...
Selecting previously unselected package adduser.
Preparing to unpack .../7-adduser_3.137ubuntu1_all.deb ...
Unpacking adduser (3.137ubuntu1) ...
Setting up adduser (3.137ubuntu1) ...
Selecting previously unselected package openssl.
(Reading database ...
(Reading database ... 5%
(Reading database ... 10%
(Reading database ... 15%
(Reading database ... 20%
(Reading database ... 25%
(Reading database ... 30%
(Reading database ... 35%
(Reading database ... 40%
(Reading database ... 45%
(Reading database ... 50%
(Reading database ... 55%
(Reading database ... 60%
(Reading database ... 65%
(Reading database ... 70%
(Reading database ... 75%
(Reading database ... 80%
(Reading database ... 85%
(Reading database ... 90%
(Reading database ... 95%
(Reading database ... 100%
(Reading database ... 8862 files and directories currently installed.)
Preparing to unpack .../000-openssl_3.0.13-0ubuntu3.15_amd64.deb ...
Unpacking openssl (3.0.13-0ubuntu3.15) ...
Selecting previously unselected package ca-certificates.
Preparing to unpack .../001-ca-certificates_20260601~24.04.1_all.deb ...
Unpacking ca-certificates (20260601~24.04.1) ...
Selecting previously unselected package libdbus-1-3:amd64.
Preparing to unpack .../002-libdbus-1-3_1.14.10-4ubuntu4.1_amd64.deb ...
Unpacking libdbus-1-3:amd64 (1.14.10-4ubuntu4.1) ...
Selecting previously unselected package dbus-bin.
Preparing to unpack .../003-dbus-bin_1.14.10-4ubuntu4.1_amd64.deb ...
Unpacking dbus-bin (1.14.10-4ubuntu4.1) ...
Selecting previously unselected package dbus-session-bus-common.
Preparing to unpack .../004-dbus-session-bus-common_1.14.10-4ubuntu4.1_all.deb ...
Unpacking dbus-session-bus-common (1.14.10-4ubuntu4.1) ...
Selecting previously unselected package dbus-daemon.
Preparing to unpack .../005-dbus-daemon_1.14.10-4ubuntu4.1_amd64.deb ...
Unpacking dbus-daemon (1.14.10-4ubuntu4.1) ...
Selecting previously unselected package dbus-system-bus-common.
Preparing to unpack .../006-dbus-system-bus-common_1.14.10-4ubuntu4.1_all.deb ...
Unpacking dbus-system-bus-common (1.14.10-4ubuntu4.1) ...
Selecting previously unselected package dbus.
Preparing to unpack .../007-dbus_1.14.10-4ubuntu4.1_amd64.deb ...
Unpacking dbus (1.14.10-4ubuntu4.1) ...
Selecting previously unselected package libpam-systemd:amd64.
Preparing to unpack .../008-libpam-systemd_255.4-1ubuntu8.17_amd64.deb ...
Unpacking libpam-systemd:amd64 (255.4-1ubuntu8.17) ...
Selecting previously unselected package dbus-user-session.
Preparing to unpack .../009-dbus-user-session_1.14.10-4ubuntu4.1_amd64.deb ...
Unpacking dbus-user-session (1.14.10-4ubuntu4.1) ...
Selecting previously unselected package libglib2.0-0t64:amd64.
Preparing to unpack .../010-libglib2.0-0t64_2.80.0-6ubuntu3.9_amd64.deb ...
Unpacking libglib2.0-0t64:amd64 (2.80.0-6ubuntu3.9) ...
Selecting previously unselected package gir1.2-glib-2.0:amd64.
Preparing to unpack .../011-gir1.2-glib-2.0_2.80.0-6ubuntu3.9_amd64.deb ...
Unpacking gir1.2-glib-2.0:amd64 (2.80.0-6ubuntu3.9) ...
Selecting previously unselected package libgirepository-1.0-1:amd64.
Preparing to unpack .../012-libgirepository-1.0-1_1.80.1-1_amd64.deb ...
Unpacking libgirepository-1.0-1:amd64 (1.80.1-1) ...
Selecting previously unselected package gir1.2-girepository-2.0:amd64.
Preparing to unpack .../013-gir1.2-girepository-2.0_1.80.1-1_amd64.deb ...
Unpacking gir1.2-girepository-2.0:amd64 (1.80.1-1) ...
Selecting previously unselected package iso-codes.
Preparing to unpack .../014-iso-codes_4.16.0-1_all.deb ...
Unpacking iso-codes (4.16.0-1) ...
Selecting previously unselected package libbsd0:amd64.
Preparing to unpack .../015-libbsd0_0.12.1-1build1.1_amd64.deb ...
Unpacking libbsd0:amd64 (0.12.1-1build1.1) ...
Selecting previously unselected package libcap2-bin.
Preparing to unpack .../016-libcap2-bin_1%3a2.66-5ubuntu2.4_amd64.deb ...
Unpacking libcap2-bin (1:2.66-5ubuntu2.4) ...
Selecting previously unselected package libelf1t64:amd64.
Preparing to unpack .../017-libelf1t64_0.190-1.1ubuntu0.1_amd64.deb ...
Unpacking libelf1t64:amd64 (0.190-1.1ubuntu0.1) ...
Selecting previously unselected package libfribidi0:amd64.
Preparing to unpack .../018-libfribidi0_1.0.13-3build1_amd64.deb ...
Unpacking libfribidi0:amd64 (1.0.13-3build1) ...
Selecting previously unselected package libglib2.0-data.
Preparing to unpack .../019-libglib2.0-data_2.80.0-6ubuntu3.9_all.deb ...
Unpacking libglib2.0-data (2.80.0-6ubuntu3.9) ...
Selecting previously unselected package libkrb5support0:amd64.
Preparing to unpack .../020-libkrb5support0_1.20.1-6ubuntu2.10_amd64.deb ...
Unpacking libkrb5support0:amd64 (1.20.1-6ubuntu2.10) ...
Selecting previously unselected package libk5crypto3:amd64.
Preparing to unpack .../021-libk5crypto3_1.20.1-6ubuntu2.10_amd64.deb ...
Unpacking libk5crypto3:amd64 (1.20.1-6ubuntu2.10) ...
Selecting previously unselected package libkeyutils1:amd64.
Preparing to unpack .../022-libkeyutils1_1.6.3-3build1_amd64.deb ...
Unpacking libkeyutils1:amd64 (1.6.3-3build1) ...
Selecting previously unselected package libkrb5-3:amd64.
Preparing to unpack .../023-libkrb5-3_1.20.1-6ubuntu2.10_amd64.deb ...
Unpacking libkrb5-3:amd64 (1.20.1-6ubuntu2.10) ...
Selecting previously unselected package libgssapi-krb5-2:amd64.
Preparing to unpack .../024-libgssapi-krb5-2_1.20.1-6ubuntu2.10_amd64.deb ...
Unpacking libgssapi-krb5-2:amd64 (1.20.1-6ubuntu2.10) ...
Selecting previously unselected package libicu74:amd64.
Preparing to unpack .../025-libicu74_74.2-1ubuntu3.1_amd64.deb ...
Unpacking libicu74:amd64 (74.2-1ubuntu3.1) ...
Selecting previously unselected package libslang2:amd64.
Preparing to unpack .../026-libslang2_2.3.3-3build2_amd64.deb ...
Unpacking libslang2:amd64 (2.3.3-3build2) ...
Selecting previously unselected package libtext-iconv-perl:amd64.
Preparing to unpack .../027-libtext-iconv-perl_1.7-8build3_amd64.deb ...
Unpacking libtext-iconv-perl:amd64 (1.7-8build3) ...
Selecting previously unselected package libxml2:amd64.
Preparing to unpack .../028-libxml2_2.9.14+dfsg-1.3ubuntu3.9_amd64.deb ...
Unpacking libxml2:amd64 (2.9.14+dfsg-1.3ubuntu3.9) ...
Selecting previously unselected package python3-pkg-resources.
Preparing to unpack .../029-python3-pkg-resources_68.1.2-2ubuntu1.2_all.deb ...
Unpacking python3-pkg-resources (68.1.2-2ubuntu1.2) ...
Selecting previously unselected package shared-mime-info.
Preparing to unpack .../030-shared-mime-info_2.4-4_amd64.deb ...
Unpacking shared-mime-info (2.4-4) ...
Selecting previously unselected package xkb-data.
Preparing to unpack .../031-xkb-data_2.41-2ubuntu1.1_all.deb ...
Unpacking xkb-data (2.41-2ubuntu1.1) ...
Selecting previously unselected package libmagic-mgc.
Preparing to unpack .../032-libmagic-mgc_1%3a5.45-3build1_amd64.deb ...
Unpacking libmagic-mgc (1:5.45-3build1) ...
Selecting previously unselected package libmagic1t64:amd64.
Preparing to unpack .../033-libmagic1t64_1%3a5.45-3build1_amd64.deb ...
Unpacking libmagic1t64:amd64 (1:5.45-3build1) ...
Selecting previously unselected package file.
Preparing to unpack .../034-file_1%3a5.45-3build1_amd64.deb ...
Unpacking file (1:5.45-3build1) ...
Selecting previously unselected package libdrm-common.
Preparing to unpack .../035-libdrm-common_2.4.125-1ubuntu0.1~24.04.2_all.deb ...
Unpacking libdrm-common (2.4.125-1ubuntu0.1~24.04.2) ...
Selecting previously unselected package libdrm2:amd64.
Preparing to unpack .../036-libdrm2_2.4.125-1ubuntu0.1~24.04.2_amd64.deb ...
Unpacking libdrm2:amd64 (2.4.125-1ubuntu0.1~24.04.2) ...
Selecting previously unselected package libedit2:amd64.
Preparing to unpack .../037-libedit2_3.1-20230828-1build1_amd64.deb ...
Unpacking libedit2:amd64 (3.1-20230828-1build1) ...
Selecting previously unselected package libevdev2:amd64.
Preparing to unpack .../038-libevdev2_1.13.1+dfsg-1build1_amd64.deb ...
Unpacking libevdev2:amd64 (1.13.1+dfsg-1build1) ...
Selecting previously unselected package libgpm2:amd64.
Preparing to unpack .../039-libgpm2_1.20.7-11_amd64.deb ...
Unpacking libgpm2:amd64 (1.20.7-11) ...
Selecting previously unselected package libjansson4:amd64.
Preparing to unpack .../040-libjansson4_2.14-2build2_amd64.deb ...
Unpacking libjansson4:amd64 (2.14-2build2) ...
Selecting previously unselected package libncurses6:amd64.
Preparing to unpack .../041-libncurses6_6.4+20240113-1ubuntu2.2_amd64.deb ...
Unpacking libncurses6:amd64 (6.4+20240113-1ubuntu2.2) ...
Selecting previously unselected package libnghttp2-14:amd64.
Preparing to unpack .../042-libnghttp2-14_1.59.0-1ubuntu0.4_amd64.deb ...
Unpacking libnghttp2-14:amd64 (1.59.0-1ubuntu0.4) ...
Selecting previously unselected package libpng16-16t64:amd64.
Preparing to unpack .../043-libpng16-16t64_1.6.43-5ubuntu0.6_amd64.deb ...
Unpacking libpng16-16t64:amd64 (1.6.43-5ubuntu0.6) ...
Selecting previously unselected package libpsl5t64:amd64.
Preparing to unpack .../044-libpsl5t64_0.21.2-1.1build1_amd64.deb ...
Unpacking libpsl5t64:amd64 (0.21.2-1.1build1) ...
Selecting previously unselected package libsensors-config.
Preparing to unpack .../045-libsensors-config_1%3a3.6.0-9build1_all.deb ...
Unpacking libsensors-config (1:3.6.0-9build1) ...
Selecting previously unselected package libsensors5:amd64.
Preparing to unpack .../046-libsensors5_1%3a3.6.0-9build1_amd64.deb ...
Unpacking libsensors5:amd64 (1:3.6.0-9build1) ...
Selecting previously unselected package libxau6:amd64.
Preparing to unpack .../047-libxau6_1%3a1.0.9-1build6_amd64.deb ...
Unpacking libxau6:amd64 (1:1.0.9-1build6) ...
Selecting previously unselected package libxdmcp6:amd64.
Preparing to unpack .../048-libxdmcp6_1%3a1.1.3-0ubuntu6_amd64.deb ...
Unpacking libxdmcp6:amd64 (1:1.1.3-0ubuntu6) ...
Selecting previously unselected package libxcb1:amd64.
Preparing to unpack .../049-libxcb1_1.15-1ubuntu2_amd64.deb ...
Unpacking libxcb1:amd64 (1.15-1ubuntu2) ...
Selecting previously unselected package libx11-data.
Preparing to unpack .../050-libx11-data_2%3a1.8.7-1build1_all.deb ...
Unpacking libx11-data (2:1.8.7-1build1) ...
Selecting previously unselected package libx11-6:amd64.
Preparing to unpack .../051-libx11-6_2%3a1.8.7-1build1_amd64.deb ...
Unpacking libx11-6:amd64 (2:1.8.7-1build1) ...
Selecting previously unselected package libxext6:amd64.
Preparing to unpack .../052-libxext6_2%3a1.3.4-1build2_amd64.deb ...
Unpacking libxext6:amd64 (2:1.3.4-1build2) ...
Selecting previously unselected package libxkbcommon0:amd64.
Preparing to unpack .../053-libxkbcommon0_1.6.0-1build1_amd64.deb ...
Unpacking libxkbcommon0:amd64 (1.6.0-1build1) ...
Selecting previously unselected package xz-utils.
Preparing to unpack .../054-xz-utils_5.6.1+really5.4.5-1ubuntu0.3_amd64.deb ...
Unpacking xz-utils (5.6.1+really5.4.5-1ubuntu0.3) ...
Selecting previously unselected package libgdk-pixbuf2.0-common.
Preparing to unpack .../055-libgdk-pixbuf2.0-common_2.42.10+dfsg-3ubuntu3.3_all.deb ...
Unpacking libgdk-pixbuf2.0-common (2.42.10+dfsg-3ubuntu3.3) ...
Selecting previously unselected package libjpeg-turbo8:amd64.
Preparing to unpack .../056-libjpeg-turbo8_2.1.5-2ubuntu2_amd64.deb ...
Unpacking libjpeg-turbo8:amd64 (2.1.5-2ubuntu2) ...
Selecting previously unselected package libjpeg8:amd64.
Preparing to unpack .../057-libjpeg8_8c-2ubuntu11_amd64.deb ...
Unpacking libjpeg8:amd64 (8c-2ubuntu11) ...
Selecting previously unselected package libdeflate0:amd64.
Preparing to unpack .../058-libdeflate0_1.19-1build1.1_amd64.deb ...
Unpacking libdeflate0:amd64 (1.19-1build1.1) ...
Selecting previously unselected package libjbig0:amd64.
Preparing to unpack .../059-libjbig0_2.1-6.1ubuntu2_amd64.deb ...
Unpacking libjbig0:amd64 (2.1-6.1ubuntu2) ...
Selecting previously unselected package liblerc4:amd64.
Preparing to unpack .../060-liblerc4_4.0.0+ds-4ubuntu2_amd64.deb ...
Unpacking liblerc4:amd64 (4.0.0+ds-4ubuntu2) ...
Selecting previously unselected package libsharpyuv0:amd64.
Preparing to unpack .../061-libsharpyuv0_1.3.2-0.4build3_amd64.deb ...
Unpacking libsharpyuv0:amd64 (1.3.2-0.4build3) ...
Selecting previously unselected package libwebp7:amd64.
Preparing to unpack .../062-libwebp7_1.3.2-0.4build3_amd64.deb ...
Unpacking libwebp7:amd64 (1.3.2-0.4build3) ...
Selecting previously unselected package libtiff6:amd64.
Preparing to unpack .../063-libtiff6_4.5.1+git230720-4ubuntu2.5_amd64.deb ...
Unpacking libtiff6:amd64 (4.5.1+git230720-4ubuntu2.5) ...
Selecting previously unselected package libgdk-pixbuf-2.0-0:amd64.
Preparing to unpack .../064-libgdk-pixbuf-2.0-0_2.42.10+dfsg-3ubuntu3.3_amd64.deb ...
Unpacking libgdk-pixbuf-2.0-0:amd64 (2.42.10+dfsg-3ubuntu3.3) ...
Selecting previously unselected package gtk-update-icon-cache.
Preparing to unpack .../065-gtk-update-icon-cache_3.24.41-4ubuntu1.3_amd64.deb ...
Unpacking gtk-update-icon-cache (3.24.41-4ubuntu1.3) ...
Selecting previously unselected package hicolor-icon-theme.
Preparing to unpack .../066-hicolor-icon-theme_0.17-2_all.deb ...
Unpacking hicolor-icon-theme (0.17-2) ...
Selecting previously unselected package humanity-icon-theme.
Preparing to unpack .../067-humanity-icon-theme_0.6.16_all.deb ...
Unpacking humanity-icon-theme (0.6.16) ...
Selecting previously unselected package ubuntu-mono.
Preparing to unpack .../068-ubuntu-mono_24.04-0ubuntu1_all.deb ...
Unpacking ubuntu-mono (24.04-0ubuntu1) ...
Selecting previously unselected package adwaita-icon-theme.
Preparing to unpack .../069-adwaita-icon-theme_46.0-1_all.deb ...
Unpacking adwaita-icon-theme (46.0-1) ...
Selecting previously unselected package at-spi2-common.
Preparing to unpack .../070-at-spi2-common_2.52.0-1build1_all.deb ...
Unpacking at-spi2-common (2.52.0-1build1) ...
Selecting previously unselected package binutils-common:amd64.
Preparing to unpack .../071-binutils-common_2.42-4ubuntu2.10_amd64.deb ...
Unpacking binutils-common:amd64 (2.42-4ubuntu2.10) ...
Selecting previously unselected package libsframe1:amd64.
Preparing to unpack .../072-libsframe1_2.42-4ubuntu2.10_amd64.deb ...
Unpacking libsframe1:amd64 (2.42-4ubuntu2.10) ...
Selecting previously unselected package libbinutils:amd64.
Preparing to unpack .../073-libbinutils_2.42-4ubuntu2.10_amd64.deb ...
Unpacking libbinutils:amd64 (2.42-4ubuntu2.10) ...
Selecting previously unselected package libctf-nobfd0:amd64.
Preparing to unpack .../074-libctf-nobfd0_2.42-4ubuntu2.10_amd64.deb ...
Unpacking libctf-nobfd0:amd64 (2.42-4ubuntu2.10) ...
Selecting previously unselected package libctf0:amd64.
Preparing to unpack .../075-libctf0_2.42-4ubuntu2.10_amd64.deb ...
Unpacking libctf0:amd64 (2.42-4ubuntu2.10) ...
Selecting previously unselected package libgprofng0:amd64.
Preparing to unpack .../076-libgprofng0_2.42-4ubuntu2.10_amd64.deb ...
Unpacking libgprofng0:amd64 (2.42-4ubuntu2.10) ...
Selecting previously unselected package binutils-x86-64-linux-gnu.
Preparing to unpack .../077-binutils-x86-64-linux-gnu_2.42-4ubuntu2.10_amd64.deb ...
Unpacking binutils-x86-64-linux-gnu (2.42-4ubuntu2.10) ...
Selecting previously unselected package binutils.
Preparing to unpack .../078-binutils_2.42-4ubuntu2.10_amd64.deb ...
Unpacking binutils (2.42-4ubuntu2.10) ...
Selecting previously unselected package bubblewrap.
Preparing to unpack .../079-bubblewrap_0.9.0-1ubuntu0.3_amd64.deb ...
Unpacking bubblewrap (0.9.0-1ubuntu0.3) ...
Selecting previously unselected package libc-dev-bin.
Preparing to unpack .../080-libc-dev-bin_2.39-0ubuntu8.9_amd64.deb ...
Unpacking libc-dev-bin (2.39-0ubuntu8.9) ...
Selecting previously unselected package linux-libc-dev:amd64.
Preparing to unpack .../081-linux-libc-dev_6.8.0-142.142_amd64.deb ...
Unpacking linux-libc-dev:amd64 (6.8.0-142.142) ...
Selecting previously unselected package libcrypt-dev:amd64.
Preparing to unpack .../082-libcrypt-dev_1%3a4.4.36-4build1_amd64.deb ...
Unpacking libcrypt-dev:amd64 (1:4.4.36-4build1) ...
Selecting previously unselected package rpcsvc-proto.
Preparing to unpack .../083-rpcsvc-proto_1.4.2-0ubuntu7_amd64.deb ...
Unpacking rpcsvc-proto (1.4.2-0ubuntu7) ...
Selecting previously unselected package libc6-dev:amd64.
Preparing to unpack .../084-libc6-dev_2.39-0ubuntu8.9_amd64.deb ...
Unpacking libc6-dev:amd64 (2.39-0ubuntu8.9) ...
Selecting previously unselected package gcc-13-base:amd64.
Preparing to unpack .../085-gcc-13-base_13.3.0-6ubuntu2~24.04.1_amd64.deb ...
Unpacking gcc-13-base:amd64 (13.3.0-6ubuntu2~24.04.1) ...
Selecting previously unselected package libisl23:amd64.
Preparing to unpack .../086-libisl23_0.26-3build1.1_amd64.deb ...
Unpacking libisl23:amd64 (0.26-3build1.1) ...
Selecting previously unselected package libmpfr6:amd64.
Preparing to unpack .../087-libmpfr6_4.2.1-1build1.1_amd64.deb ...
Unpacking libmpfr6:amd64 (4.2.1-1build1.1) ...
Selecting previously unselected package libmpc3:amd64.
Preparing to unpack .../088-libmpc3_1.3.1-1build1.1_amd64.deb ...
Unpacking libmpc3:amd64 (1.3.1-1build1.1) ...
Selecting previously unselected package cpp-13-x86-64-linux-gnu.
Preparing to unpack .../089-cpp-13-x86-64-linux-gnu_13.3.0-6ubuntu2~24.04.1_amd64.deb ...
Unpacking cpp-13-x86-64-linux-gnu (13.3.0-6ubuntu2~24.04.1) ...
Selecting previously unselected package cpp-13.
Preparing to unpack .../090-cpp-13_13.3.0-6ubuntu2~24.04.1_amd64.deb ...
Unpacking cpp-13 (13.3.0-6ubuntu2~24.04.1) ...
Selecting previously unselected package cpp-x86-64-linux-gnu.
Preparing to unpack .../091-cpp-x86-64-linux-gnu_4%3a13.2.0-7ubuntu1_amd64.deb ...
Unpacking cpp-x86-64-linux-gnu (4:13.2.0-7ubuntu1) ...
Selecting previously unselected package cpp.
Preparing to unpack .../092-cpp_4%3a13.2.0-7ubuntu1_amd64.deb ...
Unpacking cpp (4:13.2.0-7ubuntu1) ...
Selecting previously unselected package libcc1-0:amd64.
Preparing to unpack .../093-libcc1-0_14.2.0-4ubuntu2~24.04.1_amd64.deb ...
Unpacking libcc1-0:amd64 (14.2.0-4ubuntu2~24.04.1) ...
Selecting previously unselected package libgomp1:amd64.
Preparing to unpack .../094-libgomp1_14.2.0-4ubuntu2~24.04.1_amd64.deb ...
Unpacking libgomp1:amd64 (14.2.0-4ubuntu2~24.04.1) ...
Selecting previously unselected package libitm1:amd64.
Preparing to unpack .../095-libitm1_14.2.0-4ubuntu2~24.04.1_amd64.deb ...
Unpacking libitm1:amd64 (14.2.0-4ubuntu2~24.04.1) ...
Selecting previously unselected package libatomic1:amd64.
Preparing to unpack .../096-libatomic1_14.2.0-4ubuntu2~24.04.1_amd64.deb ...
Unpacking libatomic1:amd64 (14.2.0-4ubuntu2~24.04.1) ...
Selecting previously unselected package libasan8:amd64.
Preparing to unpack .../097-libasan8_14.2.0-4ubuntu2~24.04.1_amd64.deb ...
Unpacking libasan8:amd64 (14.2.0-4ubuntu2~24.04.1) ...
Selecting previously unselected package liblsan0:amd64.
Preparing to unpack .../098-liblsan0_14.2.0-4ubuntu2~24.04.1_amd64.deb ...
Unpacking liblsan0:amd64 (14.2.0-4ubuntu2~24.04.1) ...
Selecting previously unselected package libtsan2:amd64.
Preparing to unpack .../099-libtsan2_14.2.0-4ubuntu2~24.04.1_amd64.deb ...
Unpacking libtsan2:amd64 (14.2.0-4ubuntu2~24.04.1) ...
Selecting previously unselected package libubsan1:amd64.
Preparing to unpack .../100-libubsan1_14.2.0-4ubuntu2~24.04.1_amd64.deb ...
Unpacking libubsan1:amd64 (14.2.0-4ubuntu2~24.04.1) ...
Selecting previously unselected package libhwasan0:amd64.
Preparing to unpack .../101-libhwasan0_14.2.0-4ubuntu2~24.04.1_amd64.deb ...
Unpacking libhwasan0:amd64 (14.2.0-4ubuntu2~24.04.1) ...
Selecting previously unselected package libquadmath0:amd64.
Preparing to unpack .../102-libquadmath0_14.2.0-4ubuntu2~24.04.1_amd64.deb ...
Unpacking libquadmath0:amd64 (14.2.0-4ubuntu2~24.04.1) ...
Selecting previously unselected package libgcc-13-dev:amd64.
Preparing to unpack .../103-libgcc-13-dev_13.3.0-6ubuntu2~24.04.1_amd64.deb ...
Unpacking libgcc-13-dev:amd64 (13.3.0-6ubuntu2~24.04.1) ...
Selecting previously unselected package gcc-13-x86-64-linux-gnu.
Preparing to unpack .../104-gcc-13-x86-64-linux-gnu_13.3.0-6ubuntu2~24.04.1_amd64.deb ...
Unpacking gcc-13-x86-64-linux-gnu (13.3.0-6ubuntu2~24.04.1) ...
Selecting previously unselected package gcc-13.
Preparing to unpack .../105-gcc-13_13.3.0-6ubuntu2~24.04.1_amd64.deb ...
Unpacking gcc-13 (13.3.0-6ubuntu2~24.04.1) ...
Selecting previously unselected package gcc-x86-64-linux-gnu.
Preparing to unpack .../106-gcc-x86-64-linux-gnu_4%3a13.2.0-7ubuntu1_amd64.deb ...
Unpacking gcc-x86-64-linux-gnu (4:13.2.0-7ubuntu1) ...
Selecting previously unselected package gcc.
Preparing to unpack .../107-gcc_4%3a13.2.0-7ubuntu1_amd64.deb ...
Unpacking gcc (4:13.2.0-7ubuntu1) ...
Selecting previously unselected package libstdc++-13-dev:amd64.
Preparing to unpack .../108-libstdc++-13-dev_13.3.0-6ubuntu2~24.04.1_amd64.deb ...
Unpacking libstdc++-13-dev:amd64 (13.3.0-6ubuntu2~24.04.1) ...
Selecting previously unselected package g++-13-x86-64-linux-gnu.
Preparing to unpack .../109-g++-13-x86-64-linux-gnu_13.3.0-6ubuntu2~24.04.1_amd64.deb ...
Unpacking g++-13-x86-64-linux-gnu (13.3.0-6ubuntu2~24.04.1) ...
Selecting previously unselected package g++-13.
Preparing to unpack .../110-g++-13_13.3.0-6ubuntu2~24.04.1_amd64.deb ...
Unpacking g++-13 (13.3.0-6ubuntu2~24.04.1) ...
Selecting previously unselected package g++-x86-64-linux-gnu.
Preparing to unpack .../111-g++-x86-64-linux-gnu_4%3a13.2.0-7ubuntu1_amd64.deb ...
Unpacking g++-x86-64-linux-gnu (4:13.2.0-7ubuntu1) ...
Selecting previously unselected package g++.
Preparing to unpack .../112-g++_4%3a13.2.0-7ubuntu1_amd64.deb ...
Unpacking g++ (4:13.2.0-7ubuntu1) ...
Selecting previously unselected package make.
Preparing to unpack .../113-make_4.3-4.1build2_amd64.deb ...
Unpacking make (4.3-4.1build2) ...
Selecting previously unselected package libdpkg-perl.
Preparing to unpack .../114-libdpkg-perl_1.22.6ubuntu6.6_all.deb ...
Unpacking libdpkg-perl (1.22.6ubuntu6.6) ...
Selecting previously unselected package bzip2.
Preparing to unpack .../115-bzip2_1.0.8-5.1ubuntu0.1_amd64.deb ...
Unpacking bzip2 (1.0.8-5.1ubuntu0.1) ...
Selecting previously unselected package patch.
Preparing to unpack .../116-patch_2.7.6-7build3_amd64.deb ...
Unpacking patch (2.7.6-7build3) ...
Selecting previously unselected package lto-disabled-list.
Preparing to unpack .../117-lto-disabled-list_47_all.deb ...
Unpacking lto-disabled-list (47) ...
Selecting previously unselected package dpkg-dev.
Preparing to unpack .../118-dpkg-dev_1.22.6ubuntu6.6_all.deb ...
Unpacking dpkg-dev (1.22.6ubuntu6.6) ...
Selecting previously unselected package build-essential.
Preparing to unpack .../119-build-essential_12.10ubuntu1_amd64.deb ...
Unpacking build-essential (12.10ubuntu1) ...
Selecting previously unselected package libbrotli1:amd64.
Preparing to unpack .../120-libbrotli1_1.1.0-2build2_amd64.deb ...
Unpacking libbrotli1:amd64 (1.1.0-2build2) ...
Selecting previously unselected package libsasl2-modules-db:amd64.
Preparing to unpack .../121-libsasl2-modules-db_2.1.28+dfsg1-5ubuntu3.1_amd64.deb ...
Unpacking libsasl2-modules-db:amd64 (2.1.28+dfsg1-5ubuntu3.1) ...
Selecting previously unselected package libsasl2-2:amd64.
Preparing to unpack .../122-libsasl2-2_2.1.28+dfsg1-5ubuntu3.1_amd64.deb ...
Unpacking libsasl2-2:amd64 (2.1.28+dfsg1-5ubuntu3.1) ...
Selecting previously unselected package libldap2:amd64.
Preparing to unpack .../123-libldap2_2.6.10+dfsg-0ubuntu0.24.04.1_amd64.deb ...
Unpacking libldap2:amd64 (2.6.10+dfsg-0ubuntu0.24.04.1) ...
Selecting previously unselected package librtmp1:amd64.
Preparing to unpack .../124-librtmp1_2.4+20151223.gitfa8646d.1-2build7_amd64.deb ...
Unpacking librtmp1:amd64 (2.4+20151223.gitfa8646d.1-2build7) ...
Selecting previously unselected package libssh-4:amd64.
Preparing to unpack .../125-libssh-4_0.10.6-2ubuntu0.5_amd64.deb ...
Unpacking libssh-4:amd64 (0.10.6-2ubuntu0.5) ...
Selecting previously unselected package libcurl4t64:amd64.
Preparing to unpack .../126-libcurl4t64_8.5.0-2ubuntu10.15_amd64.deb ...
Unpacking libcurl4t64:amd64 (8.5.0-2ubuntu10.15) ...
Selecting previously unselected package curl.
Preparing to unpack .../127-curl_8.5.0-2ubuntu10.15_amd64.deb ...
Unpacking curl (8.5.0-2ubuntu10.15) ...
Selecting previously unselected package libdconf1:amd64.
Preparing to unpack .../128-libdconf1_0.40.0-4ubuntu0.1_amd64.deb ...
Unpacking libdconf1:amd64 (0.40.0-4ubuntu0.1) ...
Selecting previously unselected package dconf-service.
Preparing to unpack .../129-dconf-service_0.40.0-4ubuntu0.1_amd64.deb ...
Unpacking dconf-service (0.40.0-4ubuntu0.1) ...
Selecting previously unselected package dconf-gsettings-backend:amd64.
Preparing to unpack .../130-dconf-gsettings-backend_0.40.0-4ubuntu0.1_amd64.deb ...
Unpacking dconf-gsettings-backend:amd64 (0.40.0-4ubuntu0.1) ...
Selecting previously unselected package emacsen-common.
Preparing to unpack .../131-emacsen-common_3.0.5_all.deb ...
Unpacking emacsen-common (3.0.5) ...
Selecting previously unselected package dictionaries-common.
Preparing to unpack .../132-dictionaries-common_1.29.7_all.deb ...
Adding 'diversion of /usr/share/dict/words to /usr/share/dict/words.pre-dictionaries-common by dictionaries-common'
Unpacking dictionaries-common (1.29.7) ...
Selecting previously unselected package libfreetype6:amd64.
Preparing to unpack .../133-libfreetype6_2.13.2+dfsg-1ubuntu0.1_amd64.deb ...
Unpacking libfreetype6:amd64 (2.13.2+dfsg-1ubuntu0.1) ...
Selecting previously unselected package fonts-dejavu-mono.
Preparing to unpack .../134-fonts-dejavu-mono_2.37-8_all.deb ...
Unpacking fonts-dejavu-mono (2.37-8) ...
Selecting previously unselected package fonts-dejavu-core.
Preparing to unpack .../135-fonts-dejavu-core_2.37-8_all.deb ...
Unpacking fonts-dejavu-core (2.37-8) ...
Selecting previously unselected package fontconfig-config.
Preparing to unpack .../136-fontconfig-config_2.15.0-1.1ubuntu2_amd64.deb ...
Unpacking fontconfig-config (2.15.0-1.1ubuntu2) ...
Selecting previously unselected package libfontconfig1:amd64.
Preparing to unpack .../137-libfontconfig1_2.15.0-1.1ubuntu2_amd64.deb ...
Unpacking libfontconfig1:amd64 (2.15.0-1.1ubuntu2) ...
Selecting previously unselected package fontconfig.
Preparing to unpack .../138-fontconfig_2.15.0-1.1ubuntu2_amd64.deb ...
Unpacking fontconfig (2.15.0-1.1ubuntu2) ...
Selecting previously unselected package libatk1.0-0t64:amd64.
Preparing to unpack .../139-libatk1.0-0t64_2.52.0-1build1_amd64.deb ...
Unpacking libatk1.0-0t64:amd64 (2.52.0-1build1) ...
Selecting previously unselected package gir1.2-atk-1.0:amd64.
Preparing to unpack .../140-gir1.2-atk-1.0_2.52.0-1build1_amd64.deb ...
Unpacking gir1.2-atk-1.0:amd64 (2.52.0-1build1) ...
Selecting previously unselected package libpixman-1-0:amd64.
Preparing to unpack .../141-libpixman-1-0_0.42.2-1build1_amd64.deb ...
Unpacking libpixman-1-0:amd64 (0.42.2-1build1) ...
Selecting previously unselected package libxcb-render0:amd64.
Preparing to unpack .../142-libxcb-render0_1.15-1ubuntu2_amd64.deb ...
Unpacking libxcb-render0:amd64 (1.15-1ubuntu2) ...
Selecting previously unselected package libxcb-shm0:amd64.
Preparing to unpack .../143-libxcb-shm0_1.15-1ubuntu2_amd64.deb ...
Unpacking libxcb-shm0:amd64 (1.15-1ubuntu2) ...
Selecting previously unselected package libxrender1:amd64.
Preparing to unpack .../144-libxrender1_1%3a0.9.10-1.1build1_amd64.deb ...
Unpacking libxrender1:amd64 (1:0.9.10-1.1build1) ...
Selecting previously unselected package libcairo2:amd64.
Preparing to unpack .../145-libcairo2_1.18.0-3build1_amd64.deb ...
Unpacking libcairo2:amd64 (1.18.0-3build1) ...
Selecting previously unselected package libcairo-gobject2:amd64.
Preparing to unpack .../146-libcairo-gobject2_1.18.0-3build1_amd64.deb ...
Unpacking libcairo-gobject2:amd64 (1.18.0-3build1) ...
Selecting previously unselected package gir1.2-freedesktop:amd64.
Preparing to unpack .../147-gir1.2-freedesktop_1.80.1-1_amd64.deb ...
Unpacking gir1.2-freedesktop:amd64 (1.80.1-1) ...
Selecting previously unselected package libxi6:amd64.
Preparing to unpack .../148-libxi6_2%3a1.8.1-1build1_amd64.deb ...
Unpacking libxi6:amd64 (2:1.8.1-1build1) ...
Selecting previously unselected package libatspi2.0-0t64:amd64.
Preparing to unpack .../149-libatspi2.0-0t64_2.52.0-1build1_amd64.deb ...
Unpacking libatspi2.0-0t64:amd64 (2.52.0-1build1) ...
Selecting previously unselected package gir1.2-atspi-2.0:amd64.
Preparing to unpack .../150-gir1.2-atspi-2.0_2.52.0-1build1_amd64.deb ...
Unpacking gir1.2-atspi-2.0:amd64 (2.52.0-1build1) ...
Selecting previously unselected package gir1.2-gdkpixbuf-2.0:amd64.
Preparing to unpack .../151-gir1.2-gdkpixbuf-2.0_2.42.10+dfsg-3ubuntu3.3_amd64.deb ...
Unpacking gir1.2-gdkpixbuf-2.0:amd64 (2.42.10+dfsg-3ubuntu3.3) ...
Selecting previously unselected package libgraphite2-3:amd64.
Preparing to unpack .../152-libgraphite2-3_1.3.14-2ubuntu0.24.04.1_amd64.deb ...
Unpacking libgraphite2-3:amd64 (1.3.14-2ubuntu0.24.04.1) ...
Selecting previously unselected package libharfbuzz0b:amd64.
Preparing to unpack .../153-libharfbuzz0b_8.3.0-2build2_amd64.deb ...
Unpacking libharfbuzz0b:amd64 (8.3.0-2build2) ...
Selecting previously unselected package libharfbuzz-gobject0:amd64.
Preparing to unpack .../154-libharfbuzz-gobject0_8.3.0-2build2_amd64.deb ...
Unpacking libharfbuzz-gobject0:amd64 (8.3.0-2build2) ...
Selecting previously unselected package gir1.2-harfbuzz-0.0:amd64.
Preparing to unpack .../155-gir1.2-harfbuzz-0.0_8.3.0-2build2_amd64.deb ...
Unpacking gir1.2-harfbuzz-0.0:amd64 (8.3.0-2build2) ...
Selecting previously unselected package libthai-data.
Preparing to unpack .../156-libthai-data_0.1.29-2build1_all.deb ...
Unpacking libthai-data (0.1.29-2build1) ...
Selecting previously unselected package libdatrie1:amd64.
Preparing to unpack .../157-libdatrie1_0.2.13-3build1_amd64.deb ...
Unpacking libdatrie1:amd64 (0.2.13-3build1) ...
Selecting previously unselected package libthai0:amd64.
Preparing to unpack .../158-libthai0_0.1.29-2build1_amd64.deb ...
Unpacking libthai0:amd64 (0.1.29-2build1) ...
Selecting previously unselected package libpango-1.0-0:amd64.
Preparing to unpack .../159-libpango-1.0-0_1.52.1+ds-1build1_amd64.deb ...
Unpacking libpango-1.0-0:amd64 (1.52.1+ds-1build1) ...
Selecting previously unselected package libpangoft2-1.0-0:amd64.
Preparing to unpack .../160-libpangoft2-1.0-0_1.52.1+ds-1build1_amd64.deb ...
Unpacking libpangoft2-1.0-0:amd64 (1.52.1+ds-1build1) ...
Selecting previously unselected package libpangocairo-1.0-0:amd64.
Preparing to unpack .../161-libpangocairo-1.0-0_1.52.1+ds-1build1_amd64.deb ...
Unpacking libpangocairo-1.0-0:amd64 (1.52.1+ds-1build1) ...
Selecting previously unselected package libxft2:amd64.
Preparing to unpack .../162-libxft2_2.3.6-1build1_amd64.deb ...
Unpacking libxft2:amd64 (2.3.6-1build1) ...
Selecting previously unselected package libpangoxft-1.0-0:amd64.
Preparing to unpack .../163-libpangoxft-1.0-0_1.52.1+ds-1build1_amd64.deb ...
Unpacking libpangoxft-1.0-0:amd64 (1.52.1+ds-1build1) ...
Selecting previously unselected package gir1.2-pango-1.0:amd64.
Preparing to unpack .../164-gir1.2-pango-1.0_1.52.1+ds-1build1_amd64.deb ...
Unpacking gir1.2-pango-1.0:amd64 (1.52.1+ds-1build1) ...
Selecting previously unselected package libatk-bridge2.0-0t64:amd64.
Preparing to unpack .../165-libatk-bridge2.0-0t64_2.52.0-1build1_amd64.deb ...
Unpacking libatk-bridge2.0-0t64:amd64 (2.52.0-1build1) ...
Selecting previously unselected package liblcms2-2:amd64.
Preparing to unpack .../166-liblcms2-2_2.14-2ubuntu0.1_amd64.deb ...
Unpacking liblcms2-2:amd64 (2.14-2ubuntu0.1) ...
Selecting previously unselected package libcolord2:amd64.
Preparing to unpack .../167-libcolord2_1.4.7-1build2_amd64.deb ...
Unpacking libcolord2:amd64 (1.4.7-1build2) ...
Selecting previously unselected package libavahi-common-data:amd64.
Preparing to unpack .../168-libavahi-common-data_0.8-13ubuntu6.2_amd64.deb ...
Unpacking libavahi-common-data:amd64 (0.8-13ubuntu6.2) ...
Selecting previously unselected package libavahi-common3:amd64.
Preparing to unpack .../169-libavahi-common3_0.8-13ubuntu6.2_amd64.deb ...
Unpacking libavahi-common3:amd64 (0.8-13ubuntu6.2) ...
Selecting previously unselected package libavahi-client3:amd64.
Preparing to unpack .../170-libavahi-client3_0.8-13ubuntu6.2_amd64.deb ...
Unpacking libavahi-client3:amd64 (0.8-13ubuntu6.2) ...
Selecting previously unselected package libcups2t64:amd64.
Preparing to unpack .../171-libcups2t64_2.4.7-1.2ubuntu7.14_amd64.deb ...
Unpacking libcups2t64:amd64 (2.4.7-1.2ubuntu7.14) ...
Selecting previously unselected package libepoxy0:amd64.
Preparing to unpack .../172-libepoxy0_1.5.10-1build1_amd64.deb ...
Unpacking libepoxy0:amd64 (1.5.10-1build1) ...
Selecting previously unselected package libwayland-client0:amd64.
Preparing to unpack .../173-libwayland-client0_1.22.0-2.1build1_amd64.deb ...
Unpacking libwayland-client0:amd64 (1.22.0-2.1build1) ...
Selecting previously unselected package libwayland-cursor0:amd64.
Preparing to unpack .../174-libwayland-cursor0_1.22.0-2.1build1_amd64.deb ...
Unpacking libwayland-cursor0:amd64 (1.22.0-2.1build1) ...
Selecting previously unselected package libwayland-egl1:amd64.
Preparing to unpack .../175-libwayland-egl1_1.22.0-2.1build1_amd64.deb ...
Unpacking libwayland-egl1:amd64 (1.22.0-2.1build1) ...
Selecting previously unselected package libxcomposite1:amd64.
Preparing to unpack .../176-libxcomposite1_1%3a0.4.5-1build3_amd64.deb ...
Unpacking libxcomposite1:amd64 (1:0.4.5-1build3) ...
Selecting previously unselected package libxfixes3:amd64.
Preparing to unpack .../177-libxfixes3_1%3a6.0.0-2build1_amd64.deb ...
Unpacking libxfixes3:amd64 (1:6.0.0-2build1) ...
Selecting previously unselected package libxcursor1:amd64.
Preparing to unpack .../178-libxcursor1_1%3a1.2.1-1build1_amd64.deb ...
Unpacking libxcursor1:amd64 (1:1.2.1-1build1) ...
Selecting previously unselected package libxdamage1:amd64.
Preparing to unpack .../179-libxdamage1_1%3a1.1.6-1build1_amd64.deb ...
Unpacking libxdamage1:amd64 (1:1.1.6-1build1) ...
Selecting previously unselected package libxinerama1:amd64.
Preparing to unpack .../180-libxinerama1_2%3a1.1.4-3build1_amd64.deb ...
Unpacking libxinerama1:amd64 (2:1.1.4-3build1) ...
Selecting previously unselected package libxrandr2:amd64.
Preparing to unpack .../181-libxrandr2_2%3a1.5.2-2build1_amd64.deb ...
Unpacking libxrandr2:amd64 (2:1.5.2-2build1) ...
Selecting previously unselected package libgtk-3-common.
Preparing to unpack .../182-libgtk-3-common_3.24.41-4ubuntu1.3_all.deb ...
Unpacking libgtk-3-common (3.24.41-4ubuntu1.3) ...
Selecting previously unselected package libgtk-3-0t64:amd64.
Preparing to unpack .../183-libgtk-3-0t64_3.24.41-4ubuntu1.3_amd64.deb ...
Unpacking libgtk-3-0t64:amd64 (3.24.41-4ubuntu1.3) ...
Selecting previously unselected package gir1.2-gtk-3.0:amd64.
Preparing to unpack .../184-gir1.2-gtk-3.0_3.24.41-4ubuntu1.3_amd64.deb ...
Unpacking gir1.2-gtk-3.0:amd64 (3.24.41-4ubuntu1.3) ...
Selecting previously unselected package libayatana-ido3-0.4-0:amd64.
Preparing to unpack .../185-libayatana-ido3-0.4-0_0.10.1-1build2_amd64.deb ...
Unpacking libayatana-ido3-0.4-0:amd64 (0.10.1-1build2) ...
Selecting previously unselected package libayatana-indicator3-7:amd64.
Preparing to unpack .../186-libayatana-indicator3-7_0.9.4-1build1_amd64.deb ...
Unpacking libayatana-indicator3-7:amd64 (0.9.4-1build1) ...
Selecting previously unselected package libdbusmenu-glib4:amd64.
Preparing to unpack .../187-libdbusmenu-glib4_18.10.20180917~bzr492+repack1-3.1ubuntu5_amd64.deb ...
Unpacking libdbusmenu-glib4:amd64 (18.10.20180917~bzr492+repack1-3.1ubuntu5) ...
Selecting previously unselected package libdbusmenu-gtk3-4:amd64.
Preparing to unpack .../188-libdbusmenu-gtk3-4_18.10.20180917~bzr492+repack1-3.1ubuntu5_amd64.deb ...
Unpacking libdbusmenu-gtk3-4:amd64 (18.10.20180917~bzr492+repack1-3.1ubuntu5) ...
Selecting previously unselected package libayatana-appindicator3-1.
Preparing to unpack .../189-libayatana-appindicator3-1_0.5.93-1build3_amd64.deb ...
Unpacking libayatana-appindicator3-1 (0.5.93-1build3) ...
Selecting previously unselected package gir1.2-ayatanaappindicator3-0.1.
Preparing to unpack .../190-gir1.2-ayatanaappindicator3-0.1_0.5.93-1build3_amd64.deb ...
Unpacking gir1.2-ayatanaappindicator3-0.1 (0.5.93-1build3) ...
Selecting previously unselected package gir1.2-ayatanaido3-0.4:amd64.
Preparing to unpack .../191-gir1.2-ayatanaido3-0.4_0.10.1-1build2_amd64.deb ...
Unpacking gir1.2-ayatanaido3-0.4:amd64 (0.10.1-1build2) ...
Selecting previously unselected package gir1.2-dbusmenu-glib-0.4:amd64.
Preparing to unpack .../192-gir1.2-dbusmenu-glib-0.4_18.10.20180917~bzr492+repack1-3.1ubuntu5_amd64.deb ...
Unpacking gir1.2-dbusmenu-glib-0.4:amd64 (18.10.20180917~bzr492+repack1-3.1ubuntu5) ...
Selecting previously unselected package gir1.2-glib-2.0-dev:amd64.
Preparing to unpack .../193-gir1.2-glib-2.0-dev_2.80.0-6ubuntu3.9_amd64.deb ...
Unpacking gir1.2-glib-2.0-dev:amd64 (2.80.0-6ubuntu3.9) ...
Selecting previously unselected package gir1.2-freedesktop-dev:amd64.
Preparing to unpack .../194-gir1.2-freedesktop-dev_1.80.1-1_amd64.deb ...
Unpacking gir1.2-freedesktop-dev:amd64 (1.80.1-1) ...
Selecting previously unselected package gir1.2-girepository-2.0-dev:amd64.
Preparing to unpack .../195-gir1.2-girepository-2.0-dev_1.80.1-1_amd64.deb ...
Unpacking gir1.2-girepository-2.0-dev:amd64 (1.80.1-1) ...
Selecting previously unselected package libjavascriptcoregtk-4.1-0:amd64.
Preparing to unpack .../196-libjavascriptcoregtk-4.1-0_2.52.6-0ubuntu0.24.04.1_amd64.deb ...
Unpacking libjavascriptcoregtk-4.1-0:amd64 (2.52.6-0ubuntu0.24.04.1) ...
Selecting previously unselected package gir1.2-javascriptcoregtk-4.1:amd64.
Preparing to unpack .../197-gir1.2-javascriptcoregtk-4.1_2.52.6-0ubuntu0.24.04.1_amd64.deb ...
Unpacking gir1.2-javascriptcoregtk-4.1:amd64 (2.52.6-0ubuntu0.24.04.1) ...
Selecting previously unselected package librsvg2-2:amd64.
Preparing to unpack .../198-librsvg2-2_2.58.0+dfsg-1build1_amd64.deb ...
Unpacking librsvg2-2:amd64 (2.58.0+dfsg-1build1) ...
Selecting previously unselected package gir1.2-rsvg-2.0:amd64.
Preparing to unpack .../199-gir1.2-rsvg-2.0_2.58.0+dfsg-1build1_amd64.deb ...
Unpacking gir1.2-rsvg-2.0:amd64 (2.58.0+dfsg-1build1) ...
Selecting previously unselected package libcurl3t64-gnutls:amd64.
Preparing to unpack .../200-libcurl3t64-gnutls_8.5.0-2ubuntu10.15_amd64.deb ...
Unpacking libcurl3t64-gnutls:amd64 (8.5.0-2ubuntu10.15) ...
Selecting previously unselected package libduktape207:amd64.
Preparing to unpack .../201-libduktape207_2.7.0+tests-0ubuntu3_amd64.deb ...
Unpacking libduktape207:amd64 (2.7.0+tests-0ubuntu3) ...
Selecting previously unselected package libproxy1v5:amd64.
Preparing to unpack .../202-libproxy1v5_0.5.4-4build1_amd64.deb ...
Unpacking libproxy1v5:amd64 (0.5.4-4build1) ...
Selecting previously unselected package glib-networking-common.
Preparing to unpack .../203-glib-networking-common_2.80.0-1build1_all.deb ...
Unpacking glib-networking-common (2.80.0-1build1) ...
Selecting previously unselected package glib-networking-services.
Preparing to unpack .../204-glib-networking-services_2.80.0-1build1_amd64.deb ...
Unpacking glib-networking-services (2.80.0-1build1) ...
Selecting previously unselected package session-migration.
Preparing to unpack .../205-session-migration_0.3.9build1_amd64.deb ...
Unpacking session-migration (0.3.9build1) ...
Selecting previously unselected package gsettings-desktop-schemas.
Preparing to unpack .../206-gsettings-desktop-schemas_46.1-0ubuntu1_all.deb ...
Unpacking gsettings-desktop-schemas (46.1-0ubuntu1) ...
Selecting previously unselected package glib-networking:amd64.
Preparing to unpack .../207-glib-networking_2.80.0-1build1_amd64.deb ...
Unpacking glib-networking:amd64 (2.80.0-1build1) ...
Selecting previously unselected package libsoup-3.0-common.
Preparing to unpack .../208-libsoup-3.0-common_3.4.4-5ubuntu0.8_all.deb ...
Unpacking libsoup-3.0-common (3.4.4-5ubuntu0.8) ...
Selecting previously unselected package libsoup-3.0-0:amd64.
Preparing to unpack .../209-libsoup-3.0-0_3.4.4-5ubuntu0.8_amd64.deb ...
Unpacking libsoup-3.0-0:amd64 (3.4.4-5ubuntu0.8) ...
Selecting previously unselected package gir1.2-soup-3.0:amd64.
Preparing to unpack .../210-gir1.2-soup-3.0_3.4.4-5ubuntu0.8_amd64.deb ...
Unpacking gir1.2-soup-3.0:amd64 (3.4.4-5ubuntu0.8) ...
Selecting previously unselected package libcdparanoia0:amd64.
Preparing to unpack .../211-libcdparanoia0_3.10.2+debian-14build3_amd64.deb ...
Unpacking libcdparanoia0:amd64 (3.10.2+debian-14build3) ...
Selecting previously unselected package libdw1t64:amd64.
Preparing to unpack .../212-libdw1t64_0.190-1.1ubuntu0.1_amd64.deb ...
Unpacking libdw1t64:amd64 (0.190-1.1ubuntu0.1) ...
Selecting previously unselected package libunwind8:amd64.
Preparing to unpack .../213-libunwind8_1.6.2-3build1.1_amd64.deb ...
Unpacking libunwind8:amd64 (1.6.2-3build1.1) ...
Selecting previously unselected package libgstreamer1.0-0:amd64.
Preparing to unpack .../214-libgstreamer1.0-0_1.24.2-1ubuntu0.1_amd64.deb ...
Unpacking libgstreamer1.0-0:amd64 (1.24.2-1ubuntu0.1) ...
Selecting previously unselected package liborc-0.4-0t64:amd64.
Preparing to unpack .../215-liborc-0.4-0t64_1%3a0.4.38-1ubuntu0.1_amd64.deb ...
Unpacking liborc-0.4-0t64:amd64 (1:0.4.38-1ubuntu0.1) ...
Selecting previously unselected package libgstreamer-plugins-base1.0-0:amd64.
Preparing to unpack .../216-libgstreamer-plugins-base1.0-0_1.24.2-1ubuntu0.5_amd64.deb ...
Unpacking libgstreamer-plugins-base1.0-0:amd64 (1.24.2-1ubuntu0.5) ...
Selecting previously unselected package libogg0:amd64.
Preparing to unpack .../217-libogg0_1.3.5-3build1_amd64.deb ...
Unpacking libogg0:amd64 (1.3.5-3build1) ...
Selecting previously unselected package libopus0:amd64.
Preparing to unpack .../218-libopus0_1.4-1build1_amd64.deb ...
Unpacking libopus0:amd64 (1.4-1build1) ...
Selecting previously unselected package libtheora0:amd64.
Preparing to unpack .../219-libtheora0_1.1.1+dfsg.1-16.1build3_amd64.deb ...
Unpacking libtheora0:amd64 (1.1.1+dfsg.1-16.1build3) ...
Selecting previously unselected package libvisual-0.4-0:amd64.
Preparing to unpack .../220-libvisual-0.4-0_0.4.2-2build1_amd64.deb ...
Unpacking libvisual-0.4-0:amd64 (0.4.2-2build1) ...
Selecting previously unselected package libvorbis0a:amd64.
Preparing to unpack .../221-libvorbis0a_1.3.7-1build3_amd64.deb ...
Unpacking libvorbis0a:amd64 (1.3.7-1build3) ...
Selecting previously unselected package libvorbisenc2:amd64.
Preparing to unpack .../222-libvorbisenc2_1.3.7-1build3_amd64.deb ...
Unpacking libvorbisenc2:amd64 (1.3.7-1build3) ...
Selecting previously unselected package gstreamer1.0-plugins-base:amd64.
Preparing to unpack .../223-gstreamer1.0-plugins-base_1.24.2-1ubuntu0.5_amd64.deb ...
Unpacking gstreamer1.0-plugins-base:amd64 (1.24.2-1ubuntu0.5) ...
Selecting previously unselected package libaa1:amd64.
Preparing to unpack .../224-libaa1_1.4p5-51.1_amd64.deb ...
Unpacking libaa1:amd64 (1.4p5-51.1) ...
Selecting previously unselected package libraw1394-11:amd64.
Preparing to unpack .../225-libraw1394-11_2.1.2-2build3_amd64.deb ...
Unpacking libraw1394-11:amd64 (2.1.2-2build3) ...
Selecting previously unselected package libavc1394-0:amd64.
Preparing to unpack .../226-libavc1394-0_0.5.4-5build3_amd64.deb ...
Unpacking libavc1394-0:amd64 (0.5.4-5build3) ...
Selecting previously unselected package libcaca0:amd64.
Preparing to unpack .../227-libcaca0_0.99.beta20-4ubuntu0.2_amd64.deb ...
Unpacking libcaca0:amd64 (0.99.beta20-4ubuntu0.2) ...
Selecting previously unselected package libdv4t64:amd64.
Preparing to unpack .../228-libdv4t64_1.0.0-17.1build1_amd64.deb ...
Unpacking libdv4t64:amd64 (1.0.0-17.1build1) ...
Selecting previously unselected package libflac12t64:amd64.
Preparing to unpack .../229-libflac12t64_1.4.3+ds-2.1ubuntu2_amd64.deb ...
Unpacking libflac12t64:amd64 (1.4.3+ds-2.1ubuntu2) ...
Selecting previously unselected package libgstreamer-plugins-good1.0-0:amd64.
Preparing to unpack .../230-libgstreamer-plugins-good1.0-0_1.24.2-1ubuntu1.7_amd64.deb ...
Unpacking libgstreamer-plugins-good1.0-0:amd64 (1.24.2-1ubuntu1.7) ...
Selecting previously unselected package libgudev-1.0-0:amd64.
Preparing to unpack .../231-libgudev-1.0-0_1%3a238-5ubuntu1_amd64.deb ...
Unpacking libgudev-1.0-0:amd64 (1:238-5ubuntu1) ...
Selecting previously unselected package libiec61883-0:amd64.
Preparing to unpack .../232-libiec61883-0_1.2.0-6build1_amd64.deb ...
Unpacking libiec61883-0:amd64 (1.2.0-6build1) ...
Selecting previously unselected package libmp3lame0:amd64.
Preparing to unpack .../233-libmp3lame0_3.100-6build1_amd64.deb ...
Unpacking libmp3lame0:amd64 (3.100-6build1) ...
Selecting previously unselected package libmpg123-0t64:amd64.
Preparing to unpack .../234-libmpg123-0t64_1.32.5-1ubuntu1.1_amd64.deb ...
Unpacking libmpg123-0t64:amd64 (1.32.5-1ubuntu1.1) ...
Selecting previously unselected package libasyncns0:amd64.
Preparing to unpack .../235-libasyncns0_0.8-6build4_amd64.deb ...
Unpacking libasyncns0:amd64 (0.8-6build4) ...
Selecting previously unselected package libsndfile1:amd64.
Preparing to unpack .../236-libsndfile1_1.2.2-1ubuntu5.24.04.1_amd64.deb ...
Unpacking libsndfile1:amd64 (1.2.2-1ubuntu5.24.04.1) ...
Selecting previously unselected package libx11-xcb1:amd64.
Preparing to unpack .../237-libx11-xcb1_2%3a1.8.7-1build1_amd64.deb ...
Unpacking libx11-xcb1:amd64 (2:1.8.7-1build1) ...
Selecting previously unselected package libpulse0:amd64.
Preparing to unpack .../238-libpulse0_1%3a16.1+dfsg1-2ubuntu10.1_amd64.deb ...
Unpacking libpulse0:amd64 (1:16.1+dfsg1-2ubuntu10.1) ...
Selecting previously unselected package libspeex1:amd64.
Preparing to unpack .../239-libspeex1_1.2.1-2ubuntu2.24.04.1_amd64.deb ...
Unpacking libspeex1:amd64 (1.2.1-2ubuntu2.24.04.1) ...
Selecting previously unselected package libshout3:amd64.
Preparing to unpack .../240-libshout3_2.4.6-1build2_amd64.deb ...
Unpacking libshout3:amd64 (2.4.6-1build2) ...
Selecting previously unselected package libtag1v5-vanilla:amd64.
Preparing to unpack .../241-libtag1v5-vanilla_1.13.1-1build1_amd64.deb ...
Unpacking libtag1v5-vanilla:amd64 (1.13.1-1build1) ...
Selecting previously unselected package libtag1v5:amd64.
Preparing to unpack .../242-libtag1v5_1.13.1-1build1_amd64.deb ...
Unpacking libtag1v5:amd64 (1.13.1-1build1) ...
Selecting previously unselected package libtwolame0:amd64.
Preparing to unpack .../243-libtwolame0_0.4.0-2build3_amd64.deb ...
Unpacking libtwolame0:amd64 (0.4.0-2build3) ...
Selecting previously unselected package libv4lconvert0t64:amd64.
Preparing to unpack .../244-libv4lconvert0t64_1.26.1-4build3_amd64.deb ...
Unpacking libv4lconvert0t64:amd64 (1.26.1-4build3) ...
Selecting previously unselected package libv4l-0t64:amd64.
Preparing to unpack .../245-libv4l-0t64_1.26.1-4build3_amd64.deb ...
Unpacking libv4l-0t64:amd64 (1.26.1-4build3) ...
Selecting previously unselected package libvpx9:amd64.
Preparing to unpack .../246-libvpx9_1.14.0-1ubuntu2.3_amd64.deb ...
Unpacking libvpx9:amd64 (1.14.0-1ubuntu2.3) ...
Selecting previously unselected package libwavpack1:amd64.
Preparing to unpack .../247-libwavpack1_5.6.0-1build1_amd64.deb ...
Unpacking libwavpack1:amd64 (5.6.0-1build1) ...
Selecting previously unselected package x11-common.
Preparing to unpack .../248-x11-common_1%3a7.7+23ubuntu3_all.deb ...
Unpacking x11-common (1:7.7+23ubuntu3) ...
Selecting previously unselected package libxtst6:amd64.
Preparing to unpack .../249-libxtst6_2%3a1.2.3-1.1build1_amd64.deb ...
Unpacking libxtst6:amd64 (2:1.2.3-1.1build1) ...
Selecting previously unselected package gstreamer1.0-plugins-good:amd64.
Preparing to unpack .../250-gstreamer1.0-plugins-good_1.24.2-1ubuntu1.7_amd64.deb ...
Unpacking gstreamer1.0-plugins-good:amd64 (1.24.2-1ubuntu1.7) ...
Selecting previously unselected package libglvnd0:amd64.
Preparing to unpack .../251-libglvnd0_1.7.0-1build1_amd64.deb ...
Unpacking libglvnd0:amd64 (1.7.0-1build1) ...
Selecting previously unselected package libgles2:amd64.
Preparing to unpack .../252-libgles2_1.7.0-1build1_amd64.deb ...
Unpacking libgles2:amd64 (1.7.0-1build1) ...
Selecting previously unselected package xdg-dbus-proxy.
Preparing to unpack .../253-xdg-dbus-proxy_0.1.5-1ubuntu0.2_amd64.deb ...
Unpacking xdg-dbus-proxy (0.1.5-1ubuntu0.2) ...
Selecting previously unselected package hunspell-en-us.
Preparing to unpack .../254-hunspell-en-us_1%3a2020.12.07-2_all.deb ...
Unpacking hunspell-en-us (1:2020.12.07-2) ...
Selecting previously unselected package libaspell15:amd64.
Preparing to unpack .../255-libaspell15_0.60.8.1-1build1_amd64.deb ...
Unpacking libaspell15:amd64 (0.60.8.1-1build1) ...
Selecting previously unselected package libhunspell-1.7-0:amd64.
Preparing to unpack .../256-libhunspell-1.7-0_1.7.2+really1.7.2-10build3_amd64.deb ...
Unpacking libhunspell-1.7-0:amd64 (1.7.2+really1.7.2-10build3) ...
Selecting previously unselected package libenchant-2-2:amd64.
Preparing to unpack .../257-libenchant-2-2_2.3.3-2build2_amd64.deb ...
Unpacking libenchant-2-2:amd64 (2.3.3-2build2) ...
Selecting previously unselected package libdrm-amdgpu1:amd64.
Preparing to unpack .../258-libdrm-amdgpu1_2.4.125-1ubuntu0.1~24.04.2_amd64.deb ...
Unpacking libdrm-amdgpu1:amd64 (2.4.125-1ubuntu0.1~24.04.2) ...
Selecting previously unselected package libpciaccess0:amd64.
Preparing to unpack .../259-libpciaccess0_0.17-3ubuntu0.24.04.3_amd64.deb ...
Unpacking libpciaccess0:amd64 (0.17-3ubuntu0.24.04.3) ...
Selecting previously unselected package libdrm-intel1:amd64.
Preparing to unpack .../260-libdrm-intel1_2.4.125-1ubuntu0.1~24.04.2_amd64.deb ...
Unpacking libdrm-intel1:amd64 (2.4.125-1ubuntu0.1~24.04.2) ...
Selecting previously unselected package libllvm20:amd64.
Preparing to unpack .../261-libllvm20_1%3a20.1.2-0ubuntu1~24.04.3_amd64.deb ...
Unpacking libllvm20:amd64 (1:20.1.2-0ubuntu1~24.04.3) ...
Selecting previously unselected package libxcb-dri3-0:amd64.
Preparing to unpack .../262-libxcb-dri3-0_1.15-1ubuntu2_amd64.deb ...
Unpacking libxcb-dri3-0:amd64 (1.15-1ubuntu2) ...
Selecting previously unselected package libxcb-present0:amd64.
Preparing to unpack .../263-libxcb-present0_1.15-1ubuntu2_amd64.deb ...
Unpacking libxcb-present0:amd64 (1.15-1ubuntu2) ...
Selecting previously unselected package libxcb-randr0:amd64.
Preparing to unpack .../264-libxcb-randr0_1.15-1ubuntu2_amd64.deb ...
Unpacking libxcb-randr0:amd64 (1.15-1ubuntu2) ...
Selecting previously unselected package libxcb-sync1:amd64.
Preparing to unpack .../265-libxcb-sync1_1.15-1ubuntu2_amd64.deb ...
Unpacking libxcb-sync1:amd64 (1.15-1ubuntu2) ...
Selecting previously unselected package libxcb-xfixes0:amd64.
Preparing to unpack .../266-libxcb-xfixes0_1.15-1ubuntu2_amd64.deb ...
Unpacking libxcb-xfixes0:amd64 (1.15-1ubuntu2) ...
Selecting previously unselected package libxshmfence1:amd64.
Preparing to unpack .../267-libxshmfence1_1.3-1build5_amd64.deb ...
Unpacking libxshmfence1:amd64 (1.3-1build5) ...
Selecting previously unselected package mesa-libgallium:amd64.
Preparing to unpack .../268-mesa-libgallium_25.2.8-0ubuntu0.24.04.2_amd64.deb ...
Unpacking mesa-libgallium:amd64 (25.2.8-0ubuntu0.24.04.2) ...
Selecting previously unselected package libgbm1:amd64.
Preparing to unpack .../269-libgbm1_25.2.8-0ubuntu0.24.04.2_amd64.deb ...
Unpacking libgbm1:amd64 (25.2.8-0ubuntu0.24.04.2) ...
Selecting previously unselected package libegl-mesa0:amd64.
Preparing to unpack .../270-libegl-mesa0_25.2.8-0ubuntu0.24.04.2_amd64.deb ...
Unpacking libegl-mesa0:amd64 (25.2.8-0ubuntu0.24.04.2) ...
Selecting previously unselected package libegl1:amd64.
Preparing to unpack .../271-libegl1_1.7.0-1build1_amd64.deb ...
Unpacking libegl1:amd64 (1.7.0-1build1) ...
Selecting previously unselected package libxcb-glx0:amd64.
Preparing to unpack .../272-libxcb-glx0_1.15-1ubuntu2_amd64.deb ...
Unpacking libxcb-glx0:amd64 (1.15-1ubuntu2) ...
Selecting previously unselected package libxxf86vm1:amd64.
Preparing to unpack .../273-libxxf86vm1_1%3a1.1.4-1build4_amd64.deb ...
Unpacking libxxf86vm1:amd64 (1:1.1.4-1build4) ...
Selecting previously unselected package libvulkan1:amd64.
Preparing to unpack .../274-libvulkan1_1.3.275.0-1build1_amd64.deb ...
Unpacking libvulkan1:amd64 (1.3.275.0-1build1) ...
Selecting previously unselected package libgl1-mesa-dri:amd64.
Preparing to unpack .../275-libgl1-mesa-dri_25.2.8-0ubuntu0.24.04.2_amd64.deb ...
Unpacking libgl1-mesa-dri:amd64 (25.2.8-0ubuntu0.24.04.2) ...
Selecting previously unselected package libglx-mesa0:amd64.
Preparing to unpack .../276-libglx-mesa0_25.2.8-0ubuntu0.24.04.2_amd64.deb ...
Unpacking libglx-mesa0:amd64 (25.2.8-0ubuntu0.24.04.2) ...
Selecting previously unselected package libglx0:amd64.
Preparing to unpack .../277-libglx0_1.7.0-1build1_amd64.deb ...
Unpacking libglx0:amd64 (1.7.0-1build1) ...
Selecting previously unselected package libgl1:amd64.
Preparing to unpack .../278-libgl1_1.7.0-1build1_amd64.deb ...
Unpacking libgl1:amd64 (1.7.0-1build1) ...
Selecting previously unselected package libgstreamer-gl1.0-0:amd64.
Preparing to unpack .../279-libgstreamer-gl1.0-0_1.24.2-1ubuntu0.5_amd64.deb ...
Unpacking libgstreamer-gl1.0-0:amd64 (1.24.2-1ubuntu0.5) ...
Selecting previously unselected package libharfbuzz-icu0:amd64.
Preparing to unpack .../280-libharfbuzz-icu0_8.3.0-2build2_amd64.deb ...
Unpacking libharfbuzz-icu0:amd64 (8.3.0-2build2) ...
Selecting previously unselected package libhyphen0:amd64.
Preparing to unpack .../281-libhyphen0_2.8.8-7build3_amd64.deb ...
Unpacking libhyphen0:amd64 (2.8.8-7build3) ...
Selecting previously unselected package libmanette-0.2-0:amd64.
Preparing to unpack .../282-libmanette-0.2-0_0.2.7-1build2_amd64.deb ...
Unpacking libmanette-0.2-0:amd64 (0.2.7-1build2) ...
Selecting previously unselected package libsecret-common.
Preparing to unpack .../283-libsecret-common_0.21.4-1build3_all.deb ...
Unpacking libsecret-common (0.21.4-1build3) ...
Selecting previously unselected package libsecret-1-0:amd64.
Preparing to unpack .../284-libsecret-1-0_0.21.4-1build3_amd64.deb ...
Unpacking libsecret-1-0:amd64 (0.21.4-1build3) ...
Selecting previously unselected package libwayland-server0:amd64.
Preparing to unpack .../285-libwayland-server0_1.22.0-2.1build1_amd64.deb ...
Unpacking libwayland-server0:amd64 (1.22.0-2.1build1) ...
Selecting previously unselected package libwebpdemux2:amd64.
Preparing to unpack .../286-libwebpdemux2_1.3.2-0.4build3_amd64.deb ...
Unpacking libwebpdemux2:amd64 (1.3.2-0.4build3) ...
Selecting previously unselected package libwebpmux3:amd64.
Preparing to unpack .../287-libwebpmux3_1.3.2-0.4build3_amd64.deb ...
Unpacking libwebpmux3:amd64 (1.3.2-0.4build3) ...
Selecting previously unselected package libxslt1.1:amd64.
Preparing to unpack .../288-libxslt1.1_1.1.39-0exp1ubuntu0.24.04.3_amd64.deb ...
Unpacking libxslt1.1:amd64 (1.1.39-0exp1ubuntu0.24.04.3) ...
Selecting previously unselected package libwebkit2gtk-4.1-0:amd64.
Preparing to unpack .../289-libwebkit2gtk-4.1-0_2.52.6-0ubuntu0.24.04.1_amd64.deb ...
Unpacking libwebkit2gtk-4.1-0:amd64 (2.52.6-0ubuntu0.24.04.1) ...
Selecting previously unselected package gir1.2-webkit2-4.1:amd64.
Preparing to unpack .../290-gir1.2-webkit2-4.1_2.52.6-0ubuntu0.24.04.1_amd64.deb ...
Unpacking gir1.2-webkit2-4.1:amd64 (2.52.6-0ubuntu0.24.04.1) ...
Selecting previously unselected package python3-markupsafe.
Preparing to unpack .../291-python3-markupsafe_2.1.5-1build2_amd64.deb ...
Unpacking python3-markupsafe (2.1.5-1build2) ...
Selecting previously unselected package python3-mako.
Preparing to unpack .../292-python3-mako_1.3.2-1ubuntu0.1_all.deb ...
Unpacking python3-mako (1.3.2-1ubuntu0.1) ...
Selecting previously unselected package python3-markdown.
Preparing to unpack .../293-python3-markdown_3.5.2-1_all.deb ...
Unpacking python3-markdown (3.5.2-1) ...
Selecting previously unselected package python3-setuptools.
Preparing to unpack .../294-python3-setuptools_68.1.2-2ubuntu1.2_all.deb ...
Unpacking python3-setuptools (68.1.2-2ubuntu1.2) ...
Selecting previously unselected package gobject-introspection-bin.
Preparing to unpack .../295-gobject-introspection-bin_1.80.1-1_amd64.deb ...
Unpacking gobject-introspection-bin (1.80.1-1) ...
Selecting previously unselected package libffi-dev:amd64.
Preparing to unpack .../296-libffi-dev_3.4.6-1build1_amd64.deb ...
Unpacking libffi-dev:amd64 (3.4.6-1build1) ...
Selecting previously unselected package libglib2.0-bin.
Preparing to unpack .../297-libglib2.0-bin_2.80.0-6ubuntu3.9_amd64.deb ...
Unpacking libglib2.0-bin (2.80.0-6ubuntu3.9) ...
Selecting previously unselected package python3-packaging.
Preparing to unpack .../298-python3-packaging_24.0-1_all.deb ...
Unpacking python3-packaging (24.0-1) ...
Selecting previously unselected package libglib2.0-dev-bin.
Preparing to unpack .../299-libglib2.0-dev-bin_2.80.0-6ubuntu3.9_amd64.deb ...
Unpacking libglib2.0-dev-bin (2.80.0-6ubuntu3.9) ...
Selecting previously unselected package uuid-dev:amd64.
Preparing to unpack .../300-uuid-dev_2.39.3-9ubuntu6.6_amd64.deb ...
Unpacking uuid-dev:amd64 (2.39.3-9ubuntu6.6) ...
Selecting previously unselected package libblkid-dev:amd64.
Preparing to unpack .../301-libblkid-dev_2.39.3-9ubuntu6.6_amd64.deb ...
Unpacking libblkid-dev:amd64 (2.39.3-9ubuntu6.6) ...
Selecting previously unselected package libsepol-dev:amd64.
Preparing to unpack .../302-libsepol-dev_3.5-2build1_amd64.deb ...
Unpacking libsepol-dev:amd64 (3.5-2build1) ...
Selecting previously unselected package libpcre2-16-0:amd64.
Preparing to unpack .../303-libpcre2-16-0_10.42-4ubuntu2.1_amd64.deb ...
Unpacking libpcre2-16-0:amd64 (10.42-4ubuntu2.1) ...
Selecting previously unselected package libpcre2-32-0:amd64.
Preparing to unpack .../304-libpcre2-32-0_10.42-4ubuntu2.1_amd64.deb ...
Unpacking libpcre2-32-0:amd64 (10.42-4ubuntu2.1) ...
Selecting previously unselected package libpcre2-posix3:amd64.
Preparing to unpack .../305-libpcre2-posix3_10.42-4ubuntu2.1_amd64.deb ...
Unpacking libpcre2-posix3:amd64 (10.42-4ubuntu2.1) ...
Selecting previously unselected package libpcre2-dev:amd64.
Preparing to unpack .../306-libpcre2-dev_10.42-4ubuntu2.1_amd64.deb ...
Unpacking libpcre2-dev:amd64 (10.42-4ubuntu2.1) ...
Selecting previously unselected package libselinux1-dev:amd64.
Preparing to unpack .../307-libselinux1-dev_3.5-2ubuntu2.1_amd64.deb ...
Unpacking libselinux1-dev:amd64 (3.5-2ubuntu2.1) ...
Selecting previously unselected package libmount-dev:amd64.
Preparing to unpack .../308-libmount-dev_2.39.3-9ubuntu6.6_amd64.deb ...
Unpacking libmount-dev:amd64 (2.39.3-9ubuntu6.6) ...
Selecting previously unselected package libpkgconf3:amd64.
Preparing to unpack .../309-libpkgconf3_1.8.1-2build1_amd64.deb ...
Unpacking libpkgconf3:amd64 (1.8.1-2build1) ...
Selecting previously unselected package pkgconf-bin.
Preparing to unpack .../310-pkgconf-bin_1.8.1-2build1_amd64.deb ...
Unpacking pkgconf-bin (1.8.1-2build1) ...
Selecting previously unselected package pkgconf:amd64.
Preparing to unpack .../311-pkgconf_1.8.1-2build1_amd64.deb ...
Unpacking pkgconf:amd64 (1.8.1-2build1) ...
Selecting previously unselected package zlib1g-dev:amd64.
Preparing to unpack .../312-zlib1g-dev_1%3a1.3.dfsg-3.1ubuntu2.2_amd64.deb ...
Unpacking zlib1g-dev:amd64 (1:1.3.dfsg-3.1ubuntu2.2) ...
Selecting previously unselected package libgirepository-2.0-0:amd64.
Preparing to unpack .../313-libgirepository-2.0-0_2.80.0-6ubuntu3.9_amd64.deb ...
Unpacking libgirepository-2.0-0:amd64 (2.80.0-6ubuntu3.9) ...
Selecting previously unselected package libglib2.0-dev:amd64.
Preparing to unpack .../314-libglib2.0-dev_2.80.0-6ubuntu3.9_amd64.deb ...
Unpacking libglib2.0-dev:amd64 (2.80.0-6ubuntu3.9) ...
Selecting previously unselected package gobject-introspection:amd64.
Preparing to unpack .../315-gobject-introspection_1.80.1-1_amd64.deb ...
Unpacking gobject-introspection:amd64 (1.80.1-1) ...
Selecting previously unselected package icu-devtools.
Preparing to unpack .../316-icu-devtools_74.2-1ubuntu3.1_amd64.deb ...
Unpacking icu-devtools (74.2-1ubuntu3.1) ...
Selecting previously unselected package libatk1.0-dev:amd64.
Preparing to unpack .../317-libatk1.0-dev_2.52.0-1build1_amd64.deb ...
Unpacking libatk1.0-dev:amd64 (2.52.0-1build1) ...
Selecting previously unselected package xml-core.
Preparing to unpack .../318-xml-core_0.19_all.deb ...
Unpacking xml-core (0.19) ...
Selecting previously unselected package libdbus-1-dev:amd64.
Preparing to unpack .../319-libdbus-1-dev_1.14.10-4ubuntu4.1_amd64.deb ...
Unpacking libdbus-1-dev:amd64 (1.14.10-4ubuntu4.1) ...
Selecting previously unselected package xorg-sgml-doctools.
Preparing to unpack .../320-xorg-sgml-doctools_1%3a1.11-1.1_all.deb ...
Unpacking xorg-sgml-doctools (1:1.11-1.1) ...
Selecting previously unselected package x11proto-dev.
Preparing to unpack .../321-x11proto-dev_2023.2-1_all.deb ...
Unpacking x11proto-dev (2023.2-1) ...
Selecting previously unselected package libxau-dev:amd64.
Preparing to unpack .../322-libxau-dev_1%3a1.0.9-1build6_amd64.deb ...
Unpacking libxau-dev:amd64 (1:1.0.9-1build6) ...
Selecting previously unselected package libxdmcp-dev:amd64.
Preparing to unpack .../323-libxdmcp-dev_1%3a1.1.3-0ubuntu6_amd64.deb ...
Unpacking libxdmcp-dev:amd64 (1:1.1.3-0ubuntu6) ...
Selecting previously unselected package xtrans-dev.
Preparing to unpack .../324-xtrans-dev_1.4.0-1_all.deb ...
Unpacking xtrans-dev (1.4.0-1) ...
Selecting previously unselected package libpthread-stubs0-dev:amd64.
Preparing to unpack .../325-libpthread-stubs0-dev_0.4-1build3_amd64.deb ...
Unpacking libpthread-stubs0-dev:amd64 (0.4-1build3) ...
Selecting previously unselected package libxcb1-dev:amd64.
Preparing to unpack .../326-libxcb1-dev_1.15-1ubuntu2_amd64.deb ...
Unpacking libxcb1-dev:amd64 (1.15-1ubuntu2) ...
Selecting previously unselected package libx11-dev:amd64.
Preparing to unpack .../327-libx11-dev_2%3a1.8.7-1build1_amd64.deb ...
Unpacking libx11-dev:amd64 (2:1.8.7-1build1) ...
Selecting previously unselected package libxext-dev:amd64.
Preparing to unpack .../328-libxext-dev_2%3a1.3.4-1build2_amd64.deb ...
Unpacking libxext-dev:amd64 (2:1.3.4-1build2) ...
Selecting previously unselected package libxfixes-dev:amd64.
Preparing to unpack .../329-libxfixes-dev_1%3a6.0.0-2build1_amd64.deb ...
Unpacking libxfixes-dev:amd64 (1:6.0.0-2build1) ...
Selecting previously unselected package libxi-dev:amd64.
Preparing to unpack .../330-libxi-dev_2%3a1.8.1-1build1_amd64.deb ...
Unpacking libxi-dev:amd64 (2:1.8.1-1build1) ...
Selecting previously unselected package libxtst-dev:amd64.
Preparing to unpack .../331-libxtst-dev_2%3a1.2.3-1.1build1_amd64.deb ...
Unpacking libxtst-dev:amd64 (2:1.2.3-1.1build1) ...
Selecting previously unselected package libatspi2.0-dev:amd64.
Preparing to unpack .../332-libatspi2.0-dev_2.52.0-1build1_amd64.deb ...
Unpacking libatspi2.0-dev:amd64 (2.52.0-1build1) ...
Selecting previously unselected package libatk-bridge2.0-dev:amd64.
Preparing to unpack .../333-libatk-bridge2.0-dev_2.52.0-1build1_amd64.deb ...
Unpacking libatk-bridge2.0-dev:amd64 (2.52.0-1build1) ...
Selecting previously unselected package liblzo2-2:amd64.
Preparing to unpack .../334-liblzo2-2_2.10-2build4_amd64.deb ...
Unpacking liblzo2-2:amd64 (2.10-2build4) ...
Selecting previously unselected package libcairo-script-interpreter2:amd64.
Preparing to unpack .../335-libcairo-script-interpreter2_1.18.0-3build1_amd64.deb ...
Unpacking libcairo-script-interpreter2:amd64 (1.18.0-3build1) ...
Selecting previously unselected package libexpat1-dev:amd64.
Preparing to unpack .../336-libexpat1-dev_2.6.1-2ubuntu0.6_amd64.deb ...
Unpacking libexpat1-dev:amd64 (2.6.1-2ubuntu0.6) ...
Selecting previously unselected package libbrotli-dev:amd64.
Preparing to unpack .../337-libbrotli-dev_1.1.0-2build2_amd64.deb ...
Unpacking libbrotli-dev:amd64 (1.1.0-2build2) ...
Selecting previously unselected package libbz2-dev:amd64.
Preparing to unpack .../338-libbz2-dev_1.0.8-5.1ubuntu0.1_amd64.deb ...
Unpacking libbz2-dev:amd64 (1.0.8-5.1ubuntu0.1) ...
Selecting previously unselected package libpng-dev:amd64.
Preparing to unpack .../339-libpng-dev_1.6.43-5ubuntu0.6_amd64.deb ...
Unpacking libpng-dev:amd64 (1.6.43-5ubuntu0.6) ...
Selecting previously unselected package libfreetype-dev:amd64.
Preparing to unpack .../340-libfreetype-dev_2.13.2+dfsg-1ubuntu0.1_amd64.deb ...
Unpacking libfreetype-dev:amd64 (2.13.2+dfsg-1ubuntu0.1) ...
Selecting previously unselected package libfontconfig-dev:amd64.
Preparing to unpack .../341-libfontconfig-dev_2.15.0-1.1ubuntu2_amd64.deb ...
Unpacking libfontconfig-dev:amd64 (2.15.0-1.1ubuntu2) ...
Selecting previously unselected package libpixman-1-dev:amd64.
Preparing to unpack .../342-libpixman-1-dev_0.42.2-1build1_amd64.deb ...
Unpacking libpixman-1-dev:amd64 (0.42.2-1build1) ...
Selecting previously unselected package libice6:amd64.
Preparing to unpack .../343-libice6_2%3a1.0.10-1build3_amd64.deb ...
Unpacking libice6:amd64 (2:1.0.10-1build3) ...
Selecting previously unselected package libsm6:amd64.
Preparing to unpack .../344-libsm6_2%3a1.2.3-1build3_amd64.deb ...
Unpacking libsm6:amd64 (2:1.2.3-1build3) ...
Selecting previously unselected package libice-dev:amd64.
Preparing to unpack .../345-libice-dev_2%3a1.0.10-1build3_amd64.deb ...
Unpacking libice-dev:amd64 (2:1.0.10-1build3) ...
Selecting previously unselected package libsm-dev:amd64.
Preparing to unpack .../346-libsm-dev_2%3a1.2.3-1build3_amd64.deb ...
Unpacking libsm-dev:amd64 (2:1.2.3-1build3) ...
Selecting previously unselected package libxcb-render0-dev:amd64.
Preparing to unpack .../347-libxcb-render0-dev_1.15-1ubuntu2_amd64.deb ...
Unpacking libxcb-render0-dev:amd64 (1.15-1ubuntu2) ...
Selecting previously unselected package libxcb-shm0-dev:amd64.
Preparing to unpack .../348-libxcb-shm0-dev_1.15-1ubuntu2_amd64.deb ...
Unpacking libxcb-shm0-dev:amd64 (1.15-1ubuntu2) ...
Selecting previously unselected package libxrender-dev:amd64.
Preparing to unpack .../349-libxrender-dev_1%3a0.9.10-1.1build1_amd64.deb ...
Unpacking libxrender-dev:amd64 (1:0.9.10-1.1build1) ...
Selecting previously unselected package libcairo2-dev:amd64.
Preparing to unpack .../350-libcairo2-dev_1.18.0-3build1_amd64.deb ...
Unpacking libcairo2-dev:amd64 (1.18.0-3build1) ...
Selecting previously unselected package libglx-dev:amd64.
Preparing to unpack .../351-libglx-dev_1.7.0-1build1_amd64.deb ...
Unpacking libglx-dev:amd64 (1.7.0-1build1) ...
Selecting previously unselected package libgl-dev:amd64.
Preparing to unpack .../352-libgl-dev_1.7.0-1build1_amd64.deb ...
Unpacking libgl-dev:amd64 (1.7.0-1build1) ...
Selecting previously unselected package libegl-dev:amd64.
Preparing to unpack .../353-libegl-dev_1.7.0-1build1_amd64.deb ...
Unpacking libegl-dev:amd64 (1.7.0-1build1) ...
Selecting previously unselected package libglvnd-core-dev:amd64.
Preparing to unpack .../354-libglvnd-core-dev_1.7.0-1build1_amd64.deb ...
Unpacking libglvnd-core-dev:amd64 (1.7.0-1build1) ...
Selecting previously unselected package libgles1:amd64.
Preparing to unpack .../355-libgles1_1.7.0-1build1_amd64.deb ...
Unpacking libgles1:amd64 (1.7.0-1build1) ...
Selecting previously unselected package libgles-dev:amd64.
Preparing to unpack .../356-libgles-dev_1.7.0-1build1_amd64.deb ...
Unpacking libgles-dev:amd64 (1.7.0-1build1) ...
Selecting previously unselected package libopengl0:amd64.
Preparing to unpack .../357-libopengl0_1.7.0-1build1_amd64.deb ...
Unpacking libopengl0:amd64 (1.7.0-1build1) ...
Selecting previously unselected package libopengl-dev:amd64.
Preparing to unpack .../358-libopengl-dev_1.7.0-1build1_amd64.deb ...
Unpacking libopengl-dev:amd64 (1.7.0-1build1) ...
Selecting previously unselected package libglvnd-dev:amd64.
Preparing to unpack .../359-libglvnd-dev_1.7.0-1build1_amd64.deb ...
Unpacking libglvnd-dev:amd64 (1.7.0-1build1) ...
Selecting previously unselected package libegl1-mesa-dev:amd64.
Preparing to unpack .../360-libegl1-mesa-dev_25.2.8-0ubuntu0.24.04.2_amd64.deb ...
Unpacking libegl1-mesa-dev:amd64 (25.2.8-0ubuntu0.24.04.2) ...
Selecting previously unselected package libepoxy-dev:amd64.
Preparing to unpack .../361-libepoxy-dev_1.5.10-1build1_amd64.deb ...
Unpacking libepoxy-dev:amd64 (1.5.10-1build1) ...
Selecting previously unselected package libfribidi-dev:amd64.
Preparing to unpack .../362-libfribidi-dev_1.0.13-3build1_amd64.deb ...
Unpacking libfribidi-dev:amd64 (1.0.13-3build1) ...
Selecting previously unselected package libgdk-pixbuf2.0-bin.
Preparing to unpack .../363-libgdk-pixbuf2.0-bin_2.42.10+dfsg-3ubuntu3.3_amd64.deb ...
Unpacking libgdk-pixbuf2.0-bin (2.42.10+dfsg-3ubuntu3.3) ...
Selecting previously unselected package libjpeg-turbo8-dev:amd64.
Preparing to unpack .../364-libjpeg-turbo8-dev_2.1.5-2ubuntu2_amd64.deb ...
Unpacking libjpeg-turbo8-dev:amd64 (2.1.5-2ubuntu2) ...
Selecting previously unselected package libjpeg8-dev:amd64.
Preparing to unpack .../365-libjpeg8-dev_8c-2ubuntu11_amd64.deb ...
Unpacking libjpeg8-dev:amd64 (8c-2ubuntu11) ...
Selecting previously unselected package libjpeg-dev:amd64.
Preparing to unpack .../366-libjpeg-dev_8c-2ubuntu11_amd64.deb ...
Unpacking libjpeg-dev:amd64 (8c-2ubuntu11) ...
Selecting previously unselected package libjbig-dev:amd64.
Preparing to unpack .../367-libjbig-dev_2.1-6.1ubuntu2_amd64.deb ...
Unpacking libjbig-dev:amd64 (2.1-6.1ubuntu2) ...
Selecting previously unselected package liblzma-dev:amd64.
Preparing to unpack .../368-liblzma-dev_5.6.1+really5.4.5-1ubuntu0.3_amd64.deb ...
Unpacking liblzma-dev:amd64 (5.6.1+really5.4.5-1ubuntu0.3) ...
Selecting previously unselected package libzstd-dev:amd64.
Preparing to unpack .../369-libzstd-dev_1.5.5+dfsg2-2build1.1_amd64.deb ...
Unpacking libzstd-dev:amd64 (1.5.5+dfsg2-2build1.1) ...
Selecting previously unselected package libwebpdecoder3:amd64.
Preparing to unpack .../370-libwebpdecoder3_1.3.2-0.4build3_amd64.deb ...
Unpacking libwebpdecoder3:amd64 (1.3.2-0.4build3) ...
Selecting previously unselected package libsharpyuv-dev:amd64.
Preparing to unpack .../371-libsharpyuv-dev_1.3.2-0.4build3_amd64.deb ...
Unpacking libsharpyuv-dev:amd64 (1.3.2-0.4build3) ...
Selecting previously unselected package libwebp-dev:amd64.
Preparing to unpack .../372-libwebp-dev_1.3.2-0.4build3_amd64.deb ...
Unpacking libwebp-dev:amd64 (1.3.2-0.4build3) ...
Selecting previously unselected package libtiffxx6:amd64.
Preparing to unpack .../373-libtiffxx6_4.5.1+git230720-4ubuntu2.5_amd64.deb ...
Unpacking libtiffxx6:amd64 (4.5.1+git230720-4ubuntu2.5) ...
Selecting previously unselected package libdeflate-dev:amd64.
Preparing to unpack .../374-libdeflate-dev_1.19-1build1.1_amd64.deb ...
Unpacking libdeflate-dev:amd64 (1.19-1build1.1) ...
Selecting previously unselected package liblerc-dev:amd64.
Preparing to unpack .../375-liblerc-dev_4.0.0+ds-4ubuntu2_amd64.deb ...
Unpacking liblerc-dev:amd64 (4.0.0+ds-4ubuntu2) ...
Selecting previously unselected package libtiff-dev:amd64.
Preparing to unpack .../376-libtiff-dev_4.5.1+git230720-4ubuntu2.5_amd64.deb ...
Unpacking libtiff-dev:amd64 (4.5.1+git230720-4ubuntu2.5) ...
Selecting previously unselected package libgdk-pixbuf-2.0-dev:amd64.
Preparing to unpack .../377-libgdk-pixbuf-2.0-dev_2.42.10+dfsg-3ubuntu3.3_amd64.deb ...
Unpacking libgdk-pixbuf-2.0-dev:amd64 (2.42.10+dfsg-3ubuntu3.3) ...
Selecting previously unselected package libharfbuzz-subset0:amd64.
Preparing to unpack .../378-libharfbuzz-subset0_8.3.0-2build2_amd64.deb ...
Unpacking libharfbuzz-subset0:amd64 (8.3.0-2build2) ...
Selecting previously unselected package libharfbuzz-cairo0:amd64.
Preparing to unpack .../379-libharfbuzz-cairo0_8.3.0-2build2_amd64.deb ...
Unpacking libharfbuzz-cairo0:amd64 (8.3.0-2build2) ...
Selecting previously unselected package libgraphite2-dev:amd64.
Preparing to unpack .../380-libgraphite2-dev_1.3.14-2ubuntu0.24.04.1_amd64.deb ...
Unpacking libgraphite2-dev:amd64 (1.3.14-2ubuntu0.24.04.1) ...
Selecting previously unselected package libicu-dev:amd64.
Preparing to unpack .../381-libicu-dev_74.2-1ubuntu3.1_amd64.deb ...
Unpacking libicu-dev:amd64 (74.2-1ubuntu3.1) ...
Selecting previously unselected package libharfbuzz-dev:amd64.
Preparing to unpack .../382-libharfbuzz-dev_8.3.0-2build2_amd64.deb ...
Unpacking libharfbuzz-dev:amd64 (8.3.0-2build2) ...
Selecting previously unselected package libdatrie-dev:amd64.
Preparing to unpack .../383-libdatrie-dev_0.2.13-3build1_amd64.deb ...
Unpacking libdatrie-dev:amd64 (0.2.13-3build1) ...
Selecting previously unselected package libthai-dev:amd64.
Preparing to unpack .../384-libthai-dev_0.1.29-2build1_amd64.deb ...
Unpacking libthai-dev:amd64 (0.1.29-2build1) ...
Selecting previously unselected package libxft-dev:amd64.
Preparing to unpack .../385-libxft-dev_2.3.6-1build1_amd64.deb ...
Unpacking libxft-dev:amd64 (2.3.6-1build1) ...
Selecting previously unselected package pango1.0-tools.
Preparing to unpack .../386-pango1.0-tools_1.52.1+ds-1build1_amd64.deb ...
Unpacking pango1.0-tools (1.52.1+ds-1build1) ...
Selecting previously unselected package libpango1.0-dev:amd64.
Preparing to unpack .../387-libpango1.0-dev_1.52.1+ds-1build1_amd64.deb ...
Unpacking libpango1.0-dev:amd64 (1.52.1+ds-1build1) ...
Selecting previously unselected package libwayland-bin.
Preparing to unpack .../388-libwayland-bin_1.22.0-2.1build1_amd64.deb ...
Unpacking libwayland-bin (1.22.0-2.1build1) ...
Selecting previously unselected package libwayland-dev:amd64.
Preparing to unpack .../389-libwayland-dev_1.22.0-2.1build1_amd64.deb ...
Unpacking libwayland-dev:amd64 (1.22.0-2.1build1) ...
Selecting previously unselected package libxcomposite-dev:amd64.
Preparing to unpack .../390-libxcomposite-dev_1%3a0.4.5-1build3_amd64.deb ...
Unpacking libxcomposite-dev:amd64 (1:0.4.5-1build3) ...
Selecting previously unselected package libxcursor-dev:amd64.
Preparing to unpack .../391-libxcursor-dev_1%3a1.2.1-1build1_amd64.deb ...
Unpacking libxcursor-dev:amd64 (1:1.2.1-1build1) ...
Selecting previously unselected package libxdamage-dev:amd64.
Preparing to unpack .../392-libxdamage-dev_1%3a1.1.6-1build1_amd64.deb ...
Unpacking libxdamage-dev:amd64 (1:1.1.6-1build1) ...
Selecting previously unselected package libxinerama-dev:amd64.
Preparing to unpack .../393-libxinerama-dev_2%3a1.1.4-3build1_amd64.deb ...
Unpacking libxinerama-dev:amd64 (2:1.1.4-3build1) ...
Selecting previously unselected package libxkbcommon-dev:amd64.
Preparing to unpack .../394-libxkbcommon-dev_1.6.0-1build1_amd64.deb ...
Unpacking libxkbcommon-dev:amd64 (1.6.0-1build1) ...
Selecting previously unselected package libxrandr-dev:amd64.
Preparing to unpack .../395-libxrandr-dev_2%3a1.5.2-2build1_amd64.deb ...
Unpacking libxrandr-dev:amd64 (2:1.5.2-2build1) ...
Selecting previously unselected package wayland-protocols.
Preparing to unpack .../396-wayland-protocols_1.45-1~ubuntu0.24.04.2_all.deb ...
Unpacking wayland-protocols (1.45-1~ubuntu0.24.04.2) ...
Selecting previously unselected package libgtk-3-dev:amd64.
Preparing to unpack .../397-libgtk-3-dev_3.24.41-4ubuntu1.3_amd64.deb ...
Unpacking libgtk-3-dev:amd64 (3.24.41-4ubuntu1.3) ...
Selecting previously unselected package pkg-config:amd64.
Preparing to unpack .../398-pkg-config_1.8.1-2build1_amd64.deb ...
Unpacking pkg-config:amd64 (1.8.1-2build1) ...
Selecting previously unselected package libayatana-ido3-dev.
Preparing to unpack .../399-libayatana-ido3-dev_0.10.1-1build2_amd64.deb ...
Unpacking libayatana-ido3-dev (0.10.1-1build2) ...
Selecting previously unselected package libayatana-indicator3-dev.
Preparing to unpack .../400-libayatana-indicator3-dev_0.9.4-1build1_amd64.deb ...
Unpacking libayatana-indicator3-dev (0.9.4-1build1) ...
Selecting previously unselected package libdbusmenu-glib-dev:amd64.
Preparing to unpack .../401-libdbusmenu-glib-dev_18.10.20180917~bzr492+repack1-3.1ubuntu5_amd64.deb ...
Unpacking libdbusmenu-glib-dev:amd64 (18.10.20180917~bzr492+repack1-3.1ubuntu5) ...
Selecting previously unselected package libayatana-appindicator3-dev.
Preparing to unpack .../402-libayatana-appindicator3-dev_0.5.93-1build3_amd64.deb ...
Unpacking libayatana-appindicator3-dev (0.5.93-1build3) ...
Selecting previously unselected package libgirepository-1.0-dev:amd64.
Preparing to unpack .../403-libgirepository-1.0-dev_1.80.1-1_amd64.deb ...
Unpacking libgirepository-1.0-dev:amd64 (1.80.1-1) ...
Selecting previously unselected package libgirepository1.0-dev.
Preparing to unpack .../404-libgirepository1.0-dev_1.80.1-1_amd64.deb ...
Unpacking libgirepository1.0-dev (1.80.1-1) ...
Selecting previously unselected package libjavascriptcoregtk-4.1-dev:amd64.
Preparing to unpack .../405-libjavascriptcoregtk-4.1-dev_2.52.6-0ubuntu0.24.04.1_amd64.deb ...
Unpacking libjavascriptcoregtk-4.1-dev:amd64 (2.52.6-0ubuntu0.24.04.1) ...
Selecting previously unselected package libnghttp2-dev:amd64.
Preparing to unpack .../406-libnghttp2-dev_1.59.0-1ubuntu0.4_amd64.deb ...
Unpacking libnghttp2-dev:amd64 (1.59.0-1ubuntu0.4) ...
Selecting previously unselected package libpsl-dev:amd64.
Preparing to unpack .../407-libpsl-dev_0.21.2-1.1build1_amd64.deb ...
Unpacking libpsl-dev:amd64 (0.21.2-1.1build1) ...
Selecting previously unselected package librsvg2-common:amd64.
Preparing to unpack .../408-librsvg2-common_2.58.0+dfsg-1build1_amd64.deb ...
Unpacking librsvg2-common:amd64 (2.58.0+dfsg-1build1) ...
Selecting previously unselected package librsvg2-dev:amd64.
Preparing to unpack .../409-librsvg2-dev_2.58.0+dfsg-1build1_amd64.deb ...
Unpacking librsvg2-dev:amd64 (2.58.0+dfsg-1build1) ...
Selecting previously unselected package libsqlite3-dev:amd64.
Preparing to unpack .../410-libsqlite3-dev_3.45.1-1ubuntu2.8_amd64.deb ...
Unpacking libsqlite3-dev:amd64 (3.45.1-1ubuntu2.8) ...
Selecting previously unselected package libsysprof-capture-4-dev:amd64.
Preparing to unpack .../411-libsysprof-capture-4-dev_46.0-1build1_amd64.deb ...
Unpacking libsysprof-capture-4-dev:amd64 (46.0-1build1) ...
Selecting previously unselected package libsoup-3.0-dev:amd64.
Preparing to unpack .../412-libsoup-3.0-dev_3.4.4-5ubuntu0.8_amd64.deb ...
Unpacking libsoup-3.0-dev:amd64 (3.4.4-5ubuntu0.8) ...
Selecting previously unselected package libwebkit2gtk-4.1-dev.
Preparing to unpack .../413-libwebkit2gtk-4.1-dev_2.52.6-0ubuntu0.24.04.1_amd64.deb ...
Unpacking libwebkit2gtk-4.1-dev (2.52.6-0ubuntu0.24.04.1) ...
Selecting previously unselected package patchelf.
Preparing to unpack .../414-patchelf_0.18.0-1.1build1_amd64.deb ...
Unpacking patchelf (0.18.0-1.1build1) ...
Selecting previously unselected package python3-pip-whl.
Preparing to unpack .../415-python3-pip-whl_24.0+dfsg-1ubuntu1.3_all.deb ...
Unpacking python3-pip-whl (24.0+dfsg-1ubuntu1.3) ...
Selecting previously unselected package python3-setuptools-whl.
Preparing to unpack .../416-python3-setuptools-whl_68.1.2-2ubuntu1.2_all.deb ...
Unpacking python3-setuptools-whl (68.1.2-2ubuntu1.2) ...
Selecting previously unselected package python3.12-venv.
Preparing to unpack .../417-python3.12-venv_3.12.3-1ubuntu0.17_amd64.deb ...
Unpacking python3.12-venv (3.12.3-1ubuntu0.17) ...
Selecting previously unselected package python3-venv.
Preparing to unpack .../418-python3-venv_3.12.3-0ubuntu2.1_amd64.deb ...
Unpacking python3-venv (3.12.3-0ubuntu2.1) ...
Selecting previously unselected package libxdo3:amd64.
Preparing to unpack .../419-libxdo3_1%3a3.20160805.1-5build1_amd64.deb ...
Unpacking libxdo3:amd64 (1:3.20160805.1-5build1) ...
Selecting previously unselected package libxdo-dev.
Preparing to unpack .../420-libxdo-dev_1%3a3.20160805.1-5build1_amd64.deb ...
Unpacking libxdo-dev (1:3.20160805.1-5build1) ...
Setting up media-types (10.1.0) ...
Setting up bubblewrap (0.9.0-1ubuntu0.3) ...
Setting up libtext-iconv-perl:amd64 (1.7-8build3) ...
Setting up libgraphite2-3:amd64 (1.3.14-2ubuntu0.24.04.1) ...
Setting up liblcms2-2:amd64 (2.14-2ubuntu0.1) ...
Setting up libpixman-1-0:amd64 (0.42.2-1build1) ...
Setting up libcdparanoia0:amd64 (3.10.2+debian-14build3) ...
Setting up libsharpyuv0:amd64 (1.3.2-0.4build3) ...
Setting up libwayland-server0:amd64 (1.22.0-2.1build1) ...
Setting up libpciaccess0:amd64 (0.17-3ubuntu0.24.04.3) ...
Setting up systemd-sysv (255.4-1ubuntu8.17) ...
Setting up libxau6:amd64 (1:1.0.9-1build6) ...
Setting up python3-setuptools-whl (68.1.2-2ubuntu1.2) ...
Setting up libraw1394-11:amd64 (2.1.2-2build3) ...
Setting up libkeyutils1:amd64 (1.6.3-3build1) ...
Setting up lto-disabled-list (47) ...
Setting up libtag1v5-vanilla:amd64 (1.13.1-1build1) ...
Setting up libpixman-1-dev:amd64 (0.42.2-1build1) ...
Setting up libgpm2:amd64 (1.20.7-11) ...
Setting up libogg0:amd64 (1.3.5-3build1) ...
Setting up liblerc4:amd64 (4.0.0+ds-4ubuntu2) ...
Setting up libzstd-dev:amd64 (1.5.5+dfsg2-2build1.1) ...
Setting up libspeex1:amd64 (1.2.1-2ubuntu2.24.04.1) ...
Setting up libgdbm6t64:amd64 (1.23-5.1build1) ...
Setting up libglvnd-core-dev:amd64 (1.7.0-1build1) ...
Setting up hicolor-icon-theme (0.17-2) ...
Setting up libtwolame0:amd64 (0.4.0-2build3) ...
Setting up libhyphen0:amd64 (2.8.8-7build3) ...
Setting up libdatrie1:amd64 (0.2.13-3build1) ...
Setting up libgdbm-compat4t64:amd64 (1.23-5.1build1) ...
Setting up libmagic-mgc (1:5.45-3build1) ...
Setting up libvisual-0.4-0:amd64 (0.4.2-2build1) ...
Setting up libaspell15:amd64 (0.60.8.1-1build1) ...
Setting up libglvnd0:amd64 (1.7.0-1build1) ...
Setting up libbrotli1:amd64 (1.1.0-2build2) ...
Setting up libsqlite3-0:amd64 (3.45.1-1ubuntu2.8) ...
Setting up libgdk-pixbuf2.0-common (2.42.10+dfsg-3ubuntu3.3) ...
Setting up libmagic1t64:amd64 (1:5.45-3build1) ...
Setting up binutils-common:amd64 (2.42-4ubuntu2.10) ...
Setting up x11-common (1:7.7+23ubuntu3) ...
invoke-rc.d: could not determine current runlevel
invoke-rc.d: policy-rc.d denied execution of start.
Setting up libsensors-config (1:3.6.0-9build1) ...
Setting up libpsl5t64:amd64 (0.21.2-1.1build1) ...
Setting up libnghttp2-14:amd64 (1.59.0-1ubuntu0.4) ...
Setting up libdeflate0:amd64 (1.19-1build1.1) ...
Setting up linux-libc-dev:amd64 (6.8.0-142.142) ...
Setting up libwebpdecoder3:amd64 (1.3.2-0.4build3) ...
Setting up libctf-nobfd0:amd64 (2.42-4ubuntu2.10) ...
Setting up xkb-data (2.41-2ubuntu1.1) ...
Setting up liblzo2-2:amd64 (2.10-2build4) ...
Setting up file (1:5.45-3build1) ...
Setting up libsoup-3.0-common (3.4.4-5ubuntu0.8) ...
Setting up libmpg123-0t64:amd64 (1.32.5-1ubuntu1.1) ...
Setting up libgomp1:amd64 (14.2.0-4ubuntu2~24.04.1) ...
Setting up bzip2 (1.0.8-5.1ubuntu0.1) ...
Setting up libffi-dev:amd64 (3.4.6-1build1) ...
Setting up libunwind8:amd64 (1.6.2-3build1.1) ...
Setting up libpthread-stubs0-dev:amd64 (0.4-1build3) ...
Setting up libjbig0:amd64 (2.1-6.1ubuntu2) ...
Setting up libpcre2-16-0:amd64 (10.42-4ubuntu2.1) ...
Setting up libsframe1:amd64 (2.42-4ubuntu2.10) ...
Setting up libopengl0:amd64 (1.7.0-1build1) ...
Setting up libelf1t64:amd64 (0.190-1.1ubuntu0.1) ...
Setting up libjansson4:amd64 (2.14-2build2) ...
Setting up libpsl-dev:amd64 (0.21.2-1.1build1) ...
Setting up liborc-0.4-0t64:amd64 (1:0.4.38-1ubuntu0.1) ...
Setting up libkrb5support0:amd64 (1.20.1-6ubuntu2.10) ...
Setting up libdw1t64:amd64 (0.190-1.1ubuntu0.1) ...
Setting up libsasl2-modules-db:amd64 (2.1.28+dfsg1-5ubuntu3.1) ...
Setting up tzdata (2026c-0ubuntu0.24.04.1) ...

Current default time zone: 'Etc/UTC'
Local time is now:      Sun Sep 27 07:42:34 UTC 2026.
Universal Time is now:  Sun Sep 27 07:42:34 UTC 2026.
Run 'dpkg-reconfigure tzdata' if you wish to change it.

Setting up libcap2-bin (1:2.66-5ubuntu2.4) ...
Setting up libsysprof-capture-4-dev:amd64 (46.0-1build1) ...
Setting up xtrans-dev (1.4.0-1) ...
Setting up libgraphite2-dev:amd64 (1.3.14-2ubuntu0.24.04.1) ...
Setting up libpcre2-32-0:amd64 (10.42-4ubuntu2.1) ...
Setting up libglib2.0-0t64:amd64 (2.80.0-6ubuntu3.9) ...
Setting up libglib2.0-data (2.80.0-6ubuntu3.9) ...
Setting up libpkgconf3:amd64 (1.8.1-2build1) ...
Setting up rpcsvc-proto (1.4.2-0ubuntu7) ...
Setting up libgles2:amd64 (1.7.0-1build1) ...
Setting up gcc-13-base:amd64 (13.3.0-6ubuntu2~24.04.1) ...
Setting up emacsen-common (3.0.5) ...
Setting up libslang2:amd64 (2.3.3-3build2) ...
Setting up libx11-data (2:1.8.7-1build1) ...
Setting up make (4.3-4.1build2) ...
Setting up libepoxy0:amd64 (1.5.10-1build1) ...
Setting up libmpfr6:amd64 (4.2.1-1build1.1) ...
Setting up librtmp1:amd64 (2.4+20151223.gitfa8646d.1-2build7) ...
Setting up libavahi-common-data:amd64 (0.8-13ubuntu6.2) ...
Setting up libncurses6:amd64 (6.4+20240113-1ubuntu2.2) ...
Setting up libgles1:amd64 (1.7.0-1build1) ...
Setting up libdbus-1-3:amd64 (1.14.10-4ubuntu4.1) ...
Setting up xz-utils (5.6.1+really5.4.5-1ubuntu0.3) ...
update-alternatives: using /usr/bin/xz to provide /usr/bin/lzma (lzma) in auto mode
update-alternatives: warning: skip creation of /usr/share/man/man1/lzma.1.gz because associated file /usr/share/man/man1/xz.1.gz (of link group lzma) doesn't exist
update-alternatives: warning: skip creation of /usr/share/man/man1/unlzma.1.gz because associated file /usr/share/man/man1/unxz.1.gz (of link group lzma) doesn't exist
update-alternatives: warning: skip creation of /usr/share/man/man1/lzcat.1.gz because associated file /usr/share/man/man1/xzcat.1.gz (of link group lzma) doesn't exist
update-alternatives: warning: skip creation of /usr/share/man/man1/lzmore.1.gz because associated file /usr/share/man/man1/xzmore.1.gz (of link group lzma) doesn't exist
update-alternatives: warning: skip creation of /usr/share/man/man1/lzless.1.gz because associated file /usr/share/man/man1/xzless.1.gz (of link group lzma) doesn't exist
update-alternatives: warning: skip creation of /usr/share/man/man1/lzdiff.1.gz because associated file /usr/share/man/man1/xzdiff.1.gz (of link group lzma) doesn't exist
update-alternatives: warning: skip creation of /usr/share/man/man1/lzcmp.1.gz because associated file /usr/share/man/man1/xzcmp.1.gz (of link group lzma) doesn't exist
update-alternatives: warning: skip creation of /usr/share/man/man1/lzgrep.1.gz because associated file /usr/share/man/man1/xzgrep.1.gz (of link group lzma) doesn't exist
update-alternatives: warning: skip creation of /usr/share/man/man1/lzegrep.1.gz because associated file /usr/share/man/man1/xzegrep.1.gz (of link group lzma) doesn't exist
update-alternatives: warning: skip creation of /usr/share/man/man1/lzfgrep.1.gz because associated file /usr/share/man/man1/xzfgrep.1.gz (of link group lzma) doesn't exist
Setting up libfribidi0:amd64 (1.0.13-3build1) ...
Setting up perl-modules-5.38 (5.38.2-3.2ubuntu0.6) ...
Setting up libopus0:amd64 (1.4-1build1) ...
Setting up libquadmath0:amd64 (14.2.0-4ubuntu2~24.04.1) ...
Setting up fonts-dejavu-mono (2.37-8) ...
Setting up libpng16-16t64:amd64 (1.6.43-5ubuntu0.6) ...
Setting up libmpc3:amd64 (1.3.1-1build1.1) ...
Setting up libatomic1:amd64 (14.2.0-4ubuntu2~24.04.1) ...
Setting up libvorbis0a:amd64 (1.3.7-1build3) ...
Setting up patch (2.7.6-7build3) ...
Setting up fonts-dejavu-core (2.37-8) ...
Setting up libdv4t64:amd64 (1.0.0-17.1build1) ...
Setting up libsepol-dev:amd64 (3.5-2build1) ...
Setting up pkgconf-bin (1.8.1-2build1) ...
Setting up gir1.2-glib-2.0:amd64 (2.80.0-6ubuntu3.9) ...
Setting up libsensors5:amd64 (1:3.6.0-9build1) ...
Setting up liblerc-dev:amd64 (4.0.0+ds-4ubuntu2) ...
Setting up libk5crypto3:amd64 (1.20.1-6ubuntu2.10) ...
Setting up libjpeg-turbo8:amd64 (2.1.5-2ubuntu2) ...
Setting up libsasl2-2:amd64 (2.1.28+dfsg1-5ubuntu3.1) ...
Setting up libvulkan1:amd64 (1.3.275.0-1build1) ...
Setting up libwebp7:amd64 (1.3.2-0.4build3) ...
Setting up liblzma-dev:amd64 (5.6.1+really5.4.5-1ubuntu0.3) ...
Setting up libubsan1:amd64 (14.2.0-4ubuntu2~24.04.1) ...
Setting up libicu74:amd64 (74.2-1ubuntu3.1) ...
Setting up xdg-dbus-proxy (0.1.5-1ubuntu0.2) ...
Setting up libpcre2-posix3:amd64 (10.42-4ubuntu2.1) ...
Setting up libvpx9:amd64 (1.14.0-1ubuntu2.3) ...
Setting up wayland-protocols (1.45-1~ubuntu0.24.04.2) ...
Setting up libtag1v5:amd64 (1.13.1-1build1) ...
Setting up libduktape207:amd64 (2.7.0+tests-0ubuntu3) ...
Setting up gir1.2-glib-2.0-dev:amd64 (2.80.0-6ubuntu3.9) ...
Setting up libasyncns0:amd64 (0.8-6build4) ...
Setting up libxshmfence1:amd64 (1.3-1build5) ...
Setting up libhwasan0:amd64 (14.2.0-4ubuntu2~24.04.1) ...
Setting up at-spi2-common (2.52.0-1build1) ...
Setting up libcrypt-dev:amd64 (1:4.4.36-4build1) ...
Setting up libwavpack1:amd64 (5.6.0-1build1) ...
Setting up dbus-session-bus-common (1.14.10-4ubuntu4.1) ...
Setting up libasan8:amd64 (14.2.0-4ubuntu2~24.04.1) ...
Setting up libthai-data (0.1.29-2build1) ...
Setting up libgirepository-1.0-1:amd64 (1.80.1-1) ...
Setting up xorg-sgml-doctools (1:1.11-1.1) ...
Setting up netbase (6.4) ...
Setting up sgml-base (1.31) ...
Setting up libkrb5-3:amd64 (1.20.1-6ubuntu2.10) ...
Setting up libflac12t64:amd64 (1.4.3+ds-2.1ubuntu2) ...
Setting up libwayland-egl1:amd64 (1.22.0-2.1build1) ...
Setting up libperl5.38t64:amd64 (5.38.2-3.2ubuntu0.6) ...
Setting up libtsan2:amd64 (14.2.0-4ubuntu2~24.04.1) ...
Setting up libopengl-dev:amd64 (1.7.0-1build1) ...
Setting up libhunspell-1.7-0:amd64 (1.7.2+really1.7.2-10build3) ...
Setting up glib-networking-common (2.80.0-1build1) ...
Setting up libbinutils:amd64 (2.42-4ubuntu2.10) ...
Setting up patchelf (0.18.0-1.1build1) ...
Setting up dbus-system-bus-common (1.14.10-4ubuntu4.1) ...
Setting up libisl23:amd64 (0.26-3build1.1) ...
Setting up libsharpyuv-dev:amd64 (1.3.2-0.4build3) ...
Setting up libc-dev-bin (2.39-0ubuntu8.9) ...
Setting up openssl (3.0.13-0ubuntu3.15) ...
Setting up libwebpmux3:amd64 (1.3.2-0.4build3) ...
Setting up libbsd0:amd64 (0.12.1-1build1.1) ...
Setting up libdeflate-dev:amd64 (1.19-1build1.1) ...
Setting up libdrm-common (2.4.125-1ubuntu0.1~24.04.2) ...
Setting up libevdev2:amd64 (1.13.1+dfsg-1build1) ...
Setting up readline-common (8.2-4build1) ...
Setting up libxml2:amd64 (2.9.14+dfsg-1.3ubuntu3.9) ...
Setting up libcc1-0:amd64 (14.2.0-4ubuntu2~24.04.1) ...
Setting up libldap2:amd64 (2.6.10+dfsg-0ubuntu0.24.04.1) ...
Setting up iso-codes (4.16.0-1) ...
Setting up dbus-bin (1.14.10-4ubuntu4.1) ...
Setting up libbrotli-dev:amd64 (1.1.0-2build2) ...
Setting up libgudev-1.0-0:amd64 (1:238-5ubuntu1) ...
Setting up libsecret-common (0.21.4-1build3) ...
Setting up liblsan0:amd64 (14.2.0-4ubuntu2~24.04.1) ...
Setting up libgstreamer1.0-0:amd64 (1.24.2-1ubuntu0.1) ...
Setcap worked! gst-ptp-helper is not suid!
Setting up libmp3lame0:amd64 (3.100-6build1) ...
Setting up libitm1:amd64 (14.2.0-4ubuntu2~24.04.1) ...
Setting up libvorbisenc2:amd64 (1.3.7-1build3) ...
Setting up libiec61883-0:amd64 (1.2.0-6build1) ...
Setting up libxkbcommon0:amd64 (1.6.0-1build1) ...
Setting up libwayland-client0:amd64 (1.22.0-2.1build1) ...
Setting up libctf0:amd64 (2.42-4ubuntu2.10) ...
Setting up libjpeg8:amd64 (8c-2ubuntu11) ...
Setting up x11proto-dev (2023.2-1) ...
Setting up libavc1394-0:amd64 (0.5.4-5build3) ...
Setting up libice6:amd64 (2:1.0.10-1build3) ...
Setting up session-migration (0.3.9build1) ...
Created symlink /etc/systemd/user/graphical-session-pre.target.wants/session-migration.service → /usr/lib/systemd/user/session-migration.service.

Setting up libxdmcp6:amd64 (1:1.1.3-0ubuntu6) ...
Setting up libxcb1:amd64 (1.15-1ubuntu2) ...
Setting up libxcb-xfixes0:amd64 (1.15-1ubuntu2) ...
Setting up libatk1.0-0t64:amd64 (2.52.0-1build1) ...
Setting up libxau-dev:amd64 (1:1.0.9-1build6) ...
Setting up libcaca0:amd64 (0.99.beta20-4ubuntu0.2) ...
Setting up libv4lconvert0t64:amd64 (1.26.1-4build3) ...
Setting up libice-dev:amd64 (2:1.0.10-1build3) ...
Setting up dictionaries-common (1.29.7) ...
Setting up libgirepository-2.0-0:amd64 (2.80.0-6ubuntu3.9) ...
Setting up libxcb-render0:amd64 (1.15-1ubuntu2) ...
Setting up gir1.2-atk-1.0:amd64 (2.52.0-1build1) ...
Setting up cpp-13-x86-64-linux-gnu (13.3.0-6ubuntu2~24.04.1) ...
Setting up fontconfig-config (2.15.0-1.1ubuntu2) ...
Setting up libfribidi-dev:amd64 (1.0.13-3build1) ...
Setting up libxcb-glx0:amd64 (1.15-1ubuntu2) ...
Setting up libwebpdemux2:amd64 (1.3.2-0.4build3) ...
Setting up libdbusmenu-glib4:amd64 (18.10.20180917~bzr492+repack1-3.1ubuntu5) ...
Setting up libmanette-0.2-0:amd64 (0.2.7-1build2) ...
Setting up libxkbcommon-dev:amd64 (1.6.0-1build1) ...
Setting up libedit2:amd64 (3.1-20230828-1build1) ...
Setting up libavahi-common3:amd64 (0.8-13ubuntu6.2) ...
Setting up libjbig-dev:amd64 (2.1-6.1ubuntu2) ...
Setting up libglib2.0-bin (2.80.0-6ubuntu3.9) ...
Setting up libxcb-shm0:amd64 (1.15-1ubuntu2) ...
Setting up dbus-daemon (1.14.10-4ubuntu4.1) ...
Setting up libcolord2:amd64 (1.4.7-1build2) ...
Setting up pkgconf:amd64 (1.8.1-2build1) ...
Setting up libxcb-present0:amd64 (1.15-1ubuntu2) ...
Setting up libdconf1:amd64 (0.40.0-4ubuntu0.1) ...
Setting up libthai0:amd64 (0.1.29-2build1) ...
Setting up ca-certificates (20260601~24.04.1) ...
Updating certificates in /etc/ssl/certs...
121 added, 0 removed; done.
Setting up libxdmcp-dev:amd64 (1:1.1.3-0ubuntu6) ...
Setting up libwayland-bin (1.22.0-2.1build1) ...
Setting up perl (5.38.2-3.2ubuntu0.6) ...
Setting up libsecret-1-0:amd64 (0.21.4-1build3) ...
Setting up libgprofng0:amd64 (2.42-4ubuntu2.10) ...
Setting up libwebp-dev:amd64 (1.3.2-0.4build3) ...
Setting up libjavascriptcoregtk-4.1-0:amd64 (2.52.6-0ubuntu0.24.04.1) ...
Setting up libfreetype6:amd64 (2.13.2+dfsg-1ubuntu0.1) ...
Setting up libxcb-sync1:amd64 (1.15-1ubuntu2) ...
Setting up gir1.2-girepository-2.0:amd64 (1.80.1-1) ...
Setting up dbus (1.14.10-4ubuntu4.1) ...
Setting up shared-mime-info (2.4-4) ...
Setting up libgssapi-krb5-2:amd64 (1.20.1-6ubuntu2.10) ...
Setting up libllvm20:amd64 (1:20.1.2-0ubuntu1~24.04.3) ...
Setting up icu-devtools (74.2-1ubuntu3.1) ...
Setting up pkg-config:amd64 (1.8.1-2build1) ...
Setting up libdpkg-perl (1.22.6ubuntu6.6) ...
Setting up libssh-4:amd64 (0.10.6-2ubuntu0.5) ...
Setting up libreadline8t64:amd64 (8.2-4build1) ...
Setting up libv4l-0t64:amd64 (1.26.1-4build3) ...
Setting up libdrm2:amd64 (2.4.125-1ubuntu0.1~24.04.2) ...
Setting up libdatrie-dev:amd64 (0.2.13-3build1) ...
Setting up libgcc-13-dev:amd64 (13.3.0-6ubuntu2~24.04.1) ...
Setting up libtiff6:amd64 (4.5.1+git230720-4ubuntu2.5) ...
Setting up libwayland-cursor0:amd64 (1.22.0-2.1build1) ...
Setting up libxcb-randr0:amd64 (1.15-1ubuntu2) ...
Setting up xml-core (0.19) ...
Setting up libxslt1.1:amd64 (1.1.39-0exp1ubuntu0.24.04.3) ...
Setting up hunspell-en-us (1:2020.12.07-2) ...
Setting up libpam-systemd:amd64 (255.4-1ubuntu8.17) ...
Setting up libc6-dev:amd64 (2.39-0ubuntu8.9) ...
Setting up libx11-6:amd64 (2:1.8.7-1build1) ...
Setting up libharfbuzz0b:amd64 (8.3.0-2build2) ...
Setting up libgdk-pixbuf-2.0-0:amd64 (2.42.10+dfsg-3ubuntu3.3) ...
Setting up libfontconfig1:amd64 (2.15.0-1.1ubuntu2) ...
Setting up libsndfile1:amd64 (1.2.2-1ubuntu5.24.04.1) ...
Setting up libtiffxx6:amd64 (4.5.1+git230720-4ubuntu2.5) ...
Setting up libxcomposite1:amd64 (1:0.4.5-1build3) ...
Setting up libsm6:amd64 (2:1.2.3-1build3) ...
Setting up libicu-dev:amd64 (74.2-1ubuntu3.1) ...
Setting up libavahi-client3:amd64 (0.8-13ubuntu6.2) ...
Setting up libstdc++-13-dev:amd64 (13.3.0-6ubuntu2~24.04.1) ...
Setting up libaa1:amd64 (1.4p5-51.1) ...
Setting up binutils-x86-64-linux-gnu (2.42-4ubuntu2.10) ...
Setting up libdrm-amdgpu1:amd64 (2.4.125-1ubuntu0.1~24.04.2) ...
Setting up libbz2-dev:amd64 (1.0.8-5.1ubuntu0.1) ...
Setting up cpp-x86-64-linux-gnu (4:13.2.0-7ubuntu1) ...
Setting up libxcb-dri3-0:amd64 (1.15-1ubuntu2) ...
Setting up gtk-update-icon-cache (3.24.41-4ubuntu1.3) ...
Setting up libnghttp2-dev:amd64 (1.59.0-1ubuntu0.4) ...
Setting up libx11-xcb1:amd64 (2:1.8.7-1build1) ...
Setting up fontconfig (2.15.0-1.1ubuntu2) ...
Regenerating fonts cache... done.
Setting up libjpeg-turbo8-dev:amd64 (2.1.5-2ubuntu2) ...
Setting up libharfbuzz-icu0:amd64 (8.3.0-2build2) ...
Setting up libxdamage1:amd64 (1:1.1.6-1build1) ...
Setting up libxcb1-dev:amd64 (1.15-1ubuntu2) ...
Setting up libpython3.12-stdlib:amd64 (3.12.3-1ubuntu0.17) ...
Setting up gir1.2-dbusmenu-glib-0.4:amd64 (18.10.20180917~bzr492+repack1-3.1ubuntu5) ...
Setting up libpcre2-dev:amd64 (10.42-4ubuntu2.1) ...
Setting up cpp-13 (13.3.0-6ubuntu2~24.04.1) ...
Setting up libxrender1:amd64 (1:0.9.10-1.1build1) ...
Setting up gir1.2-gdkpixbuf-2.0:amd64 (2.42.10+dfsg-3ubuntu3.3) ...
Setting up libcurl4t64:amd64 (8.5.0-2ubuntu10.15) ...
Setting up libpulse0:amd64 (1:16.1+dfsg1-2ubuntu10.1) ...
Setting up libenchant-2-2:amd64 (2.3.3-2build2) ...
Setting up python3-pip-whl (24.0+dfsg-1ubuntu1.3) ...
Setting up libsm-dev:amd64 (2:1.2.3-1build3) ...
Setting up libselinux1-dev:amd64 (3.5-2ubuntu2.1) ...
Setting up gcc-13-x86-64-linux-gnu (13.3.0-6ubuntu2~24.04.1) ...
Setting up python3.12 (3.12.3-1ubuntu0.17) ...
Setting up libpango-1.0-0:amd64 (1.52.1+ds-1build1) ...
Setting up libdrm-intel1:amd64 (2.4.125-1ubuntu0.1~24.04.2) ...
Setting up libx11-dev:amd64 (2:1.8.7-1build1) ...
Setting up libcurl3t64-gnutls:amd64 (8.5.0-2ubuntu10.15) ...
Setting up libxext6:amd64 (2:1.3.4-1build2) ...
Setting up libgstreamer-plugins-base1.0-0:amd64 (1.24.2-1ubuntu0.5) ...
Setting up libharfbuzz-gobject0:amd64 (8.3.0-2build2) ...
Setting up binutils (2.42-4ubuntu2.10) ...
Setting up gir1.2-girepository-2.0-dev:amd64 (1.80.1-1) ...
Setting up libwayland-dev:amd64 (1.22.0-2.1build1) ...
Setting up libcairo2:amd64 (1.18.0-3build1) ...
Setting up gir1.2-javascriptcoregtk-4.1:amd64 (2.52.6-0ubuntu0.24.04.1) ...
Setting up dpkg-dev (1.22.6ubuntu6.6) ...
Setting up libxxf86vm1:amd64 (1:1.1.4-1build4) ...
Setting up libxcb-shm0-dev:amd64 (1.15-1ubuntu2) ...
Setting up dbus-user-session (1.14.10-4ubuntu4.1) ...
Setting up libgstreamer-plugins-good1.0-0:amd64 (1.24.2-1ubuntu1.7) ...
Setting up libexpat1-dev:amd64 (2.6.1-2ubuntu0.6) ...
Setting up libharfbuzz-cairo0:amd64 (8.3.0-2build2) ...
Setting up libsqlite3-dev:amd64 (3.45.1-1ubuntu2.8) ...
Setting up libxfixes3:amd64 (1:6.0.0-2build1) ...
Setting up uuid-dev:amd64 (2.39.3-9ubuntu6.6) ...
Setting up libxinerama1:amd64 (2:1.1.4-3build1) ...
Setting up gcc-13 (13.3.0-6ubuntu2~24.04.1) ...
Setting up libxrandr2:amd64 (2:1.5.2-2build1) ...
Setting up libxcb-render0-dev:amd64 (1.15-1ubuntu2) ...
Setting up libdbusmenu-glib-dev:amd64 (18.10.20180917~bzr492+repack1-3.1ubuntu5) ...
Setting up libxext-dev:amd64 (2:1.3.4-1build2) ...
Setting up libthai-dev:amd64 (0.1.29-2build1) ...
Setting up zlib1g-dev:amd64 (1:1.3.dfsg-3.1ubuntu2.2) ...
Setting up libgdk-pixbuf2.0-bin (2.42.10+dfsg-3ubuntu3.3) ...
Setting up cpp (4:13.2.0-7ubuntu1) ...
Setting up libtheora0:amd64 (1.1.1+dfsg.1-16.1build3) ...
Setting up libharfbuzz-subset0:amd64 (8.3.0-2build2) ...
Setting up libcairo-gobject2:amd64 (1.18.0-3build1) ...
Setting up curl (8.5.0-2ubuntu10.15) ...
Setting up libpangoft2-1.0-0:amd64 (1.52.1+ds-1build1) ...
Setting up libjpeg8-dev:amd64 (8c-2ubuntu11) ...
Setting up libxrender-dev:amd64 (1:0.9.10-1.1build1) ...
Setting up libcups2t64:amd64 (2.4.7-1.2ubuntu7.14) ...
Setting up libpangocairo-1.0-0:amd64 (1.52.1+ds-1build1) ...
Setting up libpython3-stdlib:amd64 (3.12.3-0ubuntu2.1) ...
Setting up libcairo-script-interpreter2:amd64 (1.18.0-3build1) ...
Setting up libblkid-dev:amd64 (2.39.3-9ubuntu6.6) ...
Setting up mesa-libgallium:amd64 (25.2.8-0ubuntu0.24.04.2) ...
Setting up libxft2:amd64 (2.3.6-1build1) ...
Setting up libproxy1v5:amd64 (0.5.4-4build1) ...
Setting up gir1.2-freedesktop:amd64 (1.80.1-1) ...
Setting up libpangoxft-1.0-0:amd64 (1.52.1+ds-1build1) ...
Setting up g++-13-x86-64-linux-gnu (13.3.0-6ubuntu2~24.04.1) ...
Setting up libxi6:amd64 (2:1.8.1-1build1) ...
Setting up gcc-x86-64-linux-gnu (4:13.2.0-7ubuntu1) ...
Setting up libgbm1:amd64 (25.2.8-0ubuntu0.24.04.2) ...
Setting up python3.12-venv (3.12.3-1ubuntu0.17) ...
Setting up libxtst6:amd64 (2:1.2.3-1.1build1) ...
Setting up libxcursor1:amd64 (1:1.2.1-1build1) ...
Setting up libgl1-mesa-dri:amd64 (25.2.8-0ubuntu0.24.04.2) ...
Setting up libpng-dev:amd64 (1.6.43-5ubuntu0.6) ...
Setting up pango1.0-tools (1.52.1+ds-1build1) ...
Setting up libjpeg-dev:amd64 (8c-2ubuntu11) ...
Setting up dconf-service (0.40.0-4ubuntu0.1) ...
Setting up python3 (3.12.3-0ubuntu2.1) ...
Setting up python3-markupsafe (2.1.5-1build2) ...
Setting up gir1.2-harfbuzz-0.0:amd64 (8.3.0-2build2) ...
Setting up gcc (4:13.2.0-7ubuntu1) ...
Setting up libfreetype-dev:amd64 (2.13.2+dfsg-1ubuntu0.1) ...
Setting up librsvg2-2:amd64 (2.58.0+dfsg-1build1) ...
Setting up libxfixes-dev:amd64 (1:6.0.0-2build1) ...
Setting up libxdo3:amd64 (1:3.20160805.1-5build1) ...
Setting up gir1.2-pango-1.0:amd64 (1.52.1+ds-1build1) ...
Setting up libxrandr-dev:amd64 (2:1.5.2-2build1) ...
Setting up libegl-mesa0:amd64 (25.2.8-0ubuntu0.24.04.2) ...
Setting up python3-packaging (24.0-1) ...
Setting up gstreamer1.0-plugins-base:amd64 (1.24.2-1ubuntu0.5) ...
Setting up python3-venv (3.12.3-0ubuntu2.1) ...
Setting up libtiff-dev:amd64 (4.5.1+git230720-4ubuntu2.5) ...
Setting up libatspi2.0-0t64:amd64 (2.52.0-1build1) ...
Setting up gir1.2-freedesktop-dev:amd64 (1.80.1-1) ...
Setting up libshout3:amd64 (2.4.6-1build2) ...
Setting up python3-markdown (3.5.2-1) ...
Setting up libxinerama-dev:amd64 (2:1.1.4-3build1) ...
Setting up librsvg2-common:amd64 (2.58.0+dfsg-1build1) ...
Setting up libegl1:amd64 (1.7.0-1build1) ...
Setting up g++-x86-64-linux-gnu (4:13.2.0-7ubuntu1) ...
Setting up libxi-dev:amd64 (2:1.8.1-1build1) ...
Setting up gir1.2-rsvg-2.0:amd64 (2.58.0+dfsg-1build1) ...
Setting up libmount-dev:amd64 (2.39.3-9ubuntu6.6) ...
Setting up libxtst-dev:amd64 (2:1.2.3-1.1build1) ...
Setting up python3-pkg-resources (68.1.2-2ubuntu1.2) ...
Setting up libxdamage-dev:amd64 (1:1.1.6-1build1) ...
Setting up libatk-bridge2.0-0t64:amd64 (2.52.0-1build1) ...
Setting up libglib2.0-dev-bin (2.80.0-6ubuntu3.9) ...
Setting up glib-networking-services (2.80.0-1build1) ...
Setting up g++-13 (13.3.0-6ubuntu2~24.04.1) ...
Setting up libglx-mesa0:amd64 (25.2.8-0ubuntu0.24.04.2) ...
Setting up python3-setuptools (68.1.2-2ubuntu1.2) ...
Setting up libglx0:amd64 (1.7.0-1build1) ...
Setting up dconf-gsettings-backend:amd64 (0.40.0-4ubuntu0.1) ...
Setting up libxdo-dev (1:3.20160805.1-5build1) ...
Setting up libfontconfig-dev:amd64 (2.15.0-1.1ubuntu2) ...
Setting up libxcomposite-dev:amd64 (1:0.4.5-1build3) ...
Setting up libxcursor-dev:amd64 (1:1.2.1-1build1) ...
Setting up gir1.2-atspi-2.0:amd64 (2.52.0-1build1) ...
Setting up libgl1:amd64 (1.7.0-1build1) ...
Setting up libglib2.0-dev:amd64 (2.80.0-6ubuntu3.9) ...
Setting up g++ (4:13.2.0-7ubuntu1) ...
update-alternatives: using /usr/bin/g++ to provide /usr/bin/c++ (c++) in auto mode
update-alternatives: warning: skip creation of /usr/share/man/man1/c++.1.gz because associated file /usr/share/man/man1/g++.1.gz (of link group c++) doesn't exist
Setting up build-essential (12.10ubuntu1) ...
Setting up libglx-dev:amd64 (1.7.0-1build1) ...
Setting up libcairo2-dev:amd64 (1.18.0-3build1) ...
Setting up libgl-dev:amd64 (1.7.0-1build1) ...
Setting up libjavascriptcoregtk-4.1-dev:amd64 (2.52.6-0ubuntu0.24.04.1) ...
Setting up libgtk-3-common (3.24.41-4ubuntu1.3) ...
Setting up libatk1.0-dev:amd64 (2.52.0-1build1) ...
Setting up python3-mako (1.3.2-1ubuntu0.1) ...
Setting up libxft-dev:amd64 (2.3.6-1build1) ...
Setting up libgdk-pixbuf-2.0-dev:amd64 (2.42.10+dfsg-3ubuntu3.3) ...
Setting up gsettings-desktop-schemas (46.1-0ubuntu1) ...
Setting up libharfbuzz-dev:amd64 (8.3.0-2build2) ...
Setting up libegl-dev:amd64 (1.7.0-1build1) ...
Setting up gobject-introspection-bin (1.80.1-1) ...
Setting up libepoxy-dev:amd64 (1.5.10-1build1) ...
Setting up gobject-introspection:amd64 (1.80.1-1) ...
Setting up libgstreamer-gl1.0-0:amd64 (1.24.2-1ubuntu0.5) ...
Setting up libpango1.0-dev:amd64 (1.52.1+ds-1build1) ...
Setting up libgirepository-1.0-dev:amd64 (1.80.1-1) ...
Setting up glib-networking:amd64 (2.80.0-1build1) ...
Setting up libgles-dev:amd64 (1.7.0-1build1) ...
Setting up libsoup-3.0-0:amd64 (3.4.4-5ubuntu0.8) ...
Setting up libglvnd-dev:amd64 (1.7.0-1build1) ...
Setting up libgirepository1.0-dev (1.80.1-1) ...
Setting up gir1.2-soup-3.0:amd64 (3.4.4-5ubuntu0.8) ...
Setting up librsvg2-dev:amd64 (2.58.0+dfsg-1build1) ...
Setting up libegl1-mesa-dev:amd64 (25.2.8-0ubuntu0.24.04.2) ...
Setting up gstreamer1.0-plugins-good:amd64 (1.24.2-1ubuntu1.7) ...
Setting up libsoup-3.0-dev:amd64 (3.4.4-5ubuntu0.8) ...
Setting up adwaita-icon-theme (46.0-1) ...
update-alternatives: using /usr/share/icons/Adwaita/cursor.theme to provide /usr/share/icons/default/index.theme (x-cursor-theme) in auto mode
Setting up libgtk-3-0t64:amd64 (3.24.41-4ubuntu1.3) ...
Setting up libwebkit2gtk-4.1-0:amd64 (2.52.6-0ubuntu0.24.04.1) ...
Setting up libdbusmenu-gtk3-4:amd64 (18.10.20180917~bzr492+repack1-3.1ubuntu5) ...
Setting up gir1.2-gtk-3.0:amd64 (3.24.41-4ubuntu1.3) ...
Setting up libayatana-ido3-0.4-0:amd64 (0.10.1-1build2) ...
Setting up humanity-icon-theme (0.6.16) ...
Setting up gir1.2-ayatanaido3-0.4:amd64 (0.10.1-1build2) ...
Setting up libayatana-indicator3-7:amd64 (0.9.4-1build1) ...
Setting up gir1.2-webkit2-4.1:amd64 (2.52.6-0ubuntu0.24.04.1) ...
Setting up ubuntu-mono (24.04-0ubuntu1) ...
Setting up libayatana-appindicator3-1 (0.5.93-1build3) ...
Setting up gir1.2-ayatanaappindicator3-0.1 (0.5.93-1build3) ...
Processing triggers for libc-bin (2.39-0ubuntu8.9) ...
Processing triggers for sgml-base (1.31) ...
Setting up libdbus-1-dev:amd64 (1.14.10-4ubuntu4.1) ...
Setting up libatspi2.0-dev:amd64 (2.52.0-1build1) ...
Setting up libatk-bridge2.0-dev:amd64 (2.52.0-1build1) ...
Setting up libgtk-3-dev:amd64 (3.24.41-4ubuntu1.3) ...
Setting up libayatana-ido3-dev (0.10.1-1build2) ...
Setting up libayatana-indicator3-dev (0.9.4-1build1) ...
Setting up libwebkit2gtk-4.1-dev (2.52.6-0ubuntu0.24.04.1) ...
Setting up libayatana-appindicator3-dev (0.5.93-1build3) ...
Processing triggers for dictionaries-common (1.29.7) ...
Processing triggers for ca-certificates (20260601~24.04.1) ...
Updating certificates in /etc/ssl/certs...
0 added, 0 removed; done.
Running hooks in /etc/ca-certificates/update.d...
done.
Processing triggers for libgdk-pixbuf-2.0-0:amd64 (2.42.10+dfsg-3ubuntu3.3) ...
node-v22.23.1-linux-x64.tar.xz: OK
info: downloading installer
info: profile set to minimal
info: default host tuple is x86_64-unknown-linux-gnu
info: syncing channel updates for 1.92.0-x86_64-unknown-linux-gnu
info: latest update on 2025-12-11 for version 1.92.0 (ded5c06cf 2025-12-08)
info: downloading 3 components
info: default toolchain set to 1.92.0-x86_64-unknown-linux-gnu

  1.92.0-x86_64-unknown-linux-gnu installed - rustc 1.92.0 (ded5c06cf 2025-12-08)


Rust is installed now. Great!

To get started you may need to restart your current shell.
This would reload your PATH environment variable to include
Cargo's bin directory ($HOME/.cargo/bin).

To configure your current shell, you need to source the
corresponding env file under $HOME/.cargo.

Consider running the right command for your shell (note the leading DOT):
. "$HOME/.cargo/env" # For sh/ash/dash/pdksh/bash
cargo:rerun-if-env-changed=CC_x86_64-unknown-linux-gnu
CC_x86_64-unknown-linux-gnu = None
cargo:rerun-if-env-changed=CC_x86_64_unknown_linux_gnu
CC_x86_64_unknown_linux_gnu = None
cargo:rerun-if-env-changed=HOST_CC
HOST_CC = None
cargo:rerun-if-env-changed=CC
CC = None
cargo:rerun-if-env-changed=CC_ENABLE_DEBUG_OUTPUT
cargo:rerun-if-env-changed=CRATE_CC_NO_DEFAULTS
CRATE_CC_NO_DEFAULTS = None
cargo:rerun-if-env-changed=CFLAGS
CFLAGS = None
cargo:rerun-if-env-changed=HOST_CFLAGS
HOST_CFLAGS = None
cargo:rerun-if-env-changed=CFLAGS_x86_64_unknown_linux_gnu
CFLAGS_x86_64_unknown_linux_gnu = None
cargo:rerun-if-env-changed=CFLAGS_x86_64-unknown-linux-gnu
CFLAGS_x86_64-unknown-linux-gnu = None
Linux e6a0ffae3e52 6.12.76-linuxkit #1 SMP Sat Jul 11 11:18:11 UTC 2026 x86_64 x86_64 x86_64 GNU/Linux
v22.23.1
cargo 1.92.0 (344c4567c 2025-10-21)
uv 0.11.19 (x86_64-unknown-linux-gnu)
cd src-tauri/ui && npm ci
npm warn deprecated whatwg-encoding@3.1.1: Use @exodus/bytes instead for a more spec-conformant and faster implementation

added 177 packages, and audited 178 packages in 5s

52 packages are looking for funding
  run `npm fund` for details

12 vulnerabilities (3 moderate, 9 high)

To address issues that do not require attention, run:
  npm audit fix

To address all issues (including breaking changes), run:
  npm audit fix --force

Run `npm audit` for details.
npm notice
npm notice New major version of npm available! 10.9.8 -> 12.1.0
npm notice Changelog: https://github.com/npm/cli/releases/tag/v12.1.0
npm notice To update run: npm install -g npm@12.1.0
npm notice
cd src-tauri/ui && npm run build

> textbrush-ui@0.1.0 build
> esbuild main.ts --bundle --outfile=bundle.js --format=esm --target=es2022 && node stage-dist.mjs


  bundle.js  327.5kb

⚡ Done in 122ms
# The DMG bundler reads CI separately from the CLI's --ci flag. Avoid Finder
# automation during packaging, including local builds without a CI environment.
cd src-tauri && CI=true ./ui/node_modules/.bin/tauri build --ci --target x86_64-unknown-linux-gnu
        Info Looking up installed tauri packages to check mismatched versions...
     Running beforeBuildCommand `npm run build`

> textbrush-ui@0.1.0 build
> esbuild main.ts --bundle --outfile=bundle.js --format=esm --target=es2022 && node stage-dist.mjs


  bundle.js  327.5kb

⚡ Done in 114ms
    Updating crates.io index
 Downloading crates ...
  Downloaded cairo-sys-rs v0.18.2
  Downloaded adler2 v2.0.1
  Downloaded darling v0.21.3
  Downloaded futures-core v0.3.31
  Downloaded crossbeam-utils v0.8.21
  Downloaded idna_adapter v1.2.1
  Downloaded fastrand v2.3.0
  Downloaded heck v0.4.1
  Downloaded dyn-clone v1.0.20
  Downloaded convert_case v0.4.0
  Downloaded cssparser-macros v0.6.1
  Downloaded http-range v0.1.5
  Downloaded futures-io v0.3.31
  Downloaded cfg-if v1.0.4
  Downloaded futures-sink v0.3.31
  Downloaded darling_macro v0.21.3
  Downloaded crypto-common v0.1.7
  Downloaded alloc-stdlib v0.2.2
  Downloaded field-offset v0.3.6
  Downloaded futures-task v0.3.31
  Downloaded cpufeatures v0.2.17
  Downloaded alloc-no-stdlib v2.0.4
  Downloaded equivalent v1.0.2
  Downloaded gtk3-macros v0.18.2
  Downloaded ctor v0.2.9
  Downloaded cargo-platform v0.1.9
  Downloaded futures-macro v0.3.31
  Downloaded dlopen2_derive v0.4.3
  Downloaded rand_chacha v0.3.1
  Downloaded potential_utf v0.1.4
  Downloaded powerfmt v0.2.0
  Downloaded phf v0.8.0
  Downloaded hex v0.4.3
  Downloaded glob v0.3.3
  Downloaded futures-executor v0.3.31
  Downloaded futures-channel v0.3.31
  Downloaded futf v0.1.5
  Downloaded form_urlencoded v1.2.2
  Downloaded itoa v1.0.17
  Downloaded find-msvc-tools v0.1.6
  Downloaded erased-serde v0.4.9
  Downloaded dunce v1.0.5
  Downloaded dpi v0.1.2
  Downloaded fdeflate v0.3.7
  Downloaded gobject-sys v0.18.0
  Downloaded byteorder v1.5.0
  Downloaded atk-sys v0.18.2
  Downloaded dirs-sys v0.5.0
  Downloaded dirs v6.0.0
  Downloaded cargo_metadata v0.19.2
  Downloaded new_debug_unreachable v1.0.6
  Downloaded block-buffer v0.10.4
  Downloaded bitflags v1.3.2
  Downloaded heck v0.5.0
  Downloaded generic-array v0.14.7
  Downloaded gdkx11-sys v0.18.2
  Downloaded getrandom v0.1.16
  Downloaded gdk-pixbuf v0.18.5
  Downloaded dtoa-short v0.3.5
  Downloaded gdkx11 v0.18.2
  Downloaded gdkwayland-sys v0.18.2
  Downloaded autocfg v1.5.0
  Downloaded gdk-pixbuf-sys v0.18.0
  Downloaded fxhash v0.2.1
  Downloaded fnv v1.0.7
  Downloaded errno v0.3.14
  Downloaded dlopen2 v0.8.2
  Downloaded phf_codegen v0.8.0
  Downloaded option-ext v0.2.0
  Downloaded same-file v1.0.6
  Downloaded digest v0.10.7
  Downloaded embed-resource v3.0.6
  Downloaded displaydoc v0.2.5
  Downloaded javascriptcore-rs-sys v1.1.1
  Downloaded ref-cast-impl v1.0.25
  Downloaded mac v0.1.1
  Downloaded scopeguard v1.2.0
  Downloaded schemars_derive v0.8.22
  Downloaded memoffset v0.9.1
  Downloaded cookie v0.18.1
  Downloaded deranged v0.5.5
  Downloaded crc32fast v1.5.0
  Downloaded atk v0.18.2
  Downloaded matches v0.1.10
  Downloaded getrandom v0.2.16
  Downloaded cfg-expr v0.15.8
  Downloaded camino v1.2.2
  Downloaded dtoa v1.0.11
  Downloaded ref-cast v1.0.25
  Downloaded phf_shared v0.10.0
  Downloaded phf_macros v0.10.0
  Downloaded libappindicator-sys v0.9.0
  Downloaded rand_chacha v0.2.2
  Downloaded serde_spanned v1.0.4
  Downloaded phf_codegen v0.11.3
  Downloaded serde_spanned v0.6.9
  Downloaded proc-macro-crate v1.3.1
  Downloaded percent-encoding v2.3.2
  Downloaded proc-macro-error-attr v1.0.4
  Downloaded cargo_toml v0.22.3
  Downloaded cairo-rs v0.18.5
  Downloaded proc-macro-crate v2.0.2
  Downloaded precomputed-hash v0.1.1
  Downloaded cfb v0.7.3
  Downloaded bitflags v2.10.0
  Downloaded getrandom v0.3.4
  Downloaded glib-sys v0.18.1
  Downloaded mime v0.3.17
  Downloaded glib-macros v0.18.5
  Downloaded bytes v1.11.0
  Downloaded proc-macro-hack v0.5.20+deprecated
  Downloaded serialize-to-javascript-impl v0.1.2
  Downloaded serde_repr v0.1.20
  Downloaded darling_core v0.21.3
  Downloaded serde-untagged v0.1.9
  Downloaded semver v1.0.27
  Downloaded derive_more v0.99.20
  Downloaded anyhow v1.0.100
  Downloaded base64 v0.22.1
  Downloaded ident_case v1.0.1
  Downloaded phf_generator v0.11.3
  Downloaded gdk-sys v0.18.2
  Downloaded gio-sys v0.18.1
  Downloaded cssparser v0.29.6
  Downloaded phf_shared v0.8.0
  Downloaded num-conv v0.1.0
  Downloaded serialize-to-javascript v0.1.2
  Downloaded match_token v0.1.0
  Downloaded lazy_static v1.5.0
  Downloaded siphasher v1.0.1
  Downloaded siphasher v0.3.11
  Downloaded phf_generator v0.8.0
  Downloaded phf v0.10.1
  Downloaded sha2 v0.10.9
  Downloaded crossbeam-channel v0.5.15
  Downloaded phf_generator v0.10.0
  Downloaded phf_shared v0.11.3
  Downloaded flate2 v1.1.5
  Downloaded cc v1.2.51
  Downloaded servo_arc v0.2.0
  Downloaded serde_with_macros v3.16.1
  Downloaded schemars v0.9.0
  Downloaded slab v0.4.11
  Downloaded simd-adler32 v0.3.8
  Downloaded shlex v1.3.0
  Downloaded serde_derive v1.0.228
  Downloaded strsim v0.11.1
  Downloaded string_cache_codegen v0.5.4
  Downloaded smallvec v1.15.1
  Downloaded serde v1.0.228
  Downloaded nodrop v0.1.14
  Downloaded infer v0.19.0
  Downloaded phf_macros v0.11.3
  Downloaded lock_api v0.4.14
  Downloaded hashbrown v0.12.3
  Downloaded serde_core v1.0.228
  Downloaded rustc_version v0.4.1
  Downloaded rand_pcg v0.2.1
  Downloaded proc-macro-error v1.0.4
  Downloaded ppv-lite86 v0.2.21
  Downloaded pin-utils v0.1.0
  Downloaded gdk v0.18.2
  Downloaded pin-project-lite v0.2.16
  Downloaded quote v1.0.43
  Downloaded rand_core v0.5.1
  Downloaded pango-sys v0.18.0
  Downloaded unic-ucd-ident v0.9.0
  Downloaded iana-time-zone v0.1.64
  Downloaded unic-char-range v0.9.0
  Downloaded unic-char-property v0.9.0
  Downloaded toml_datetime v0.6.3
  Downloaded time-core v0.1.6
  Downloaded tauri-plugin v2.5.4
  Downloaded target-lexicon v0.12.16
  Downloaded system-deps v6.2.2
  Downloaded synstructure v0.13.2
  Downloaded string_cache v0.8.9
  Downloaded stable_deref_trait v1.2.1
  Downloaded unic-ucd-version v0.9.0
  Downloaded time-macros v0.2.24
  Downloaded thiserror-impl v2.0.17
  Downloaded thiserror v2.0.17
  Downloaded thiserror v1.0.69
  Downloaded schemars v1.2.0
  Downloaded utf-8 v0.7.6
  Downloaded toml_writer v1.0.6+spec-1.1.0
  Downloaded http v1.4.0
  Downloaded typeid v1.0.3
  Downloaded tauri-codegen v2.5.5
  Downloaded unic-common v0.9.0
  Downloaded tauri-macros v2.5.5
  Downloaded version-compare v0.2.1
  Downloaded javascriptcore-rs v1.1.2
  Downloaded pkg-config v0.3.32
  Downloaded libloading v0.7.4
  Downloaded json-patch v3.0.1
  Downloaded kuchikiki v0.8.8-speedreader
  Downloaded serde_derive_internals v0.29.1
  Downloaded zerofrom v0.1.6
  Downloaded hashbrown v0.16.1
  Downloaded utf8_iter v1.0.4
  Downloaded gtk-sys v0.18.2
  Downloaded tendril v0.4.3
  Downloaded tempfile v3.24.0
  Downloaded version_check v0.9.5
  Downloaded urlpattern v0.3.0
  Downloaded tauri-winres v0.3.5
  Downloaded tauri-runtime v2.10.1
  Downloaded tauri-build v2.5.6
  Downloaded yoke-derive v0.8.1
  Downloaded toml_parser v1.1.3+spec-1.1.0
  Downloaded pango v0.18.3
  Downloaded parking_lot_core v0.9.12
  Downloaded rand_core v0.6.4
  Downloaded once_cell v1.21.3
  Downloaded jsonptr v0.6.3
  Downloaded markup5ever v0.14.1
  Downloaded unicode-ident v1.0.22
  Downloaded parking_lot v0.12.5
  Downloaded yoke v0.8.1
  Downloaded phf v0.11.3
  Downloaded raw-window-handle v0.6.2
  Downloaded litemap v0.8.1
  Downloaded toml v1.0.6+spec-1.1.0
  Downloaded toml v0.9.10+spec-1.1.0
  Downloaded soup3-sys v0.5.0
  Downloaded toml_datetime v1.1.1+spec-1.1.0
  Downloaded toml_datetime v0.7.5+spec-1.1.0
  Downloaded tinystr v0.8.2
  Downloaded thiserror-impl v1.0.69
  Downloaded keyboard-types v0.7.0
  Downloaded zmij v1.0.12
  Downloaded zerofrom-derive v0.1.6
  Downloaded selectors v0.24.0
  Downloaded walkdir v2.5.0
  Downloaded writeable v0.6.2
  Downloaded toml v0.8.2
  Downloaded futures-util v0.3.31
  Downloaded zerovec-derive v0.11.2
  Downloaded proc-macro2 v1.0.105
  Downloaded schemars v0.8.22
  Downloaded icu_properties v2.1.2
  Downloaded icu_provider v2.1.1
  Downloaded num-traits v0.2.19
  Downloaded libappindicator v0.9.0
  Downloaded log v0.4.29
  Downloaded html5ever v0.29.1
  Downloaded ico v0.5.0
  Downloaded uuid v1.19.0
  Downloaded rfd v0.16.0
  Downloaded indexmap v1.9.3
  Downloaded webkit2gtk-sys v2.0.2
  Downloaded aho-corasick v1.1.4
  Downloaded miniz_oxide v0.8.9
  Downloaded socket2 v0.6.1
  Downloaded soup3 v0.5.0
  Downloaded tauri-plugin-dialog v2.7.3
  Downloaded tray-icon v0.21.3
  Downloaded icu_normalizer_data v2.1.1
  Downloaded icu_normalizer v2.1.1
  Downloaded icu_locale_core v2.1.1
  Downloaded tauri-runtime-wry v2.10.1
  Downloaded rand v0.8.5
  Downloaded icu_collections v2.1.1
  Downloaded gio v0.18.4
  Downloaded typenum v1.19.0
  Downloaded tauri-plugin-fs v2.5.2
  Downloaded x11 v2.21.0
  Downloaded toml_edit v0.19.15
  Downloaded serde_json v1.0.149
  Downloaded toml_edit v0.20.2
  Downloaded indexmap v2.12.1
  Downloaded webkit2gtk v2.0.2
  Downloaded rand v0.7.3
  Downloaded mio v1.1.1
  Downloaded png v0.17.16
  Downloaded memchr v2.7.6
  Downloaded muda v0.17.1
  Downloaded idna v1.1.0
  Downloaded url v2.5.8
  Downloaded brotli-decompressor v5.0.0
  Downloaded regex v1.12.2
  Downloaded x11-dl v2.21.0
  Downloaded icu_properties_data v2.1.2
  Downloaded wry v0.54.2
  Downloaded unicode-segmentation v1.12.0
  Downloaded chrono v0.4.42
  Downloaded winnow v0.7.14
  Downloaded zerotrie v0.2.3
  Downloaded zerocopy v0.8.33
  Downloaded glib v0.18.5
  Downloaded regex-syntax v0.8.8
  Downloaded rustix v1.1.3
  Downloaded tauri-utils v2.8.3
  Downloaded serde_with v3.16.1
  Downloaded time v0.3.44
  Downloaded regex-automata v0.4.13
  Downloaded libc v0.2.179
  Downloaded zerovec v0.11.5
  Downloaded winnow v0.5.40
  Downloaded winnow v1.0.4
  Downloaded syn v1.0.109
  Downloaded gtk v0.18.2
  Downloaded linux-raw-sys v0.11.0
  Downloaded tao v0.34.5
  Downloaded tauri v2.10.3
  Downloaded syn v2.0.114
  Downloaded brotli v8.0.2
  Downloaded tokio v1.49.0
   Compiling proc-macro2 v1.0.105
   Compiling quote v1.0.43
   Compiling unicode-ident v1.0.22
   Compiling serde_core v1.0.228
   Compiling serde v1.0.228
   Compiling libc v0.2.179
   Compiling smallvec v1.15.1
   Compiling hashbrown v0.16.1
   Compiling equivalent v1.0.2
   Compiling heck v0.5.0
   Compiling indexmap v2.12.1
   Compiling pkg-config v0.3.32
   Compiling winnow v0.5.40
   Compiling syn v2.0.114
   Compiling target-lexicon v0.12.16
   Compiling version-compare v0.2.1
   Compiling cfg-if v1.0.4
   Compiling zerocopy v0.8.33
   Compiling cfg-expr v0.15.8
   Compiling syn v1.0.109
   Compiling synstructure v0.13.2
   Compiling serde_derive v1.0.228
   Compiling zerovec-derive v0.11.2
   Compiling zerofrom-derive v0.1.6
   Compiling yoke-derive v0.8.1
   Compiling ppv-lite86 v0.2.21
   Compiling displaydoc v0.2.5
   Compiling toml_datetime v0.6.3
   Compiling serde_spanned v0.6.9
   Compiling version_check v0.9.5
   Compiling toml_edit v0.20.2
   Compiling thiserror v1.0.69
   Compiling thiserror-impl v1.0.69
   Compiling getrandom v0.2.16
   Compiling icu_normalizer_data v2.1.1
   Compiling toml v0.8.2
   Compiling rand_core v0.6.4
   Compiling icu_properties_data v2.1.2
   Compiling stable_deref_trait v1.2.1
   Compiling zmij v1.0.12
   Compiling system-deps v6.2.2
   Compiling rand_chacha v0.3.1
   Compiling siphasher v1.0.1
   Compiling zerofrom v0.1.6
   Compiling rand v0.8.5
   Compiling phf_shared v0.11.3
   Compiling autocfg v1.5.0
   Compiling glib-sys v0.18.1
   Compiling gobject-sys v0.18.0
   Compiling gio-sys v0.18.1
   Compiling yoke v0.8.1
   Compiling semver v1.0.27
   Compiling phf_generator v0.11.3
   Compiling memchr v2.7.6
   Compiling siphasher v0.3.11
   Compiling zerovec v0.11.5
   Compiling getrandom v0.1.16
   Compiling parking_lot_core v0.9.12
   Compiling fnv v1.0.7
   Compiling typeid v1.0.3
   Compiling thiserror v2.0.17
   Compiling tinystr v0.8.2
   Compiling rand_core v0.5.1
   Compiling gdk-sys v0.18.2
   Compiling proc-macro-error-attr v1.0.4
   Compiling ident_case v1.0.1
   Compiling getrandom v0.3.4
   Compiling strsim v0.11.1
   Compiling erased-serde v0.4.9
   Compiling itoa v1.0.17
   Compiling litemap v0.8.1
   Compiling writeable v0.6.2
   Compiling darling_core v0.21.3
   Compiling potential_utf v0.1.4
   Compiling icu_locale_core v2.1.1
   Compiling phf_macros v0.11.3
   Compiling zerotrie v0.2.3
   Compiling proc-macro-error v1.0.4
   Compiling thiserror-impl v2.0.17
   Compiling icu_provider v2.1.1
   Compiling darling_macro v0.21.3
   Compiling icu_collections v2.1.1
   Compiling rand_chacha v0.2.2
   Compiling rand_pcg v0.2.1
   Compiling phf_shared v0.8.0
   Compiling bitflags v2.10.0
   Compiling anyhow v1.0.100
   Compiling futures-core v0.3.31
   Compiling once_cell v1.21.3
   Compiling pin-project-lite v0.2.16
   Compiling proc-macro-hack v0.5.20+deprecated
   Compiling rand v0.7.3
   Compiling darling v0.21.3
   Compiling phf_shared v0.10.0
   Compiling rustc_version v0.4.1
   Compiling futures-macro v0.3.31
   Compiling futures-task v0.3.31
   Compiling winnow v1.0.4
   Compiling slab v0.4.11
   Compiling pin-utils v0.1.0
   Compiling new_debug_unreachable v1.0.6
   Compiling byteorder v1.5.0
   Compiling serde_json v1.0.149
   Compiling scopeguard v1.2.0
   Compiling futures-util v0.3.31
   Compiling lock_api v0.4.14
   Compiling toml_parser v1.1.3+spec-1.1.0
   Compiling phf_generator v0.8.0
   Compiling phf_generator v0.10.0
   Compiling serde_with_macros v3.16.1
   Compiling icu_properties v2.1.2
   Compiling icu_normalizer v2.1.1
   Compiling phf_codegen v0.11.3
   Compiling string_cache_codegen v0.5.4
   Compiling pango-sys v0.18.0
   Compiling gdk-pixbuf-sys v0.18.0
   Compiling atk-sys v0.18.2
   Compiling cairo-sys-rs v0.18.2
   Compiling proc-macro-crate v2.0.2
   Compiling serde_spanned v1.0.4
   Compiling precomputed-hash v0.1.1
   Compiling winnow v0.7.14
   Compiling toml_writer v1.0.6+spec-1.1.0
   Compiling mac v0.1.1
   Compiling heck v0.4.1
   Compiling futf v0.1.5
   Compiling glib-macros v0.18.5
   Compiling markup5ever v0.14.1
   Compiling idna_adapter v1.2.1
   Compiling phf_macros v0.10.0
   Compiling parking_lot v0.12.5
   Compiling futures-executor v0.3.31
   Compiling phf_codegen v0.8.0
   Compiling futures-channel v0.3.31
   Compiling cssparser v0.29.6
   Compiling toml_datetime v0.7.5+spec-1.1.0
   Compiling log v0.4.29
   Compiling percent-encoding v2.3.2
   Compiling dtoa v1.0.11
   Compiling utf8_iter v1.0.4
   Compiling bitflags v1.3.2
   Compiling utf-8 v0.7.6
   Compiling form_urlencoded v1.2.2
   Compiling dtoa-short v0.3.5
   Compiling idna v1.1.0
   Compiling tendril v0.4.3
   Compiling toml v0.9.10+spec-1.1.0
   Compiling glib v0.18.5
   Compiling selectors v0.24.0
   Compiling phf v0.10.1
   Compiling string_cache v0.8.9
   Compiling uuid v1.19.0
   Compiling phf v0.11.3
   Compiling aho-corasick v1.1.4
   Compiling indexmap v1.9.3
   Compiling cssparser-macros v0.6.1
   Compiling ctor v0.2.9
   Compiling unic-char-range v0.9.0
   Compiling nodrop v0.1.14
   Compiling alloc-no-stdlib v2.0.4
   Compiling unic-common v0.9.0
   Compiling convert_case v0.4.0
   Compiling camino v1.2.2
   Compiling regex-syntax v0.8.8
   Compiling matches v0.1.10
   Compiling derive_more v0.99.20
   Compiling unic-ucd-version v0.9.0
   Compiling regex-automata v0.4.13
   Compiling alloc-stdlib v0.2.2
   Compiling servo_arc v0.2.0
   Compiling unic-char-property v0.9.0
   Compiling url v2.5.8
   Compiling fxhash v0.2.1
   Compiling phf v0.8.0
   Compiling gtk-sys v0.18.2
   Compiling match_token v0.1.0
   Compiling serde_derive_internals v0.29.1
   Compiling hashbrown v0.12.3
   Compiling schemars v0.8.22
   Compiling schemars_derive v0.8.22
   Compiling html5ever v0.29.1
   Compiling regex v1.12.2
   Compiling unic-ucd-ident v0.9.0
   Compiling brotli-decompressor v5.0.0
   Compiling cfb v0.7.3
   Compiling jsonptr v0.6.3
   Compiling cargo-platform v0.1.9
   Compiling same-file v1.0.6
   Compiling dunce v1.0.5
   Compiling dyn-clone v1.0.20
   Compiling bytes v1.11.0
   Compiling gio v0.18.4
   Compiling cargo_metadata v0.19.2
   Compiling walkdir v2.5.0
   Compiling http v1.4.0
   Compiling json-patch v3.0.1
   Compiling infer v0.19.0
   Compiling brotli v8.0.2
   Compiling urlpattern v0.3.0
   Compiling serde-untagged v0.1.9
   Compiling kuchikiki v0.8.8-speedreader
   Compiling serde_with v3.16.1
   Compiling futures-io v0.3.31
   Compiling glob v0.3.3
   Compiling tauri-utils v2.8.3
   Compiling memoffset v0.9.1
   Compiling shlex v1.3.0
   Compiling find-msvc-tools v0.1.6
   Compiling cc v1.2.51
   Compiling gdk-pixbuf v0.18.5
   Compiling pango v0.18.3
   Compiling cairo-rs v0.18.5
   Compiling field-offset v0.3.6
   Compiling toml_edit v0.19.15
   Compiling option-ext v0.2.0
   Compiling typenum v1.19.0
   Compiling dirs-sys v0.5.0
   Compiling gdk v0.18.2
   Compiling embed-resource v3.0.6
   Compiling proc-macro-crate v1.3.1
   Compiling soup3-sys v0.5.0
   Compiling javascriptcore-rs-sys v1.1.1
   Compiling generic-array v0.14.7
   Compiling gtk v0.18.2
   Compiling gtk3-macros v0.18.2
   Compiling tauri-winres v0.3.5
   Compiling dirs v6.0.0
   Compiling atk v0.18.2
   Compiling cargo_toml v0.22.3
   Compiling webkit2gtk-sys v2.0.2
   Compiling x11 v2.21.0
   Compiling simd-adler32 v0.3.8
   Compiling crc32fast v1.5.0
   Compiling tauri-build v2.5.6
   Compiling gdkx11-sys v0.18.2
   Compiling num-conv v0.1.0
   Compiling powerfmt v0.2.0
   Compiling time-core v0.1.6
   Compiling crossbeam-utils v0.8.21
   Compiling adler2 v2.0.1
   Compiling miniz_oxide v0.8.9
   Compiling time-macros v0.2.24
   Compiling deranged v0.5.5
   Compiling dpi v0.1.2
   Compiling cookie v0.18.1
   Compiling x11-dl v2.21.0
   Compiling raw-window-handle v0.6.2
   Compiling time v0.3.44
   Compiling flate2 v1.1.5
   Compiling javascriptcore-rs v1.1.2
   Compiling soup3 v0.5.0
   Compiling tauri v2.10.3
   Compiling crypto-common v0.1.7
   Compiling block-buffer v0.10.4
   Compiling fdeflate v0.3.7
   Compiling tauri-plugin v2.5.4
   Compiling toml_datetime v1.1.1+spec-1.1.0
   Compiling toml v1.0.6+spec-1.1.0
   Compiling png v0.17.16
   Compiling webkit2gtk v2.0.2
   Compiling digest v0.10.7
   Compiling crossbeam-channel v0.5.15
   Compiling dlopen2_derive v0.4.3
   Compiling cpufeatures v0.2.17
   Compiling tauri-runtime v2.10.1
   Compiling wry v0.54.2
   Compiling dlopen2 v0.8.2
   Compiling sha2 v0.10.9
   Compiling ico v0.5.0
   Compiling tauri-plugin-fs v2.5.2
   Compiling gdkx11 v0.18.2
   Compiling gdkwayland-sys v0.18.2
   Compiling tauri-runtime-wry v2.10.1
   Compiling base64 v0.22.1
   Compiling unicode-segmentation v1.12.0
   Compiling lazy_static v1.5.0
   Compiling tao v0.34.5
   Compiling keyboard-types v0.7.0
   Compiling tauri-codegen v2.5.5
   Compiling serialize-to-javascript-impl v0.1.2
   Compiling serialize-to-javascript v0.1.2
   Compiling tauri-macros v2.5.5
   Compiling muda v0.17.1
   Compiling tauri-plugin-dialog v2.7.3
   Compiling tokio v1.49.0
   Compiling serde_repr v0.1.20
   Compiling http-range v0.1.5
   Compiling mime v0.3.17
   Compiling rfd v0.16.0
   Compiling rustix v1.1.3
   Compiling linux-raw-sys v0.11.0
   Compiling textbrush v0.1.0 (/build/src-tauri)
   Compiling fastrand v2.3.0
   Compiling tempfile v3.24.0
    Finished `release` profile [optimized] target(s) in 3m 56s
       Built application at: /build/src-tauri/target/x86_64-unknown-linux-gnu/release/textbrush
        Info Patching /build/src-tauri/target/x86_64-unknown-linux-gnu/release/textbrush with bundle type information: deb
    Bundling Textbrush_0.1.0_amd64.deb (/build/src-tauri/target/x86_64-unknown-linux-gnu/release/bundle/deb/Textbrush_0.1.0_amd64.deb)
    Finished 1 bundle at:
        /build/src-tauri/target/x86_64-unknown-linux-gnu/release/bundle/deb/Textbrush_0.1.0_amd64.deb

Using CPython 3.12.3 interpreter at: /usr/bin/python3
Creating virtual environment at: .venv
   Building textbrush @ file:///build
Downloading networkx (2.0MiB)
Downloading scipy (34.0MiB)
Downloading pygments (1.2MiB)
Downloading scikit-image (12.9MiB)
Downloading ruff (13.6MiB)
Downloading numpy (15.6MiB)
Downloading hf-xet (3.2MiB)
Downloading pillow (4.3MiB)
 Downloaded pygments
      Built textbrush @ file:///build
 Downloaded networkx
 Downloaded hf-xet
 Downloaded pillow
 Downloaded scikit-image
 Downloaded ruff
 Downloaded numpy
 Downloaded scipy
Installed 30 packages in 21ms
release-assets/textbrush-linux-x64.tar.gz
release-assets/Textbrush_0.1.0_amd64.deb
release-assets/textbrush-linux-x64.tar.gz.sha256
release-assets/Textbrush_0.1.0_amd64.deb.sha256
Building wheel...
running egg_info
writing textbrush.egg-info/PKG-INFO
writing dependency_links to textbrush.egg-info/dependency_links.txt
writing entry points to textbrush.egg-info/entry_points.txt
writing requirements to textbrush.egg-info/requires.txt
writing top-level names to textbrush.egg-info/top_level.txt
reading manifest file 'textbrush.egg-info/SOURCES.txt'
adding license file 'LICENSE'
writing manifest file 'textbrush.egg-info/SOURCES.txt'
running bdist_wheel
running build
running build_py
creating build/lib/textbrush
copying textbrush/config.py -> build/lib/textbrush
copying textbrush/worker.py -> build/lib/textbrush
copying textbrush/updates.py -> build/lib/textbrush
copying textbrush/__init__.py -> build/lib/textbrush
copying textbrush/cli.py -> build/lib/textbrush
copying textbrush/backend.py -> build/lib/textbrush
copying textbrush/validation.py -> build/lib/textbrush
copying textbrush/desktop.py -> build/lib/textbrush
copying textbrush/paths.py -> build/lib/textbrush
copying textbrush/buffer.py -> build/lib/textbrush
creating build/lib/textbrush/references
copying textbrush/references/normalization.py -> build/lib/textbrush/references
copying textbrush/references/__init__.py -> build/lib/textbrush/references
creating build/lib/textbrush/model
copying textbrush/model/registry.py -> build/lib/textbrush/model
copying textbrush/model/__init__.py -> build/lib/textbrush/model
copying textbrush/model/weights.py -> build/lib/textbrush/model
creating build/lib/textbrush/ipc
copying textbrush/ipc/__main__.py -> build/lib/textbrush/ipc
copying textbrush/ipc/handler.py -> build/lib/textbrush/ipc
copying textbrush/ipc/__init__.py -> build/lib/textbrush/ipc
copying textbrush/ipc/protocol.py -> build/lib/textbrush/ipc
copying textbrush/ipc/server.py -> build/lib/textbrush/ipc
creating build/lib/textbrush/inference
copying textbrush/inference/base.py -> build/lib/textbrush/inference
copying textbrush/inference/factory.py -> build/lib/textbrush/inference
copying textbrush/inference/__init__.py -> build/lib/textbrush/inference
copying textbrush/inference/flux.py -> build/lib/textbrush/inference
running egg_info
writing textbrush.egg-info/PKG-INFO
writing dependency_links to textbrush.egg-info/dependency_links.txt
writing entry points to textbrush.egg-info/entry_points.txt
writing requirements to textbrush.egg-info/requires.txt
writing top-level names to textbrush.egg-info/top_level.txt
reading manifest file 'textbrush.egg-info/SOURCES.txt'
adding license file 'LICENSE'
writing manifest file 'textbrush.egg-info/SOURCES.txt'
installing to build/bdist.linux-x86_64/wheel
running install
running install_lib
creating build/bdist.linux-x86_64/wheel
creating build/bdist.linux-x86_64/wheel/textbrush
copying build/lib/textbrush/config.py -> build/bdist.linux-x86_64/wheel/./textbrush
copying build/lib/textbrush/worker.py -> build/bdist.linux-x86_64/wheel/./textbrush
creating build/bdist.linux-x86_64/wheel/textbrush/references
copying build/lib/textbrush/references/normalization.py -> build/bdist.linux-x86_64/wheel/./textbrush/references
copying build/lib/textbrush/references/__init__.py -> build/bdist.linux-x86_64/wheel/./textbrush/references
copying build/lib/textbrush/updates.py -> build/bdist.linux-x86_64/wheel/./textbrush
copying build/lib/textbrush/__init__.py -> build/bdist.linux-x86_64/wheel/./textbrush
copying build/lib/textbrush/cli.py -> build/bdist.linux-x86_64/wheel/./textbrush
creating build/bdist.linux-x86_64/wheel/textbrush/model
copying build/lib/textbrush/model/registry.py -> build/bdist.linux-x86_64/wheel/./textbrush/model
copying build/lib/textbrush/model/__init__.py -> build/bdist.linux-x86_64/wheel/./textbrush/model
copying build/lib/textbrush/model/weights.py -> build/bdist.linux-x86_64/wheel/./textbrush/model
copying build/lib/textbrush/backend.py -> build/bdist.linux-x86_64/wheel/./textbrush
creating build/bdist.linux-x86_64/wheel/textbrush/ipc
copying build/lib/textbrush/ipc/__main__.py -> build/bdist.linux-x86_64/wheel/./textbrush/ipc
copying build/lib/textbrush/ipc/handler.py -> build/bdist.linux-x86_64/wheel/./textbrush/ipc
copying build/lib/textbrush/ipc/__init__.py -> build/bdist.linux-x86_64/wheel/./textbrush/ipc
copying build/lib/textbrush/ipc/protocol.py -> build/bdist.linux-x86_64/wheel/./textbrush/ipc
copying build/lib/textbrush/ipc/server.py -> build/bdist.linux-x86_64/wheel/./textbrush/ipc
copying build/lib/textbrush/validation.py -> build/bdist.linux-x86_64/wheel/./textbrush
copying build/lib/textbrush/desktop.py -> build/bdist.linux-x86_64/wheel/./textbrush
copying build/lib/textbrush/paths.py -> build/bdist.linux-x86_64/wheel/./textbrush
copying build/lib/textbrush/buffer.py -> build/bdist.linux-x86_64/wheel/./textbrush
creating build/bdist.linux-x86_64/wheel/textbrush/inference
copying build/lib/textbrush/inference/base.py -> build/bdist.linux-x86_64/wheel/./textbrush/inference
copying build/lib/textbrush/inference/factory.py -> build/bdist.linux-x86_64/wheel/./textbrush/inference
copying build/lib/textbrush/inference/__init__.py -> build/bdist.linux-x86_64/wheel/./textbrush/inference
copying build/lib/textbrush/inference/flux.py -> build/bdist.linux-x86_64/wheel/./textbrush/inference
running install_egg_info
Copying textbrush.egg-info to build/bdist.linux-x86_64/wheel/./textbrush-0.1.0-py3.12.egg-info
running install_scripts
creating build/bdist.linux-x86_64/wheel/textbrush-0.1.0.dist-info/WHEEL
creating '/evidence/wheels/.tmp-aaqc59d9/textbrush-0.1.0-py3-none-any.whl' and adding 'build/bdist.linux-x86_64/wheel' to it
adding 'textbrush/__init__.py'
adding 'textbrush/backend.py'
adding 'textbrush/buffer.py'
adding 'textbrush/cli.py'
adding 'textbrush/config.py'
adding 'textbrush/desktop.py'
adding 'textbrush/paths.py'
adding 'textbrush/updates.py'
adding 'textbrush/validation.py'
adding 'textbrush/worker.py'
adding 'textbrush/inference/__init__.py'
adding 'textbrush/inference/base.py'
adding 'textbrush/inference/factory.py'
adding 'textbrush/inference/flux.py'
adding 'textbrush/ipc/__init__.py'
adding 'textbrush/ipc/__main__.py'
adding 'textbrush/ipc/handler.py'
adding 'textbrush/ipc/protocol.py'
adding 'textbrush/ipc/server.py'
adding 'textbrush/model/__init__.py'
adding 'textbrush/model/registry.py'
adding 'textbrush/model/weights.py'
adding 'textbrush/references/__init__.py'
adding 'textbrush/references/normalization.py'
adding 'textbrush-0.1.0.dist-info/licenses/LICENSE'
adding 'textbrush-0.1.0.dist-info/METADATA'
adding 'textbrush-0.1.0.dist-info/WHEEL'
adding 'textbrush-0.1.0.dist-info/entry_points.txt'
adding 'textbrush-0.1.0.dist-info/top_level.txt'
adding 'textbrush-0.1.0.dist-info/RECORD'
removing build/bdist.linux-x86_64/wheel
Successfully built /evidence/wheels/textbrush-0.1.0-py3-none-any.whl
src-tauri/target/x86_64-unknown-linux-gnu/release/textbrush: ELF 64-bit LSB pie executable, x86-64, version 1 (SYSV), dynamically linked, interpreter /lib64/ld-linux-x86-64.so.2, for GNU/Linux 3.2.0, BuildID[sha1]=8e16a1e798e194c02dee542ef53b6035f2a4e42b, stripped
	libgdk-3.so.0 => /lib/x86_64-linux-gnu/libgdk-3.so.0 (0x00007fffff0a5000)
	libgdk_pixbuf-2.0.so.0 => /lib/x86_64-linux-gnu/libgdk_pixbuf-2.0.so.0 (0x00007fffff077000)
	libcairo.so.2 => /lib/x86_64-linux-gnu/libcairo.so.2 (0x00007ffffef33000)
	libgobject-2.0.so.0 => /lib/x86_64-linux-gnu/libgobject-2.0.so.0 (0x00007ffffeed0000)
	libglib-2.0.so.0 => /lib/x86_64-linux-gnu/libglib-2.0.so.0 (0x00007ffffed87000)
	libwebkit2gtk-4.1.so.0 => /lib/x86_64-linux-gnu/libwebkit2gtk-4.1.so.0 (0x00007ffff92d6000)
	libgtk-3.so.0 => /lib/x86_64-linux-gnu/libgtk-3.so.0 (0x00007ffff8b07000)
	libsoup-3.0.so.0 => /lib/x86_64-linux-gnu/libsoup-3.0.so.0 (0x00007ffff8a6d000)
	libgio-2.0.so.0 => /lib/x86_64-linux-gnu/libgio-2.0.so.0 (0x00007ffff889d000)
	libjavascriptcoregtk-4.1.so.0 => /lib/x86_64-linux-gnu/libjavascriptcoregtk-4.1.so.0 (0x00007ffff69f9000)
	libgcc_s.so.1 => /lib/x86_64-linux-gnu/libgcc_s.so.1 (0x00007ffff69cb000)
	libm.so.6 => /lib/x86_64-linux-gnu/libm.so.6 (0x00007ffff68e2000)
	libc.so.6 => /lib/x86_64-linux-gnu/libc.so.6 (0x00007ffff66cd000)
	libpango-1.0.so.0 => /lib/x86_64-linux-gnu/libpango-1.0.so.0 (0x00007ffff6662000)
	libfribidi.so.0 => /lib/x86_64-linux-gnu/libfribidi.so.0 (0x00007ffff6644000)
	libcairo-gobject.so.2 => /lib/x86_64-linux-gnu/libcairo-gobject.so.2 (0x00007ffff6638000)
	libepoxy.so.0 => /lib/x86_64-linux-gnu/libepoxy.so.0 (0x00007ffff6515000)
	libfontconfig.so.1 => /lib/x86_64-linux-gnu/libfontconfig.so.1 (0x00007ffff64c4000)
	libpangocairo-1.0.so.0 => /lib/x86_64-linux-gnu/libpangocairo-1.0.so.0 (0x00007ffff64b1000)
	libxkbcommon.so.0 => /lib/x86_64-linux-gnu/libxkbcommon.so.0 (0x00007ffff6468000)
	libwayland-client.so.0 => /lib/x86_64-linux-gnu/libwayland-client.so.0 (0x00007ffff6458000)
	libwayland-cursor.so.0 => /lib/x86_64-linux-gnu/libwayland-cursor.so.0 (0x00007ffff644e000)
	libwayland-egl.so.1 => /lib/x86_64-linux-gnu/libwayland-egl.so.1 (0x00007ffff6449000)
	libX11.so.6 => /lib/x86_64-linux-gnu/libX11.so.6 (0x00007ffff630c000)
	libXi.so.6 => /lib/x86_64-linux-gnu/libXi.so.6 (0x00007ffff62f7000)
	libXext.so.6 => /lib/x86_64-linux-gnu/libXext.so.6 (0x00007ffff62e3000)
	libXcursor.so.1 => /lib/x86_64-linux-gnu/libXcursor.so.1 (0x00007ffff62d7000)
	libXdamage.so.1 => /lib/x86_64-linux-gnu/libXdamage.so.1 (0x00007ffff62d2000)
	libXfixes.so.3 => /lib/x86_64-linux-gnu/libXfixes.so.3 (0x00007ffff62ca000)
	libXcomposite.so.1 => /lib/x86_64-linux-gnu/libXcomposite.so.1 (0x00007ffff62c5000)
	libXrandr.so.2 => /lib/x86_64-linux-gnu/libXrandr.so.2 (0x00007ffff62b6000)
	libXinerama.so.1 => /lib/x86_64-linux-gnu/libXinerama.so.1 (0x00007ffff62b1000)
	libgmodule-2.0.so.0 => /lib/x86_64-linux-gnu/libgmodule-2.0.so.0 (0x00007ffff62aa000)
	libpng16.so.16 => /lib/x86_64-linux-gnu/libpng16.so.16 (0x00007ffff6272000)
	libjpeg.so.8 => /lib/x86_64-linux-gnu/libjpeg.so.8 (0x00007ffff61ef000)
	libz.so.1 => /lib/x86_64-linux-gnu/libz.so.1 (0x00007ffff61d1000)
	libfreetype.so.6 => /lib/x86_64-linux-gnu/libfreetype.so.6 (0x00007ffff6105000)
	libXrender.so.1 => /lib/x86_64-linux-gnu/libXrender.so.1 (0x00007ffff60f9000)
	libxcb.so.1 => /lib/x86_64-linux-gnu/libxcb.so.1 (0x00007ffff60d0000)
	libxcb-render.so.0 => /lib/x86_64-linux-gnu/libxcb-render.so.0 (0x00007ffff60c1000)
	libxcb-shm.so.0 => /lib/x86_64-linux-gnu/libxcb-shm.so.0 (0x00007ffff60bc000)
	libpixman-1.so.0 => /lib/x86_64-linux-gnu/libpixman-1.so.0 (0x00007ffff600b000)
	libffi.so.8 => /lib/x86_64-linux-gnu/libffi.so.8 (0x00007ffff5fff000)
	libpcre2-8.so.0 => /lib/x86_64-linux-gnu/libpcre2-8.so.0 (0x00007ffff5f65000)
	libatomic.so.1 => /lib/x86_64-linux-gnu/libatomic.so.1 (0x00007ffff5f5a000)
	libharfbuzz.so.0 => /lib/x86_64-linux-gnu/libharfbuzz.so.0 (0x00007ffff5e4d000)
	libatk-1.0.so.0 => /lib/x86_64-linux-gnu/libatk-1.0.so.0 (0x00007ffff5e21000)
	libwebpmux.so.3 => /lib/x86_64-linux-gnu/libwebpmux.so.3 (0x00007ffff5e13000)
	libexpat.so.1 => /lib/x86_64-linux-gnu/libexpat.so.1 (0x00007ffff5de5000)
	libicudata.so.74 => /lib/x86_64-linux-gnu/libicudata.so.74 (0x00007ffff4085000)
	libicui18n.so.74 => /lib/x86_64-linux-gnu/libicui18n.so.74 (0x00007ffff3d37000)
	libsystemd.so.0 => /lib/x86_64-linux-gnu/libsystemd.so.0 (0x00007ffff3c57000)
	libicuuc.so.74 => /lib/x86_64-linux-gnu/libicuuc.so.74 (0x00007ffff3a48000)
	libxml2.so.2 => /lib/x86_64-linux-gnu/libxml2.so.2 (0x00007ffff3866000)
	libsqlite3.so.0 => /lib/x86_64-linux-gnu/libsqlite3.so.0 (0x00007ffff36fe000)
	libxslt.so.1 => /lib/x86_64-linux-gnu/libxslt.so.1 (0x00007ffff36bd000)
	liblcms2.so.2 => /lib/x86_64-linux-gnu/liblcms2.so.2 (0x00007ffff365b000)
	libgcrypt.so.20 => /lib/x86_64-linux-gnu/libgcrypt.so.20 (0x00007ffff3512000)
	libgpg-error.so.0 => /lib/x86_64-linux-gnu/libgpg-error.so.0 (0x00007ffff34eb000)
	libgstallocators-1.0.so.0 => /lib/x86_64-linux-gnu/libgstallocators-1.0.so.0 (0x00007ffff34e1000)
	libgstapp-1.0.so.0 => /lib/x86_64-linux-gnu/libgstapp-1.0.so.0 (0x00007ffff34cb000)
	libgstbase-1.0.so.0 => /lib/x86_64-linux-gnu/libgstbase-1.0.so.0 (0x00007ffff3446000)
	libgstreamer-1.0.so.0 => /lib/x86_64-linux-gnu/libgstreamer-1.0.so.0 (0x00007ffff32f3000)
	libgstpbutils-1.0.so.0 => /lib/x86_64-linux-gnu/libgstpbutils-1.0.so.0 (0x00007ffff32b0000)
	libgstaudio-1.0.so.0 => /lib/x86_64-linux-gnu/libgstaudio-1.0.so.0 (0x00007ffff3229000)
	libgsttag-1.0.so.0 => /lib/x86_64-linux-gnu/libgsttag-1.0.so.0 (0x00007ffff31e8000)
	libgstvideo-1.0.so.0 => /lib/x86_64-linux-gnu/libgstvideo-1.0.so.0 (0x00007ffff3113000)
	libgstgl-1.0.so.0 => /lib/x86_64-linux-gnu/libgstgl-1.0.so.0 (0x00007ffff3080000)
	libgstfft-1.0.so.0 => /lib/x86_64-linux-gnu/libgstfft-1.0.so.0 (0x00007ffff3075000)
	libwebpdemux.so.2 => /lib/x86_64-linux-gnu/libwebpdemux.so.2 (0x00007ffff306e000)
	libwebp.so.7 => /lib/x86_64-linux-gnu/libwebp.so.7 (0x00007ffff2ff1000)
	libharfbuzz-icu.so.0 => /lib/x86_64-linux-gnu/libharfbuzz-icu.so.0 (0x00007ffff2fec000)
	libwayland-server.so.0 => /lib/x86_64-linux-gnu/libwayland-server.so.0 (0x00007ffff2fd6000)
	libmanette-0.2.so.0 => /lib/x86_64-linux-gnu/libmanette-0.2.so.0 (0x00007ffff2fa6000)
	libseccomp.so.2 => /lib/x86_64-linux-gnu/libseccomp.so.2 (0x00007ffff2f86000)
	libenchant-2.so.2 => /lib/x86_64-linux-gnu/libenchant-2.so.2 (0x00007ffff2f79000)
	libgbm.so.1 => /lib/x86_64-linux-gnu/libgbm.so.1 (0x00007ffff2f70000)
	libdrm.so.2 => /lib/x86_64-linux-gnu/libdrm.so.2 (0x00007ffff2f59000)
	libtasn1.so.6 => /lib/x86_64-linux-gnu/libtasn1.so.6 (0x00007ffff2f43000)
	libhyphen.so.0 => /lib/x86_64-linux-gnu/libhyphen.so.0 (0x00007ffff2f3b000)
	libsecret-1.so.0 => /lib/x86_64-linux-gnu/libsecret-1.so.0 (0x00007ffff2edc000)
	libstdc++.so.6 => /lib/x86_64-linux-gnu/libstdc++.so.6 (0x00007ffff2c5e000)
	/lib64/ld-linux-x86-64.so.2 (0x00007ffffffc6000)
	libpangoft2-1.0.so.0 => /lib/x86_64-linux-gnu/libpangoft2-1.0.so.0 (0x00007ffff2c41000)
	libatk-bridge-2.0.so.0 => /lib/x86_64-linux-gnu/libatk-bridge-2.0.so.0 (0x00007ffff2c05000)
	libpsl.so.5 => /lib/x86_64-linux-gnu/libpsl.so.5 (0x00007ffff2bf1000)
	libbrotlidec.so.1 => /lib/x86_64-linux-gnu/libbrotlidec.so.1 (0x00007ffff2be3000)
	libgssapi_krb5.so.2 => /lib/x86_64-linux-gnu/libgssapi_krb5.so.2 (0x00007ffff2b8d000)
	libnghttp2.so.14 => /lib/x86_64-linux-gnu/libnghttp2.so.14 (0x00007ffff2b62000)
	libmount.so.1 => /lib/x86_64-linux-gnu/libmount.so.1 (0x00007ffff2b15000)
	libselinux.so.1 => /lib/x86_64-linux-gnu/libselinux.so.1 (0x00007ffff2ae8000)
	libthai.so.0 => /lib/x86_64-linux-gnu/libthai.so.0 (0x00007ffff2add000)
	libbz2.so.1.0 => /lib/x86_64-linux-gnu/libbz2.so.1.0 (0x00007ffff2ac7000)
	libXau.so.6 => /lib/x86_64-linux-gnu/libXau.so.6 (0x00007ffff2ac1000)
	libXdmcp.so.6 => /lib/x86_64-linux-gnu/libXdmcp.so.6 (0x00007ffff2ab9000)
	libgraphite2.so.3 => /lib/x86_64-linux-gnu/libgraphite2.so.3 (0x00007ffff2a93000)
	libcap.so.2 => /lib/x86_64-linux-gnu/libcap.so.2 (0x00007ffff2a86000)
	liblz4.so.1 => /lib/x86_64-linux-gnu/liblz4.so.1 (0x00007ffff2a62000)
	liblzma.so.5 => /lib/x86_64-linux-gnu/liblzma.so.5 (0x00007ffff2a30000)
	libzstd.so.1 => /lib/x86_64-linux-gnu/libzstd.so.1 (0x00007ffff2976000)
	libunwind.so.8 => /lib/x86_64-linux-gnu/libunwind.so.8 (0x00007ffff295b000)
	libdw.so.1 => /lib/x86_64-linux-gnu/libdw.so.1 (0x00007ffff28a7000)
	liborc-0.4.so.0 => /lib/x86_64-linux-gnu/liborc-0.4.so.0 (0x00007ffff27f3000)
	libGL.so.1 => /lib/x86_64-linux-gnu/libGL.so.1 (0x00007ffff276c000)
	libEGL.so.1 => /lib/x86_64-linux-gnu/libEGL.so.1 (0x00007ffff275a000)
	libX11-xcb.so.1 => /lib/x86_64-linux-gnu/libX11-xcb.so.1 (0x00007ffff2755000)
	libgudev-1.0.so.0 => /lib/x86_64-linux-gnu/libgudev-1.0.so.0 (0x00007ffff2748000)
	libsharpyuv.so.0 => /lib/x86_64-linux-gnu/libsharpyuv.so.0 (0x00007ffff273e000)
	libevdev.so.2 => /lib/x86_64-linux-gnu/libevdev.so.2 (0x00007ffff2720000)
	libatspi.so.0 => /lib/x86_64-linux-gnu/libatspi.so.0 (0x00007ffff26e6000)
	libdbus-1.so.3 => /lib/x86_64-linux-gnu/libdbus-1.so.3 (0x00007ffff2697000)
	libunistring.so.5 => /lib/x86_64-linux-gnu/libunistring.so.5 (0x00007ffff24ea000)
	libidn2.so.0 => /lib/x86_64-linux-gnu/libidn2.so.0 (0x00007ffff24c6000)
	libbrotlicommon.so.1 => /lib/x86_64-linux-gnu/libbrotlicommon.so.1 (0x00007ffff24a3000)
	libkrb5.so.3 => /lib/x86_64-linux-gnu/libkrb5.so.3 (0x00007ffff23da000)
	libk5crypto.so.3 => /lib/x86_64-linux-gnu/libk5crypto.so.3 (0x00007ffff23ae000)
	libcom_err.so.2 => /lib/x86_64-linux-gnu/libcom_err.so.2 (0x00007ffff23a8000)
	libkrb5support.so.0 => /lib/x86_64-linux-gnu/libkrb5support.so.0 (0x00007ffff2399000)
	libblkid.so.1 => /lib/x86_64-linux-gnu/libblkid.so.1 (0x00007ffff235e000)
	libdatrie.so.1 => /lib/x86_64-linux-gnu/libdatrie.so.1 (0x00007ffff2355000)
	libbsd.so.0 => /lib/x86_64-linux-gnu/libbsd.so.0 (0x00007ffff233f000)
	libelf.so.1 => /lib/x86_64-linux-gnu/libelf.so.1 (0x00007ffff2320000)
	libGLdispatch.so.0 => /lib/x86_64-linux-gnu/libGLdispatch.so.0 (0x00007ffff2266000)
	libGLX.so.0 => /lib/x86_64-linux-gnu/libGLX.so.0 (0x00007ffff2233000)
	libudev.so.1 => /lib/x86_64-linux-gnu/libudev.so.1 (0x00007ffff2200000)
	libkeyutils.so.1 => /lib/x86_64-linux-gnu/libkeyutils.so.1 (0x00007ffff21f9000)
	libresolv.so.2 => /lib/x86_64-linux-gnu/libresolv.so.2 (0x00007ffff21e7000)
	libmd.so.0 => /lib/x86_64-linux-gnu/libmd.so.0 (0x00007ffff21d6000)
 new Debian package, version 2.0.
 size 2478112 bytes: control archive=382 bytes.
     235 bytes,     9 lines      control
     127 bytes,     2 lines      md5sums
 Package: textbrush
 Version: 0.1.0
 Architecture: amd64
 Installed-Size: 6245
 Maintainer: Markus Rother <mail@markusrother.de>
 Priority: optional
 Depends: libwebkit2gtk-4.1-0, libgtk-3-0
 Description: Text-to-image generation tool
  (none)
Textbrush_0.1.0_amd64.deb: OK
textbrush-linux-x64.tar.gz: OK
