Get:1 http://security.ubuntu.com/ubuntu noble-security InRelease [126 kB]
Get:2 http://archive.ubuntu.com/ubuntu noble InRelease [256 kB]
Get:3 http://archive.ubuntu.com/ubuntu noble-updates InRelease [126 kB]
Get:4 http://archive.ubuntu.com/ubuntu noble-backports InRelease [126 kB]
Get:5 http://security.ubuntu.com/ubuntu noble-security/restricted amd64 Packages [1905 kB]
Get:6 http://security.ubuntu.com/ubuntu noble-security/main amd64 Packages [1299 kB]
Get:7 http://archive.ubuntu.com/ubuntu noble/main amd64 Packages [1808 kB]
Get:8 http://security.ubuntu.com/ubuntu noble-security/multiverse amd64 Packages [50.0 kB]
Get:9 http://security.ubuntu.com/ubuntu noble-security/universe amd64 Packages [1547 kB]
Get:10 http://archive.ubuntu.com/ubuntu noble/multiverse amd64 Packages [331 kB]
Get:11 http://archive.ubuntu.com/ubuntu noble/restricted amd64 Packages [117 kB]
Get:12 http://archive.ubuntu.com/ubuntu noble/universe amd64 Packages [19.3 MB]
Get:13 http://archive.ubuntu.com/ubuntu noble-updates/main amd64 Packages [1633 kB]
Get:14 http://archive.ubuntu.com/ubuntu noble-updates/universe amd64 Packages [2160 kB]
Get:15 http://archive.ubuntu.com/ubuntu noble-updates/multiverse amd64 Packages [56.2 kB]
Get:16 http://archive.ubuntu.com/ubuntu noble-updates/restricted amd64 Packages [2048 kB]
Get:17 http://archive.ubuntu.com/ubuntu noble-backports/universe amd64 Packages [36.0 kB]
Get:18 http://archive.ubuntu.com/ubuntu noble-backports/multiverse amd64 Packages [671 B]
Get:19 http://archive.ubuntu.com/ubuntu noble-backports/main amd64 Packages [49.0 kB]
Fetched 33.0 MB in 4s (8809 kB/s)
Reading package lists...
Reading package lists...
Building dependency tree...
Reading state information...
The following additional packages will be installed:
  adwaita-icon-theme at-spi2-common bubblewrap dbus-bin dbus-daemon
  dbus-session-bus-common dconf-gsettings-backend dconf-service
  dictionaries-common emacsen-common fontconfig fontconfig-config
  fonts-dejavu-core fonts-dejavu-mono glib-networking glib-networking-common
  glib-networking-services gsettings-desktop-schemas gstreamer1.0-plugins-base
  gstreamer1.0-plugins-good gtk-update-icon-cache hicolor-icon-theme
  humanity-icon-theme hunspell-en-us iso-codes libaa1 libapparmor1 libaspell15
  libasyncns0 libatk-bridge2.0-0t64 libatk1.0-0t64 libatomic1 libatspi2.0-0t64
  libavahi-client3 libavahi-common-data libavahi-common3 libavc1394-0
  libbrotli1 libbsd0 libcaca0 libcairo-gobject2 libcairo2 libcap2-bin
  libcdparanoia0 libcolord2 libcups2t64 libcurl3t64-gnutls libcurl4t64
  libdatrie1 libdbus-1-3 libdconf1 libdeflate0 libdrm-amdgpu1 libdrm-common
  libdrm-intel1 libdrm2 libduktape207 libdv4t64 libdw1t64 libedit2
  libegl-mesa0 libegl1 libelf1t64 libenchant-2-2 libepoxy0 libevdev2 libexpat1
  libflac12t64 libfontconfig1 libfontenc1 libfreetype6 libfribidi0 libgbm1
  libgdk-pixbuf-2.0-0 libgdk-pixbuf2.0-common libgl1 libgl1-mesa-dri libgles2
  libglib2.0-0t64 libglvnd0 libglx-mesa0 libglx0 libgpm2 libgraphite2-3
  libgssapi-krb5-2 libgstreamer-gl1.0-0 libgstreamer-plugins-base1.0-0
  libgstreamer-plugins-good1.0-0 libgstreamer1.0-0 libgtk-3-0t64
  libgtk-3-common libgudev-1.0-0 libharfbuzz-icu0 libharfbuzz0b
  libhunspell-1.7-0 libhyphen0 libice6 libicu74 libiec61883-0
  libjavascriptcoregtk-4.1-0 libjbig0 libjpeg-turbo8 libjpeg8 libk5crypto3
  libkeyutils1 libkrb5-3 libkrb5support0 liblcms2-2 libldap2 liblerc4
  libllvm20 libmanette-0.2-0 libmp3lame0 libmpg123-0t64 libncurses6
  libnghttp2-14 libogg0 libopus0 liborc-0.4-0t64 libpango-1.0-0
  libpangocairo-1.0-0 libpangoft2-1.0-0 libpciaccess0 libpixman-1-0
  libpng16-16t64 libproxy1v5 libpsl5t64 libpulse0 libpython3-stdlib
  libpython3.12-minimal libpython3.12-stdlib libraw1394-11 libreadline8t64
  librtmp1 libsasl2-2 libsasl2-modules-db libsecret-1-0 libsecret-common
  libsensors-config libsensors5 libsharpyuv0 libshout3 libslang2 libsm6
  libsndfile1 libsoup-3.0-0 libsoup-3.0-common libspeex1 libsqlite3-0 libssh-4
  libtag1v5 libtag1v5-vanilla libtext-iconv-perl libthai-data libthai0
  libtheora0 libtiff6 libtwolame0 libunwind8 libv4l-0t64 libv4lconvert0t64
  libvisual-0.4-0 libvorbis0a libvorbisenc2 libvpx9 libvulkan1 libwavpack1
  libwayland-client0 libwayland-cursor0 libwayland-egl1 libwayland-server0
  libwebkit2gtk-4.1-0 libwebp7 libwebpdemux2 libwebpmux3 libx11-6 libx11-data
  libx11-xcb1 libxau6 libxaw7 libxcb-dri3-0 libxcb-glx0 libxcb-present0
  libxcb-randr0 libxcb-render0 libxcb-shm0 libxcb-sync1 libxcb-xfixes0 libxcb1
  libxcomposite1 libxcursor1 libxdamage1 libxdmcp6 libxext6 libxfixes3
  libxfont2 libxi6 libxinerama1 libxkbcommon0 libxkbfile1 libxml2 libxmu6
  libxmuu1 libxpm4 libxrandr2 libxrender1 libxshmfence1 libxslt1.1 libxt6t64
  libxtst6 libxxf86vm1 media-types mesa-libgallium netbase openssl
  python3-minimal python3-pip-whl python3-setuptools-whl python3.12
  python3.12-minimal python3.12-venv readline-common session-migration
  shared-mime-info tzdata ubuntu-mono x11-common x11-xkb-utils xdg-dbus-proxy
  xkb-data xserver-common
Suggested packages:
  ispell | aspell | hunspell wordlist gvfs hunspell openoffice.org-hunspell
  | openoffice.org-core isoquery aspell colord cups-common libdv-bin
  oss-compat libenchant-2-voikko low-memory-monitor gpm krb5-doc krb5-user
  libvisual-0.4-plugins gstreamer1.0-tools liblcms2-utils opus-tools pciutils
  pulseaudio libraw1394-doc lm-sensors speex gstreamer1.0-libav
  gstreamer1.0-plugins-bad gstreamer1.0-alsa python3-doc python3-tk
  python3.12-doc binutils binfmt-support readline-doc
Recommended packages:
  librsvg2-common gstreamer1.0-x aspell-en | aspell-dictionary
  | aspell6a-dictionary at-spi2-core libpam-cap dbus enchant-2
  libgdk-pixbuf2.0-bin libglib2.0-data xdg-user-dirs gstreamer1.0-gl
  libgtk-3-bin krb5-locales libldap-common publicsuffix libsasl2-modules
  mesa-vulkan-drivers | vulkan-icd xdg-desktop-portal-gtk xfonts-base
The following NEW packages will be installed:
  adwaita-icon-theme at-spi2-common bubblewrap ca-certificates curl dbus-bin
  dbus-daemon dbus-session-bus-common dbus-x11 dconf-gsettings-backend
  dconf-service dictionaries-common emacsen-common fontconfig
  fontconfig-config fonts-dejavu-core fonts-dejavu-mono glib-networking
  glib-networking-common glib-networking-services gsettings-desktop-schemas
  gstreamer1.0-plugins-base gstreamer1.0-plugins-good gtk-update-icon-cache
  hicolor-icon-theme humanity-icon-theme hunspell-en-us iso-codes libaa1
  libapparmor1 libaspell15 libasyncns0 libatk-bridge2.0-0t64 libatk1.0-0t64
  libatomic1 libatspi2.0-0t64 libavahi-client3 libavahi-common-data
  libavahi-common3 libavc1394-0 libbrotli1 libbsd0 libcaca0 libcairo-gobject2
  libcairo2 libcap2-bin libcdparanoia0 libcolord2 libcups2t64
  libcurl3t64-gnutls libcurl4t64 libdatrie1 libdbus-1-3 libdconf1 libdeflate0
  libdrm-amdgpu1 libdrm-common libdrm-intel1 libdrm2 libduktape207 libdv4t64
  libdw1t64 libedit2 libegl-mesa0 libegl1 libelf1t64 libenchant-2-2 libepoxy0
  libevdev2 libexpat1 libflac12t64 libfontconfig1 libfontenc1 libfreetype6
  libfribidi0 libgbm1 libgdk-pixbuf-2.0-0 libgdk-pixbuf2.0-common libgl1
  libgl1-mesa-dri libgles2 libglib2.0-0t64 libglvnd0 libglx-mesa0 libglx0
  libgpm2 libgraphite2-3 libgssapi-krb5-2 libgstreamer-gl1.0-0
  libgstreamer-plugins-base1.0-0 libgstreamer-plugins-good1.0-0
  libgstreamer1.0-0 libgtk-3-0t64 libgtk-3-common libgudev-1.0-0
  libharfbuzz-icu0 libharfbuzz0b libhunspell-1.7-0 libhyphen0 libice6 libicu74
  libiec61883-0 libjavascriptcoregtk-4.1-0 libjbig0 libjpeg-turbo8 libjpeg8
  libk5crypto3 libkeyutils1 libkrb5-3 libkrb5support0 liblcms2-2 libldap2
  liblerc4 libllvm20 libmanette-0.2-0 libmp3lame0 libmpg123-0t64 libncurses6
  libnghttp2-14 libogg0 libopus0 liborc-0.4-0t64 libpango-1.0-0
  libpangocairo-1.0-0 libpangoft2-1.0-0 libpciaccess0 libpixman-1-0
  libpng16-16t64 libproxy1v5 libpsl5t64 libpulse0 libpython3-stdlib
  libpython3.12-minimal libpython3.12-stdlib libraw1394-11 libreadline8t64
  librtmp1 libsasl2-2 libsasl2-modules-db libsecret-1-0 libsecret-common
  libsensors-config libsensors5 libsharpyuv0 libshout3 libslang2 libsm6
  libsndfile1 libsoup-3.0-0 libsoup-3.0-common libspeex1 libsqlite3-0 libssh-4
  libtag1v5 libtag1v5-vanilla libtext-iconv-perl libthai-data libthai0
  libtheora0 libtiff6 libtwolame0 libunwind8 libv4l-0t64 libv4lconvert0t64
  libvisual-0.4-0 libvorbis0a libvorbisenc2 libvpx9 libvulkan1 libwavpack1
  libwayland-client0 libwayland-cursor0 libwayland-egl1 libwayland-server0
  libwebkit2gtk-4.1-0 libwebp7 libwebpdemux2 libwebpmux3 libx11-6 libx11-data
  libx11-xcb1 libxau6 libxaw7 libxcb-dri3-0 libxcb-glx0 libxcb-present0
  libxcb-randr0 libxcb-render0 libxcb-shm0 libxcb-sync1 libxcb-xfixes0 libxcb1
  libxcomposite1 libxcursor1 libxdamage1 libxdmcp6 libxext6 libxfixes3
  libxfont2 libxi6 libxinerama1 libxkbcommon0 libxkbfile1 libxml2 libxmu6
  libxmuu1 libxpm4 libxrandr2 libxrender1 libxshmfence1 libxslt1.1 libxt6t64
  libxtst6 libxxf86vm1 media-types mesa-libgallium netbase openssl python3
  python3-minimal python3-pip-whl python3-setuptools-whl python3-venv
  python3.12 python3.12-minimal python3.12-venv readline-common
  session-migration shared-mime-info textbrush tzdata ubuntu-mono x11-common
  x11-xkb-utils xauth xdg-dbus-proxy xkb-data xserver-common xvfb
0 upgraded, 239 newly installed, 0 to remove and 3 not upgraded.
Need to get 137 MB/139 MB of archives.
After this operation, 565 MB of additional disk space will be used.
Get:1 /evidence/release-assets/Textbrush_0.1.0_amd64.deb textbrush amd64 0.1.0 [2478 kB]
Get:2 http://archive.ubuntu.com/ubuntu noble-updates/main amd64 libpython3.12-minimal amd64 3.12.3-1ubuntu0.17 [839 kB]
Get:3 http://archive.ubuntu.com/ubuntu noble-updates/main amd64 libexpat1 amd64 2.6.1-2ubuntu0.6 [98.9 kB]
Get:4 http://archive.ubuntu.com/ubuntu noble-updates/main amd64 python3.12-minimal amd64 3.12.3-1ubuntu0.17 [2335 kB]
Get:5 http://archive.ubuntu.com/ubuntu noble-updates/main amd64 python3-minimal amd64 3.12.3-0ubuntu2.1 [27.4 kB]
Get:6 http://archive.ubuntu.com/ubuntu noble/main amd64 media-types all 10.1.0 [27.5 kB]
Get:7 http://archive.ubuntu.com/ubuntu noble/main amd64 netbase all 6.4 [13.1 kB]
Get:8 http://archive.ubuntu.com/ubuntu noble-updates/main amd64 tzdata all 2026c-0ubuntu0.24.04.1 [280 kB]
Get:9 http://archive.ubuntu.com/ubuntu noble/main amd64 readline-common all 8.2-4build1 [56.5 kB]
Get:10 http://archive.ubuntu.com/ubuntu noble/main amd64 libreadline8t64 amd64 8.2-4build1 [153 kB]
Get:11 http://archive.ubuntu.com/ubuntu noble-updates/main amd64 libsqlite3-0 amd64 3.45.1-1ubuntu2.8 [702 kB]
Get:12 http://archive.ubuntu.com/ubuntu noble-updates/main amd64 libpython3.12-stdlib amd64 3.12.3-1ubuntu0.17 [2071 kB]
Get:13 http://archive.ubuntu.com/ubuntu noble-updates/main amd64 python3.12 amd64 3.12.3-1ubuntu0.17 [651 kB]
Get:14 http://archive.ubuntu.com/ubuntu noble-updates/main amd64 libpython3-stdlib amd64 3.12.3-0ubuntu2.1 [10.1 kB]
Get:15 http://archive.ubuntu.com/ubuntu noble-updates/main amd64 python3 amd64 3.12.3-0ubuntu2.1 [23.0 kB]
Get:16 http://archive.ubuntu.com/ubuntu noble-updates/main amd64 openssl amd64 3.0.13-0ubuntu3.15 [1003 kB]
Get:17 http://archive.ubuntu.com/ubuntu noble-updates/main amd64 ca-certificates all 20260601~24.04.1 [139 kB]
Get:18 http://archive.ubuntu.com/ubuntu noble-updates/main amd64 libdbus-1-3 amd64 1.14.10-4ubuntu4.1 [210 kB]
Get:19 http://archive.ubuntu.com/ubuntu noble-updates/main amd64 dbus-bin amd64 1.14.10-4ubuntu4.1 [39.3 kB]
Get:20 http://archive.ubuntu.com/ubuntu noble-updates/main amd64 dbus-session-bus-common all 1.14.10-4ubuntu4.1 [80.5 kB]
Get:21 http://archive.ubuntu.com/ubuntu noble-updates/main amd64 libapparmor1 amd64 4.0.1really4.0.1-0ubuntu0.24.04.8 [51.4 kB]
Get:22 http://archive.ubuntu.com/ubuntu noble-updates/main amd64 dbus-daemon amd64 1.14.10-4ubuntu4.1 [118 kB]
Get:23 http://archive.ubuntu.com/ubuntu noble/main amd64 iso-codes all 4.16.0-1 [3492 kB]
Get:24 http://archive.ubuntu.com/ubuntu noble-updates/main amd64 libbsd0 amd64 0.12.1-1build1.1 [41.2 kB]
Get:25 http://archive.ubuntu.com/ubuntu noble-updates/main amd64 libcap2-bin amd64 1:2.66-5ubuntu2.4 [34.1 kB]
Get:26 http://archive.ubuntu.com/ubuntu noble-updates/main amd64 libelf1t64 amd64 0.190-1.1ubuntu0.1 [57.8 kB]
Get:27 http://archive.ubuntu.com/ubuntu noble/main amd64 libfribidi0 amd64 1.0.13-3build1 [26.1 kB]
Get:28 http://archive.ubuntu.com/ubuntu noble-updates/main amd64 libglib2.0-0t64 amd64 2.80.0-6ubuntu3.9 [1547 kB]
Get:29 http://archive.ubuntu.com/ubuntu noble-updates/main amd64 libkrb5support0 amd64 1.20.1-6ubuntu2.10 [34.9 kB]
Get:30 http://archive.ubuntu.com/ubuntu noble-updates/main amd64 libk5crypto3 amd64 1.20.1-6ubuntu2.10 [81.9 kB]
Get:31 http://archive.ubuntu.com/ubuntu noble/main amd64 libkeyutils1 amd64 1.6.3-3build1 [9490 B]
Get:32 http://archive.ubuntu.com/ubuntu noble-updates/main amd64 libkrb5-3 amd64 1.20.1-6ubuntu2.10 [348 kB]
Get:33 http://archive.ubuntu.com/ubuntu noble-updates/main amd64 libgssapi-krb5-2 amd64 1.20.1-6ubuntu2.10 [143 kB]
Get:34 http://archive.ubuntu.com/ubuntu noble-updates/main amd64 libicu74 amd64 74.2-1ubuntu3.1 [10.9 MB]
Get:35 http://archive.ubuntu.com/ubuntu noble/main amd64 libslang2 amd64 2.3.3-3build2 [506 kB]
Get:36 http://archive.ubuntu.com/ubuntu noble/main amd64 libtext-iconv-perl amd64 1.7-8build3 [13.5 kB]
Get:37 http://archive.ubuntu.com/ubuntu noble-updates/main amd64 libxml2 amd64 2.9.14+dfsg-1.3ubuntu3.9 [765 kB]
Get:38 http://archive.ubuntu.com/ubuntu noble/main amd64 shared-mime-info amd64 2.4-4 [474 kB]
Get:39 http://archive.ubuntu.com/ubuntu noble-updates/main amd64 xkb-data all 2.41-2ubuntu1.1 [397 kB]
Get:40 http://archive.ubuntu.com/ubuntu noble-updates/main amd64 libdrm-common all 2.4.125-1ubuntu0.1~24.04.2 [9250 B]
Get:41 http://archive.ubuntu.com/ubuntu noble-updates/main amd64 libdrm2 amd64 2.4.125-1ubuntu0.1~24.04.2 [41.4 kB]
Get:42 http://archive.ubuntu.com/ubuntu noble/main amd64 libedit2 amd64 3.1-20230828-1build1 [97.6 kB]
Get:43 http://archive.ubuntu.com/ubuntu noble/main amd64 libevdev2 amd64 1.13.1+dfsg-1build1 [37.8 kB]
Get:44 http://archive.ubuntu.com/ubuntu noble/main amd64 libgpm2 amd64 1.20.7-11 [14.1 kB]
Get:45 http://archive.ubuntu.com/ubuntu noble-updates/main amd64 libncurses6 amd64 6.4+20240113-1ubuntu2.2 [112 kB]
Get:46 http://archive.ubuntu.com/ubuntu noble-updates/main amd64 libnghttp2-14 amd64 1.59.0-1ubuntu0.4 [74.6 kB]
Get:47 http://archive.ubuntu.com/ubuntu noble-updates/main amd64 libpng16-16t64 amd64 1.6.43-5ubuntu0.6 [189 kB]
Get:48 http://archive.ubuntu.com/ubuntu noble/main amd64 libpsl5t64 amd64 0.21.2-1.1build1 [57.1 kB]
Get:49 http://archive.ubuntu.com/ubuntu noble/main amd64 libsensors-config all 1:3.6.0-9build1 [5546 B]
Get:50 http://archive.ubuntu.com/ubuntu noble/main amd64 libsensors5 amd64 1:3.6.0-9build1 [26.6 kB]
Get:51 http://archive.ubuntu.com/ubuntu noble/main amd64 libxau6 amd64 1:1.0.9-1build6 [7160 B]
Get:52 http://archive.ubuntu.com/ubuntu noble/main amd64 libxdmcp6 amd64 1:1.1.3-0ubuntu6 [10.3 kB]
Get:53 http://archive.ubuntu.com/ubuntu noble/main amd64 libxcb1 amd64 1.15-1ubuntu2 [47.7 kB]
Get:54 http://archive.ubuntu.com/ubuntu noble/main amd64 libx11-data all 2:1.8.7-1build1 [115 kB]
Get:55 http://archive.ubuntu.com/ubuntu noble/main amd64 libx11-6 amd64 2:1.8.7-1build1 [650 kB]
Get:56 http://archive.ubuntu.com/ubuntu noble/main amd64 libxext6 amd64 2:1.3.4-1build2 [30.4 kB]
Get:57 http://archive.ubuntu.com/ubuntu noble/main amd64 libxkbcommon0 amd64 1.6.0-1build1 [122 kB]
Get:58 http://archive.ubuntu.com/ubuntu noble/main amd64 libxmuu1 amd64 2:1.1.3-3build2 [8958 B]
Get:59 http://archive.ubuntu.com/ubuntu noble/main amd64 xauth amd64 1:1.1.2-1build1 [25.6 kB]
Get:60 http://archive.ubuntu.com/ubuntu noble-updates/main amd64 libgdk-pixbuf2.0-common all 2.42.10+dfsg-3ubuntu3.3 [8302 B]
Get:61 http://archive.ubuntu.com/ubuntu noble/main amd64 libjpeg-turbo8 amd64 2.1.5-2ubuntu2 [150 kB]
Get:62 http://archive.ubuntu.com/ubuntu noble/main amd64 libjpeg8 amd64 8c-2ubuntu11 [2148 B]
Get:63 http://archive.ubuntu.com/ubuntu noble-updates/main amd64 libdeflate0 amd64 1.19-1build1.1 [43.9 kB]
Get:64 http://archive.ubuntu.com/ubuntu noble/main amd64 libjbig0 amd64 2.1-6.1ubuntu2 [29.7 kB]
Get:65 http://archive.ubuntu.com/ubuntu noble/main amd64 liblerc4 amd64 4.0.0+ds-4ubuntu2 [179 kB]
Get:66 http://archive.ubuntu.com/ubuntu noble/main amd64 libsharpyuv0 amd64 1.3.2-0.4build3 [15.8 kB]
Get:67 http://archive.ubuntu.com/ubuntu noble/main amd64 libwebp7 amd64 1.3.2-0.4build3 [230 kB]
Get:68 http://archive.ubuntu.com/ubuntu noble-updates/main amd64 libtiff6 amd64 4.5.1+git230720-4ubuntu2.5 [200 kB]
Get:69 http://archive.ubuntu.com/ubuntu noble-updates/main amd64 libgdk-pixbuf-2.0-0 amd64 2.42.10+dfsg-3ubuntu3.3 [147 kB]
Get:70 http://archive.ubuntu.com/ubuntu noble-updates/main amd64 gtk-update-icon-cache amd64 3.24.41-4ubuntu1.3 [51.9 kB]
Get:71 http://archive.ubuntu.com/ubuntu noble/main amd64 hicolor-icon-theme all 0.17-2 [9976 B]
Get:72 http://archive.ubuntu.com/ubuntu noble/main amd64 humanity-icon-theme all 0.6.16 [1282 kB]
Get:73 http://archive.ubuntu.com/ubuntu noble/main amd64 ubuntu-mono all 24.04-0ubuntu1 [151 kB]
Get:74 http://archive.ubuntu.com/ubuntu noble/main amd64 adwaita-icon-theme all 46.0-1 [723 kB]
Get:75 http://archive.ubuntu.com/ubuntu noble/main amd64 at-spi2-common all 2.52.0-1build1 [8674 B]
Get:76 http://archive.ubuntu.com/ubuntu noble-updates/main amd64 bubblewrap amd64 0.9.0-1ubuntu0.3 [50.4 kB]
Get:77 http://archive.ubuntu.com/ubuntu noble/main amd64 libbrotli1 amd64 1.1.0-2build2 [331 kB]
Get:78 http://archive.ubuntu.com/ubuntu noble-updates/main amd64 libsasl2-modules-db amd64 2.1.28+dfsg1-5ubuntu3.1 [20.4 kB]
Get:79 http://archive.ubuntu.com/ubuntu noble-updates/main amd64 libsasl2-2 amd64 2.1.28+dfsg1-5ubuntu3.1 [53.2 kB]
Get:80 http://archive.ubuntu.com/ubuntu noble-updates/main amd64 libldap2 amd64 2.6.10+dfsg-0ubuntu0.24.04.1 [198 kB]
Get:81 http://archive.ubuntu.com/ubuntu noble/main amd64 librtmp1 amd64 2.4+20151223.gitfa8646d.1-2build7 [56.3 kB]
Get:82 http://archive.ubuntu.com/ubuntu noble-updates/main amd64 libssh-4 amd64 0.10.6-2ubuntu0.5 [191 kB]
Get:83 http://archive.ubuntu.com/ubuntu noble-updates/main amd64 libcurl4t64 amd64 8.5.0-2ubuntu10.15 [343 kB]
Get:84 http://archive.ubuntu.com/ubuntu noble-updates/main amd64 curl amd64 8.5.0-2ubuntu10.15 [227 kB]
Get:85 http://archive.ubuntu.com/ubuntu noble-updates/main amd64 dbus-x11 amd64 1.14.10-4ubuntu4.1 [23.3 kB]
Get:86 http://archive.ubuntu.com/ubuntu noble-updates/main amd64 libdconf1 amd64 0.40.0-4ubuntu0.1 [39.6 kB]
Get:87 http://archive.ubuntu.com/ubuntu noble-updates/main amd64 dconf-service amd64 0.40.0-4ubuntu0.1 [27.6 kB]
Get:88 http://archive.ubuntu.com/ubuntu noble-updates/main amd64 dconf-gsettings-backend amd64 0.40.0-4ubuntu0.1 [22.1 kB]
Get:89 http://archive.ubuntu.com/ubuntu noble/main amd64 emacsen-common all 3.0.5 [12.1 kB]
Get:90 http://archive.ubuntu.com/ubuntu noble/main amd64 dictionaries-common all 1.29.7 [188 kB]
Get:91 http://archive.ubuntu.com/ubuntu noble-updates/main amd64 libfreetype6 amd64 2.13.2+dfsg-1ubuntu0.1 [402 kB]
Get:92 http://archive.ubuntu.com/ubuntu noble/main amd64 fonts-dejavu-mono all 2.37-8 [502 kB]
Get:93 http://archive.ubuntu.com/ubuntu noble/main amd64 fonts-dejavu-core all 2.37-8 [835 kB]
Get:94 http://archive.ubuntu.com/ubuntu noble/main amd64 fontconfig-config amd64 2.15.0-1.1ubuntu2 [37.3 kB]
Get:95 http://archive.ubuntu.com/ubuntu noble/main amd64 libfontconfig1 amd64 2.15.0-1.1ubuntu2 [139 kB]
Get:96 http://archive.ubuntu.com/ubuntu noble/main amd64 fontconfig amd64 2.15.0-1.1ubuntu2 [180 kB]
Get:97 http://archive.ubuntu.com/ubuntu noble-updates/main amd64 libcurl3t64-gnutls amd64 8.5.0-2ubuntu10.15 [336 kB]
Get:98 http://archive.ubuntu.com/ubuntu noble/main amd64 libduktape207 amd64 2.7.0+tests-0ubuntu3 [143 kB]
Get:99 http://archive.ubuntu.com/ubuntu noble/main amd64 libproxy1v5 amd64 0.5.4-4build1 [26.5 kB]
Get:100 http://archive.ubuntu.com/ubuntu noble/main amd64 glib-networking-common all 2.80.0-1build1 [6702 B]
Get:101 http://archive.ubuntu.com/ubuntu noble/main amd64 glib-networking-services amd64 2.80.0-1build1 [12.8 kB]
Get:102 http://archive.ubuntu.com/ubuntu noble/main amd64 session-migration amd64 0.3.9build1 [9034 B]
Get:103 http://archive.ubuntu.com/ubuntu noble-updates/main amd64 gsettings-desktop-schemas all 46.1-0ubuntu1 [35.6 kB]
Get:104 http://archive.ubuntu.com/ubuntu noble/main amd64 glib-networking amd64 2.80.0-1build1 [64.1 kB]
Get:105 http://archive.ubuntu.com/ubuntu noble/main amd64 libcdparanoia0 amd64 3.10.2+debian-14build3 [48.5 kB]
Get:106 http://archive.ubuntu.com/ubuntu noble-updates/main amd64 libdw1t64 amd64 0.190-1.1ubuntu0.1 [261 kB]
Get:107 http://archive.ubuntu.com/ubuntu noble-updates/main amd64 libunwind8 amd64 1.6.2-3build1.1 [55.3 kB]
Get:108 http://archive.ubuntu.com/ubuntu noble-updates/main amd64 libgstreamer1.0-0 amd64 1.24.2-1ubuntu0.1 [1165 kB]
Get:109 http://archive.ubuntu.com/ubuntu noble-updates/main amd64 liborc-0.4-0t64 amd64 1:0.4.38-1ubuntu0.1 [207 kB]
Get:110 http://archive.ubuntu.com/ubuntu noble-updates/main amd64 libgstreamer-plugins-base1.0-0 amd64 1.24.2-1ubuntu0.5 [862 kB]
Get:111 http://archive.ubuntu.com/ubuntu noble/main amd64 libogg0 amd64 1.3.5-3build1 [22.7 kB]
Get:112 http://archive.ubuntu.com/ubuntu noble/main amd64 libopus0 amd64 1.4-1build1 [208 kB]
Get:113 http://archive.ubuntu.com/ubuntu noble/main amd64 libpixman-1-0 amd64 0.42.2-1build1 [279 kB]
Get:114 http://archive.ubuntu.com/ubuntu noble/main amd64 libxcb-render0 amd64 1.15-1ubuntu2 [16.2 kB]
Get:115 http://archive.ubuntu.com/ubuntu noble/main amd64 libxcb-shm0 amd64 1.15-1ubuntu2 [5756 B]
Get:116 http://archive.ubuntu.com/ubuntu noble/main amd64 libxrender1 amd64 1:0.9.10-1.1build1 [19.0 kB]
Get:117 http://archive.ubuntu.com/ubuntu noble/main amd64 libcairo2 amd64 1.18.0-3build1 [566 kB]
Get:118 http://archive.ubuntu.com/ubuntu noble/main amd64 libtheora0 amd64 1.1.1+dfsg.1-16.1build3 [211 kB]
Get:119 http://archive.ubuntu.com/ubuntu noble/main amd64 libvisual-0.4-0 amd64 0.4.2-2build1 [115 kB]
Get:120 http://archive.ubuntu.com/ubuntu noble/main amd64 libvorbis0a amd64 1.3.7-1build3 [97.6 kB]
Get:121 http://archive.ubuntu.com/ubuntu noble/main amd64 libvorbisenc2 amd64 1.3.7-1build3 [80.8 kB]
Get:122 http://archive.ubuntu.com/ubuntu noble-updates/main amd64 gstreamer1.0-plugins-base amd64 1.24.2-1ubuntu0.5 [721 kB]
Get:123 http://archive.ubuntu.com/ubuntu noble/main amd64 libaa1 amd64 1.4p5-51.1 [49.9 kB]
Get:124 http://archive.ubuntu.com/ubuntu noble/main amd64 libraw1394-11 amd64 2.1.2-2build3 [26.2 kB]
Get:125 http://archive.ubuntu.com/ubuntu noble/main amd64 libavc1394-0 amd64 0.5.4-5build3 [15.4 kB]
Get:126 http://archive.ubuntu.com/ubuntu noble-updates/main amd64 libcaca0 amd64 0.99.beta20-4ubuntu0.2 [209 kB]
Get:127 http://archive.ubuntu.com/ubuntu noble/main amd64 libcairo-gobject2 amd64 1.18.0-3build1 [127 kB]
Get:128 http://archive.ubuntu.com/ubuntu noble/main amd64 libdv4t64 amd64 1.0.0-17.1build1 [63.2 kB]
Get:129 http://archive.ubuntu.com/ubuntu noble/main amd64 libflac12t64 amd64 1.4.3+ds-2.1ubuntu2 [197 kB]
Get:130 http://archive.ubuntu.com/ubuntu noble-updates/main amd64 libgstreamer-plugins-good1.0-0 amd64 1.24.2-1ubuntu1.7 [34.0 kB]
Get:131 http://archive.ubuntu.com/ubuntu noble/main amd64 libgudev-1.0-0 amd64 1:238-5ubuntu1 [15.9 kB]
Get:132 http://archive.ubuntu.com/ubuntu noble/main amd64 libiec61883-0 amd64 1.2.0-6build1 [24.5 kB]
Get:133 http://archive.ubuntu.com/ubuntu noble/main amd64 libmp3lame0 amd64 3.100-6build1 [142 kB]
Get:134 http://archive.ubuntu.com/ubuntu noble-updates/main amd64 libmpg123-0t64 amd64 1.32.5-1ubuntu1.1 [169 kB]
Get:135 http://archive.ubuntu.com/ubuntu noble/main amd64 libasyncns0 amd64 0.8-6build4 [11.3 kB]
Get:136 http://archive.ubuntu.com/ubuntu noble-updates/main amd64 libsndfile1 amd64 1.2.2-1ubuntu5.24.04.1 [209 kB]
Get:137 http://archive.ubuntu.com/ubuntu noble/main amd64 libx11-xcb1 amd64 2:1.8.7-1build1 [7800 B]
Get:138 http://archive.ubuntu.com/ubuntu noble-updates/main amd64 libpulse0 amd64 1:16.1+dfsg1-2ubuntu10.1 [292 kB]
Get:139 http://archive.ubuntu.com/ubuntu noble-updates/main amd64 libspeex1 amd64 1.2.1-2ubuntu2.24.04.1 [59.6 kB]
Get:140 http://archive.ubuntu.com/ubuntu noble/main amd64 libshout3 amd64 2.4.6-1build2 [50.3 kB]
Get:141 http://archive.ubuntu.com/ubuntu noble/main amd64 libtag1v5-vanilla amd64 1.13.1-1build1 [326 kB]
Get:142 http://archive.ubuntu.com/ubuntu noble/main amd64 libtag1v5 amd64 1.13.1-1build1 [11.7 kB]
Get:143 http://archive.ubuntu.com/ubuntu noble/main amd64 libtwolame0 amd64 0.4.0-2build3 [52.3 kB]
Get:144 http://archive.ubuntu.com/ubuntu noble/main amd64 libv4lconvert0t64 amd64 1.26.1-4build3 [87.6 kB]
Get:145 http://archive.ubuntu.com/ubuntu noble/main amd64 libv4l-0t64 amd64 1.26.1-4build3 [46.9 kB]
Get:146 http://archive.ubuntu.com/ubuntu noble-updates/main amd64 libvpx9 amd64 1.14.0-1ubuntu2.3 [1143 kB]
Get:147 http://archive.ubuntu.com/ubuntu noble/main amd64 libwavpack1 amd64 5.6.0-1build1 [84.6 kB]
Get:148 http://archive.ubuntu.com/ubuntu noble/main amd64 libxdamage1 amd64 1:1.1.6-1build1 [6150 B]
Get:149 http://archive.ubuntu.com/ubuntu noble/main amd64 libxfixes3 amd64 1:6.0.0-2build1 [10.8 kB]
Get:150 http://archive.ubuntu.com/ubuntu noble/main amd64 x11-common all 1:7.7+23ubuntu3 [21.7 kB]
Get:151 http://archive.ubuntu.com/ubuntu noble/main amd64 libxtst6 amd64 2:1.2.3-1.1build1 [12.6 kB]
Get:152 http://archive.ubuntu.com/ubuntu noble-updates/main amd64 libsoup-3.0-common all 3.4.4-5ubuntu0.8 [11.7 kB]
Get:153 http://archive.ubuntu.com/ubuntu noble-updates/main amd64 libsoup-3.0-0 amd64 3.4.4-5ubuntu0.8 [290 kB]
Get:154 http://archive.ubuntu.com/ubuntu noble-updates/main amd64 gstreamer1.0-plugins-good amd64 1.24.2-1ubuntu1.7 [2237 kB]
Get:155 http://archive.ubuntu.com/ubuntu noble/main amd64 hunspell-en-us all 1:2020.12.07-2 [280 kB]
Get:156 http://archive.ubuntu.com/ubuntu noble/main amd64 libaspell15 amd64 0.60.8.1-1build1 [323 kB]
Get:157 http://archive.ubuntu.com/ubuntu noble/main amd64 libatk1.0-0t64 amd64 2.52.0-1build1 [55.3 kB]
Get:158 http://archive.ubuntu.com/ubuntu noble/main amd64 libxi6 amd64 2:1.8.1-1build1 [32.4 kB]
Get:159 http://archive.ubuntu.com/ubuntu noble/main amd64 libatspi2.0-0t64 amd64 2.52.0-1build1 [80.5 kB]
Get:160 http://archive.ubuntu.com/ubuntu noble/main amd64 libatk-bridge2.0-0t64 amd64 2.52.0-1build1 [66.0 kB]
Get:161 http://archive.ubuntu.com/ubuntu noble-updates/main amd64 libatomic1 amd64 14.2.0-4ubuntu2~24.04.1 [10.5 kB]
Get:162 http://archive.ubuntu.com/ubuntu noble-updates/main amd64 libavahi-common-data amd64 0.8-13ubuntu6.2 [30.1 kB]
Get:163 http://archive.ubuntu.com/ubuntu noble-updates/main amd64 libavahi-common3 amd64 0.8-13ubuntu6.2 [23.4 kB]
Get:164 http://archive.ubuntu.com/ubuntu noble-updates/main amd64 libavahi-client3 amd64 0.8-13ubuntu6.2 [26.8 kB]
Get:165 http://archive.ubuntu.com/ubuntu noble-updates/main amd64 liblcms2-2 amd64 2.14-2ubuntu0.1 [161 kB]
Get:166 http://archive.ubuntu.com/ubuntu noble/main amd64 libcolord2 amd64 1.4.7-1build2 [149 kB]
Get:167 http://archive.ubuntu.com/ubuntu noble-updates/main amd64 libcups2t64 amd64 2.4.7-1.2ubuntu7.14 [274 kB]
Get:168 http://archive.ubuntu.com/ubuntu noble/main amd64 libdatrie1 amd64 0.2.13-3build1 [19.0 kB]
Get:169 http://archive.ubuntu.com/ubuntu noble-updates/main amd64 libdrm-amdgpu1 amd64 2.4.125-1ubuntu0.1~24.04.2 [21.4 kB]
Get:170 http://archive.ubuntu.com/ubuntu noble-updates/main amd64 libpciaccess0 amd64 0.17-3ubuntu0.24.04.3 [19.2 kB]
Get:171 http://archive.ubuntu.com/ubuntu noble-updates/main amd64 libdrm-intel1 amd64 2.4.125-1ubuntu0.1~24.04.2 [63.9 kB]
Get:172 http://archive.ubuntu.com/ubuntu noble-updates/main amd64 libllvm20 amd64 1:20.1.2-0ubuntu1~24.04.3 [30.6 MB]
Get:173 http://archive.ubuntu.com/ubuntu noble/main amd64 libxcb-dri3-0 amd64 1.15-1ubuntu2 [7142 B]
Get:174 http://archive.ubuntu.com/ubuntu noble/main amd64 libxcb-present0 amd64 1.15-1ubuntu2 [5676 B]
Get:175 http://archive.ubuntu.com/ubuntu noble/main amd64 libxcb-randr0 amd64 1.15-1ubuntu2 [17.9 kB]
Get:176 http://archive.ubuntu.com/ubuntu noble/main amd64 libxcb-sync1 amd64 1.15-1ubuntu2 [9312 B]
Get:177 http://archive.ubuntu.com/ubuntu noble/main amd64 libxcb-xfixes0 amd64 1.15-1ubuntu2 [10.2 kB]
Get:178 http://archive.ubuntu.com/ubuntu noble/main amd64 libxshmfence1 amd64 1.3-1build5 [4764 B]
Get:179 http://archive.ubuntu.com/ubuntu noble-updates/main amd64 mesa-libgallium amd64 25.2.8-0ubuntu0.24.04.2 [10.8 MB]
Get:180 http://archive.ubuntu.com/ubuntu noble-updates/main amd64 libgbm1 amd64 25.2.8-0ubuntu0.24.04.2 [34.2 kB]
Get:181 http://archive.ubuntu.com/ubuntu noble/main amd64 libwayland-client0 amd64 1.22.0-2.1build1 [26.4 kB]
Get:182 http://archive.ubuntu.com/ubuntu noble-updates/main amd64 libegl-mesa0 amd64 25.2.8-0ubuntu0.24.04.2 [117 kB]
Get:183 http://archive.ubuntu.com/ubuntu noble/main amd64 libhunspell-1.7-0 amd64 1.7.2+really1.7.2-10build3 [294 kB]
Get:184 http://archive.ubuntu.com/ubuntu noble/main amd64 libenchant-2-2 amd64 2.3.3-2build2 [51.4 kB]
Get:185 http://archive.ubuntu.com/ubuntu noble/main amd64 libepoxy0 amd64 1.5.10-1build1 [220 kB]
Get:186 http://archive.ubuntu.com/ubuntu noble/main amd64 libfontenc1 amd64 1:1.1.8-1build1 [14.0 kB]
Get:187 http://archive.ubuntu.com/ubuntu noble/main amd64 libvulkan1 amd64 1.3.275.0-1build1 [142 kB]
Get:188 http://archive.ubuntu.com/ubuntu noble-updates/main amd64 libgl1-mesa-dri amd64 25.2.8-0ubuntu0.24.04.2 [37.9 kB]
Get:189 http://archive.ubuntu.com/ubuntu noble/main amd64 libxcb-glx0 amd64 1.15-1ubuntu2 [24.8 kB]
Get:190 http://archive.ubuntu.com/ubuntu noble/main amd64 libxxf86vm1 amd64 1:1.1.4-1build4 [9282 B]
Get:191 http://archive.ubuntu.com/ubuntu noble-updates/main amd64 libglx-mesa0 amd64 25.2.8-0ubuntu0.24.04.2 [110 kB]
Get:192 http://archive.ubuntu.com/ubuntu noble-updates/main amd64 libgraphite2-3 amd64 1.3.14-2ubuntu0.24.04.1 [73.4 kB]
Get:193 http://archive.ubuntu.com/ubuntu noble/main amd64 libglvnd0 amd64 1.7.0-1build1 [69.6 kB]
Get:194 http://archive.ubuntu.com/ubuntu noble/main amd64 libegl1 amd64 1.7.0-1build1 [28.7 kB]
Get:195 http://archive.ubuntu.com/ubuntu noble/main amd64 libglx0 amd64 1.7.0-1build1 [38.6 kB]
Get:196 http://archive.ubuntu.com/ubuntu noble/main amd64 libgl1 amd64 1.7.0-1build1 [102 kB]
Get:197 http://archive.ubuntu.com/ubuntu noble/main amd64 libwayland-cursor0 amd64 1.22.0-2.1build1 [10.4 kB]
Get:198 http://archive.ubuntu.com/ubuntu noble/main amd64 libwayland-egl1 amd64 1.22.0-2.1build1 [5628 B]
Get:199 http://archive.ubuntu.com/ubuntu noble-updates/main amd64 libgstreamer-gl1.0-0 amd64 1.24.2-1ubuntu0.5 [214 kB]
Get:200 http://archive.ubuntu.com/ubuntu noble/main amd64 libharfbuzz0b amd64 8.3.0-2build2 [469 kB]
Get:201 http://archive.ubuntu.com/ubuntu noble/main amd64 libthai-data all 0.1.29-2build1 [158 kB]
Get:202 http://archive.ubuntu.com/ubuntu noble/main amd64 libthai0 amd64 0.1.29-2build1 [18.9 kB]
Get:203 http://archive.ubuntu.com/ubuntu noble/main amd64 libpango-1.0-0 amd64 1.52.1+ds-1build1 [231 kB]
Get:204 http://archive.ubuntu.com/ubuntu noble/main amd64 libpangoft2-1.0-0 amd64 1.52.1+ds-1build1 [42.5 kB]
Get:205 http://archive.ubuntu.com/ubuntu noble/main amd64 libpangocairo-1.0-0 amd64 1.52.1+ds-1build1 [28.8 kB]
Get:206 http://archive.ubuntu.com/ubuntu noble/main amd64 libxcomposite1 amd64 1:0.4.5-1build3 [6320 B]
Get:207 http://archive.ubuntu.com/ubuntu noble/main amd64 libxcursor1 amd64 1:1.2.1-1build1 [20.7 kB]
Get:208 http://archive.ubuntu.com/ubuntu noble/main amd64 libxinerama1 amd64 2:1.1.4-3build1 [6396 B]
Get:209 http://archive.ubuntu.com/ubuntu noble/main amd64 libxrandr2 amd64 2:1.5.2-2build1 [19.7 kB]
Get:210 http://archive.ubuntu.com/ubuntu noble-updates/main amd64 libgtk-3-common all 3.24.41-4ubuntu1.3 [1426 kB]
Get:211 http://archive.ubuntu.com/ubuntu noble-updates/main amd64 libgtk-3-0t64 amd64 3.24.41-4ubuntu1.3 [2913 kB]
Get:212 http://archive.ubuntu.com/ubuntu noble/main amd64 libharfbuzz-icu0 amd64 8.3.0-2build2 [13.3 kB]
Get:213 http://archive.ubuntu.com/ubuntu noble/main amd64 libhyphen0 amd64 2.8.8-7build3 [26.5 kB]
Get:214 http://archive.ubuntu.com/ubuntu noble/main amd64 libice6 amd64 2:1.0.10-1build3 [41.4 kB]
Get:215 http://archive.ubuntu.com/ubuntu noble-updates/main amd64 libjavascriptcoregtk-4.1-0 amd64 2.52.6-0ubuntu0.24.04.1 [8156 kB]
Get:216 http://archive.ubuntu.com/ubuntu noble/main amd64 libmanette-0.2-0 amd64 0.2.7-1build2 [30.6 kB]
Get:217 http://archive.ubuntu.com/ubuntu noble/main amd64 libsecret-common all 0.21.4-1build3 [4962 B]
Get:218 http://archive.ubuntu.com/ubuntu noble/main amd64 libsecret-1-0 amd64 0.21.4-1build3 [116 kB]
Get:219 http://archive.ubuntu.com/ubuntu noble/main amd64 libsm6 amd64 2:1.2.3-1build3 [15.7 kB]
Get:220 http://archive.ubuntu.com/ubuntu noble/main amd64 libwayland-server0 amd64 1.22.0-2.1build1 [33.9 kB]
Get:221 http://archive.ubuntu.com/ubuntu noble/main amd64 libgles2 amd64 1.7.0-1build1 [17.1 kB]
Get:222 http://archive.ubuntu.com/ubuntu noble-updates/main amd64 xdg-dbus-proxy amd64 0.1.5-1ubuntu0.2 [26.4 kB]
Get:223 http://archive.ubuntu.com/ubuntu noble/main amd64 libwebpdemux2 amd64 1.3.2-0.4build3 [12.4 kB]
Get:224 http://archive.ubuntu.com/ubuntu noble/main amd64 libwebpmux3 amd64 1.3.2-0.4build3 [25.7 kB]
Get:225 http://archive.ubuntu.com/ubuntu noble-updates/main amd64 libxslt1.1 amd64 1.1.39-0exp1ubuntu0.24.04.3 [168 kB]
Get:226 http://archive.ubuntu.com/ubuntu noble-updates/main amd64 libwebkit2gtk-4.1-0 amd64 2.52.6-0ubuntu0.24.04.1 [25.5 MB]
Get:227 http://archive.ubuntu.com/ubuntu noble/main amd64 libxt6t64 amd64 1:1.2.1-1.2build1 [171 kB]
Get:228 http://archive.ubuntu.com/ubuntu noble/main amd64 libxmu6 amd64 2:1.1.3-3build2 [47.6 kB]
Get:229 http://archive.ubuntu.com/ubuntu noble-updates/main amd64 libxpm4 amd64 1:3.5.17-1ubuntu0.24.04.1 [36.7 kB]
Get:230 http://archive.ubuntu.com/ubuntu noble/main amd64 libxaw7 amd64 2:1.0.14-1build2 [187 kB]
Get:231 http://archive.ubuntu.com/ubuntu noble-updates/main amd64 libxfont2 amd64 1:2.0.6-1+deb13u1build0.24.04.2 [94.0 kB]
Get:232 http://archive.ubuntu.com/ubuntu noble/main amd64 libxkbfile1 amd64 1:1.1.0-1build4 [70.0 kB]
Get:233 http://archive.ubuntu.com/ubuntu noble-updates/universe amd64 python3-pip-whl all 24.0+dfsg-1ubuntu1.3 [1707 kB]
Get:234 http://archive.ubuntu.com/ubuntu noble-updates/universe amd64 python3-setuptools-whl all 68.1.2-2ubuntu1.2 [716 kB]
Get:235 http://archive.ubuntu.com/ubuntu noble-updates/universe amd64 python3.12-venv amd64 3.12.3-1ubuntu0.17 [5684 B]
Get:236 http://archive.ubuntu.com/ubuntu noble-updates/universe amd64 python3-venv amd64 3.12.3-0ubuntu2.1 [1032 B]
Get:237 http://archive.ubuntu.com/ubuntu noble/main amd64 x11-xkb-utils amd64 7.7+8build2 [170 kB]
Get:238 http://archive.ubuntu.com/ubuntu noble-updates/main amd64 xserver-common all 2:21.1.12-1ubuntu1.8 [34.8 kB]
Get:239 http://archive.ubuntu.com/ubuntu noble-updates/universe amd64 xvfb amd64 2:21.1.12-1ubuntu1.8 [877 kB]
debconf: delaying package configuration, since apt-utils is not installed
Fetched 137 MB in 12s (11.6 MB/s)
Selecting previously unselected package libpython3.12-minimal:amd64.
(Reading database ...
(Reading database ... 5%
(Reading database ... 10%
(Reading database ... 15%
(Reading database ... 20%
(Reading database ... 25%
(Reading database ... 30%
(Reading database ... 35%
(Reading database ... 40%
(Reading database ... 45%
(Reading database ... 50%
(Reading database ... 55%
(Reading database ... 60%
(Reading database ... 65%
(Reading database ... 70%
(Reading database ... 75%
(Reading database ... 80%
(Reading database ... 85%
(Reading database ... 90%
(Reading database ... 95%
(Reading database ... 100%
(Reading database ... 4381 files and directories currently installed.)
Preparing to unpack .../libpython3.12-minimal_3.12.3-1ubuntu0.17_amd64.deb ...
Unpacking libpython3.12-minimal:amd64 (3.12.3-1ubuntu0.17) ...
Selecting previously unselected package libexpat1:amd64.
Preparing to unpack .../libexpat1_2.6.1-2ubuntu0.6_amd64.deb ...
Unpacking libexpat1:amd64 (2.6.1-2ubuntu0.6) ...
Selecting previously unselected package python3.12-minimal.
Preparing to unpack .../python3.12-minimal_3.12.3-1ubuntu0.17_amd64.deb ...
Unpacking python3.12-minimal (3.12.3-1ubuntu0.17) ...
Setting up libpython3.12-minimal:amd64 (3.12.3-1ubuntu0.17) ...
Setting up libexpat1:amd64 (2.6.1-2ubuntu0.6) ...
Setting up python3.12-minimal (3.12.3-1ubuntu0.17) ...
Selecting previously unselected package python3-minimal.
(Reading database ...
(Reading database ... 5%
(Reading database ... 10%
(Reading database ... 15%
(Reading database ... 20%
(Reading database ... 25%
(Reading database ... 30%
(Reading database ... 35%
(Reading database ... 40%
(Reading database ... 45%
(Reading database ... 50%
(Reading database ... 55%
(Reading database ... 60%
(Reading database ... 65%
(Reading database ... 70%
(Reading database ... 75%
(Reading database ... 80%
(Reading database ... 85%
(Reading database ... 90%
(Reading database ... 95%
(Reading database ... 100%
(Reading database ... 4700 files and directories currently installed.)
Preparing to unpack .../0-python3-minimal_3.12.3-0ubuntu2.1_amd64.deb ...
Unpacking python3-minimal (3.12.3-0ubuntu2.1) ...
Selecting previously unselected package media-types.
Preparing to unpack .../1-media-types_10.1.0_all.deb ...
Unpacking media-types (10.1.0) ...
Selecting previously unselected package netbase.
Preparing to unpack .../2-netbase_6.4_all.deb ...
Unpacking netbase (6.4) ...
Selecting previously unselected package tzdata.
Preparing to unpack .../3-tzdata_2026c-0ubuntu0.24.04.1_all.deb ...
Unpacking tzdata (2026c-0ubuntu0.24.04.1) ...
Selecting previously unselected package readline-common.
Preparing to unpack .../4-readline-common_8.2-4build1_all.deb ...
Unpacking readline-common (8.2-4build1) ...
Selecting previously unselected package libreadline8t64:amd64.
Preparing to unpack .../5-libreadline8t64_8.2-4build1_amd64.deb ...
Adding 'diversion of /lib/x86_64-linux-gnu/libhistory.so.8 to /lib/x86_64-linux-gnu/libhistory.so.8.usr-is-merged by libreadline8t64'
Adding 'diversion of /lib/x86_64-linux-gnu/libhistory.so.8.2 to /lib/x86_64-linux-gnu/libhistory.so.8.2.usr-is-merged by libreadline8t64'
Adding 'diversion of /lib/x86_64-linux-gnu/libreadline.so.8 to /lib/x86_64-linux-gnu/libreadline.so.8.usr-is-merged by libreadline8t64'
Adding 'diversion of /lib/x86_64-linux-gnu/libreadline.so.8.2 to /lib/x86_64-linux-gnu/libreadline.so.8.2.usr-is-merged by libreadline8t64'
Unpacking libreadline8t64:amd64 (8.2-4build1) ...
Selecting previously unselected package libsqlite3-0:amd64.
Preparing to unpack .../6-libsqlite3-0_3.45.1-1ubuntu2.8_amd64.deb ...
Unpacking libsqlite3-0:amd64 (3.45.1-1ubuntu2.8) ...
Selecting previously unselected package libpython3.12-stdlib:amd64.
Preparing to unpack .../7-libpython3.12-stdlib_3.12.3-1ubuntu0.17_amd64.deb ...
Unpacking libpython3.12-stdlib:amd64 (3.12.3-1ubuntu0.17) ...
Selecting previously unselected package python3.12.
Preparing to unpack .../8-python3.12_3.12.3-1ubuntu0.17_amd64.deb ...
Unpacking python3.12 (3.12.3-1ubuntu0.17) ...
Selecting previously unselected package libpython3-stdlib:amd64.
Preparing to unpack .../9-libpython3-stdlib_3.12.3-0ubuntu2.1_amd64.deb ...
Unpacking libpython3-stdlib:amd64 (3.12.3-0ubuntu2.1) ...
Setting up python3-minimal (3.12.3-0ubuntu2.1) ...
Selecting previously unselected package python3.
(Reading database ...
(Reading database ... 5%
(Reading database ... 10%
(Reading database ... 15%
(Reading database ... 20%
(Reading database ... 25%
(Reading database ... 30%
(Reading database ... 35%
(Reading database ... 40%
(Reading database ... 45%
(Reading database ... 50%
(Reading database ... 55%
(Reading database ... 60%
(Reading database ... 65%
(Reading database ... 70%
(Reading database ... 75%
(Reading database ... 80%
(Reading database ... 85%
(Reading database ... 90%
(Reading database ... 95%
(Reading database ... 100%
(Reading database ... 5706 files and directories currently installed.)
Preparing to unpack .../000-python3_3.12.3-0ubuntu2.1_amd64.deb ...
Unpacking python3 (3.12.3-0ubuntu2.1) ...
Selecting previously unselected package openssl.
Preparing to unpack .../001-openssl_3.0.13-0ubuntu3.15_amd64.deb ...
Unpacking openssl (3.0.13-0ubuntu3.15) ...
Selecting previously unselected package ca-certificates.
Preparing to unpack .../002-ca-certificates_20260601~24.04.1_all.deb ...
Unpacking ca-certificates (20260601~24.04.1) ...
Selecting previously unselected package libdbus-1-3:amd64.
Preparing to unpack .../003-libdbus-1-3_1.14.10-4ubuntu4.1_amd64.deb ...
Unpacking libdbus-1-3:amd64 (1.14.10-4ubuntu4.1) ...
Selecting previously unselected package dbus-bin.
Preparing to unpack .../004-dbus-bin_1.14.10-4ubuntu4.1_amd64.deb ...
Unpacking dbus-bin (1.14.10-4ubuntu4.1) ...
Selecting previously unselected package dbus-session-bus-common.
Preparing to unpack .../005-dbus-session-bus-common_1.14.10-4ubuntu4.1_all.deb ...
Unpacking dbus-session-bus-common (1.14.10-4ubuntu4.1) ...
Selecting previously unselected package libapparmor1:amd64.
Preparing to unpack .../006-libapparmor1_4.0.1really4.0.1-0ubuntu0.24.04.8_amd64.deb ...
Unpacking libapparmor1:amd64 (4.0.1really4.0.1-0ubuntu0.24.04.8) ...
Selecting previously unselected package dbus-daemon.
Preparing to unpack .../007-dbus-daemon_1.14.10-4ubuntu4.1_amd64.deb ...
Unpacking dbus-daemon (1.14.10-4ubuntu4.1) ...
Selecting previously unselected package iso-codes.
Preparing to unpack .../008-iso-codes_4.16.0-1_all.deb ...
Unpacking iso-codes (4.16.0-1) ...
Selecting previously unselected package libbsd0:amd64.
Preparing to unpack .../009-libbsd0_0.12.1-1build1.1_amd64.deb ...
Unpacking libbsd0:amd64 (0.12.1-1build1.1) ...
Selecting previously unselected package libcap2-bin.
Preparing to unpack .../010-libcap2-bin_1%3a2.66-5ubuntu2.4_amd64.deb ...
Unpacking libcap2-bin (1:2.66-5ubuntu2.4) ...
Selecting previously unselected package libelf1t64:amd64.
Preparing to unpack .../011-libelf1t64_0.190-1.1ubuntu0.1_amd64.deb ...
Unpacking libelf1t64:amd64 (0.190-1.1ubuntu0.1) ...
Selecting previously unselected package libfribidi0:amd64.
Preparing to unpack .../012-libfribidi0_1.0.13-3build1_amd64.deb ...
Unpacking libfribidi0:amd64 (1.0.13-3build1) ...
Selecting previously unselected package libglib2.0-0t64:amd64.
Preparing to unpack .../013-libglib2.0-0t64_2.80.0-6ubuntu3.9_amd64.deb ...
Unpacking libglib2.0-0t64:amd64 (2.80.0-6ubuntu3.9) ...
Selecting previously unselected package libkrb5support0:amd64.
Preparing to unpack .../014-libkrb5support0_1.20.1-6ubuntu2.10_amd64.deb ...
Unpacking libkrb5support0:amd64 (1.20.1-6ubuntu2.10) ...
Selecting previously unselected package libk5crypto3:amd64.
Preparing to unpack .../015-libk5crypto3_1.20.1-6ubuntu2.10_amd64.deb ...
Unpacking libk5crypto3:amd64 (1.20.1-6ubuntu2.10) ...
Selecting previously unselected package libkeyutils1:amd64.
Preparing to unpack .../016-libkeyutils1_1.6.3-3build1_amd64.deb ...
Unpacking libkeyutils1:amd64 (1.6.3-3build1) ...
Selecting previously unselected package libkrb5-3:amd64.
Preparing to unpack .../017-libkrb5-3_1.20.1-6ubuntu2.10_amd64.deb ...
Unpacking libkrb5-3:amd64 (1.20.1-6ubuntu2.10) ...
Selecting previously unselected package libgssapi-krb5-2:amd64.
Preparing to unpack .../018-libgssapi-krb5-2_1.20.1-6ubuntu2.10_amd64.deb ...
Unpacking libgssapi-krb5-2:amd64 (1.20.1-6ubuntu2.10) ...
Selecting previously unselected package libicu74:amd64.
Preparing to unpack .../019-libicu74_74.2-1ubuntu3.1_amd64.deb ...
Unpacking libicu74:amd64 (74.2-1ubuntu3.1) ...
Selecting previously unselected package libslang2:amd64.
Preparing to unpack .../020-libslang2_2.3.3-3build2_amd64.deb ...
Unpacking libslang2:amd64 (2.3.3-3build2) ...
Selecting previously unselected package libtext-iconv-perl:amd64.
Preparing to unpack .../021-libtext-iconv-perl_1.7-8build3_amd64.deb ...
Unpacking libtext-iconv-perl:amd64 (1.7-8build3) ...
Selecting previously unselected package libxml2:amd64.
Preparing to unpack .../022-libxml2_2.9.14+dfsg-1.3ubuntu3.9_amd64.deb ...
Unpacking libxml2:amd64 (2.9.14+dfsg-1.3ubuntu3.9) ...
Selecting previously unselected package shared-mime-info.
Preparing to unpack .../023-shared-mime-info_2.4-4_amd64.deb ...
Unpacking shared-mime-info (2.4-4) ...
Selecting previously unselected package xkb-data.
Preparing to unpack .../024-xkb-data_2.41-2ubuntu1.1_all.deb ...
Unpacking xkb-data (2.41-2ubuntu1.1) ...
Selecting previously unselected package libdrm-common.
Preparing to unpack .../025-libdrm-common_2.4.125-1ubuntu0.1~24.04.2_all.deb ...
Unpacking libdrm-common (2.4.125-1ubuntu0.1~24.04.2) ...
Selecting previously unselected package libdrm2:amd64.
Preparing to unpack .../026-libdrm2_2.4.125-1ubuntu0.1~24.04.2_amd64.deb ...
Unpacking libdrm2:amd64 (2.4.125-1ubuntu0.1~24.04.2) ...
Selecting previously unselected package libedit2:amd64.
Preparing to unpack .../027-libedit2_3.1-20230828-1build1_amd64.deb ...
Unpacking libedit2:amd64 (3.1-20230828-1build1) ...
Selecting previously unselected package libevdev2:amd64.
Preparing to unpack .../028-libevdev2_1.13.1+dfsg-1build1_amd64.deb ...
Unpacking libevdev2:amd64 (1.13.1+dfsg-1build1) ...
Selecting previously unselected package libgpm2:amd64.
Preparing to unpack .../029-libgpm2_1.20.7-11_amd64.deb ...
Unpacking libgpm2:amd64 (1.20.7-11) ...
Selecting previously unselected package libncurses6:amd64.
Preparing to unpack .../030-libncurses6_6.4+20240113-1ubuntu2.2_amd64.deb ...
Unpacking libncurses6:amd64 (6.4+20240113-1ubuntu2.2) ...
Selecting previously unselected package libnghttp2-14:amd64.
Preparing to unpack .../031-libnghttp2-14_1.59.0-1ubuntu0.4_amd64.deb ...
Unpacking libnghttp2-14:amd64 (1.59.0-1ubuntu0.4) ...
Selecting previously unselected package libpng16-16t64:amd64.
Preparing to unpack .../032-libpng16-16t64_1.6.43-5ubuntu0.6_amd64.deb ...
Unpacking libpng16-16t64:amd64 (1.6.43-5ubuntu0.6) ...
Selecting previously unselected package libpsl5t64:amd64.
Preparing to unpack .../033-libpsl5t64_0.21.2-1.1build1_amd64.deb ...
Unpacking libpsl5t64:amd64 (0.21.2-1.1build1) ...
Selecting previously unselected package libsensors-config.
Preparing to unpack .../034-libsensors-config_1%3a3.6.0-9build1_all.deb ...
Unpacking libsensors-config (1:3.6.0-9build1) ...
Selecting previously unselected package libsensors5:amd64.
Preparing to unpack .../035-libsensors5_1%3a3.6.0-9build1_amd64.deb ...
Unpacking libsensors5:amd64 (1:3.6.0-9build1) ...
Selecting previously unselected package libxau6:amd64.
Preparing to unpack .../036-libxau6_1%3a1.0.9-1build6_amd64.deb ...
Unpacking libxau6:amd64 (1:1.0.9-1build6) ...
Selecting previously unselected package libxdmcp6:amd64.
Preparing to unpack .../037-libxdmcp6_1%3a1.1.3-0ubuntu6_amd64.deb ...
Unpacking libxdmcp6:amd64 (1:1.1.3-0ubuntu6) ...
Selecting previously unselected package libxcb1:amd64.
Preparing to unpack .../038-libxcb1_1.15-1ubuntu2_amd64.deb ...
Unpacking libxcb1:amd64 (1.15-1ubuntu2) ...
Selecting previously unselected package libx11-data.
Preparing to unpack .../039-libx11-data_2%3a1.8.7-1build1_all.deb ...
Unpacking libx11-data (2:1.8.7-1build1) ...
Selecting previously unselected package libx11-6:amd64.
Preparing to unpack .../040-libx11-6_2%3a1.8.7-1build1_amd64.deb ...
Unpacking libx11-6:amd64 (2:1.8.7-1build1) ...
Selecting previously unselected package libxext6:amd64.
Preparing to unpack .../041-libxext6_2%3a1.3.4-1build2_amd64.deb ...
Unpacking libxext6:amd64 (2:1.3.4-1build2) ...
Selecting previously unselected package libxkbcommon0:amd64.
Preparing to unpack .../042-libxkbcommon0_1.6.0-1build1_amd64.deb ...
Unpacking libxkbcommon0:amd64 (1.6.0-1build1) ...
Selecting previously unselected package libxmuu1:amd64.
Preparing to unpack .../043-libxmuu1_2%3a1.1.3-3build2_amd64.deb ...
Unpacking libxmuu1:amd64 (2:1.1.3-3build2) ...
Selecting previously unselected package xauth.
Preparing to unpack .../044-xauth_1%3a1.1.2-1build1_amd64.deb ...
Unpacking xauth (1:1.1.2-1build1) ...
Selecting previously unselected package libgdk-pixbuf2.0-common.
Preparing to unpack .../045-libgdk-pixbuf2.0-common_2.42.10+dfsg-3ubuntu3.3_all.deb ...
Unpacking libgdk-pixbuf2.0-common (2.42.10+dfsg-3ubuntu3.3) ...
Selecting previously unselected package libjpeg-turbo8:amd64.
Preparing to unpack .../046-libjpeg-turbo8_2.1.5-2ubuntu2_amd64.deb ...
Unpacking libjpeg-turbo8:amd64 (2.1.5-2ubuntu2) ...
Selecting previously unselected package libjpeg8:amd64.
Preparing to unpack .../047-libjpeg8_8c-2ubuntu11_amd64.deb ...
Unpacking libjpeg8:amd64 (8c-2ubuntu11) ...
Selecting previously unselected package libdeflate0:amd64.
Preparing to unpack .../048-libdeflate0_1.19-1build1.1_amd64.deb ...
Unpacking libdeflate0:amd64 (1.19-1build1.1) ...
Selecting previously unselected package libjbig0:amd64.
Preparing to unpack .../049-libjbig0_2.1-6.1ubuntu2_amd64.deb ...
Unpacking libjbig0:amd64 (2.1-6.1ubuntu2) ...
Selecting previously unselected package liblerc4:amd64.
Preparing to unpack .../050-liblerc4_4.0.0+ds-4ubuntu2_amd64.deb ...
Unpacking liblerc4:amd64 (4.0.0+ds-4ubuntu2) ...
Selecting previously unselected package libsharpyuv0:amd64.
Preparing to unpack .../051-libsharpyuv0_1.3.2-0.4build3_amd64.deb ...
Unpacking libsharpyuv0:amd64 (1.3.2-0.4build3) ...
Selecting previously unselected package libwebp7:amd64.
Preparing to unpack .../052-libwebp7_1.3.2-0.4build3_amd64.deb ...
Unpacking libwebp7:amd64 (1.3.2-0.4build3) ...
Selecting previously unselected package libtiff6:amd64.
Preparing to unpack .../053-libtiff6_4.5.1+git230720-4ubuntu2.5_amd64.deb ...
Unpacking libtiff6:amd64 (4.5.1+git230720-4ubuntu2.5) ...
Selecting previously unselected package libgdk-pixbuf-2.0-0:amd64.
Preparing to unpack .../054-libgdk-pixbuf-2.0-0_2.42.10+dfsg-3ubuntu3.3_amd64.deb ...
Unpacking libgdk-pixbuf-2.0-0:amd64 (2.42.10+dfsg-3ubuntu3.3) ...
Selecting previously unselected package gtk-update-icon-cache.
Preparing to unpack .../055-gtk-update-icon-cache_3.24.41-4ubuntu1.3_amd64.deb ...
Unpacking gtk-update-icon-cache (3.24.41-4ubuntu1.3) ...
Selecting previously unselected package hicolor-icon-theme.
Preparing to unpack .../056-hicolor-icon-theme_0.17-2_all.deb ...
Unpacking hicolor-icon-theme (0.17-2) ...
Selecting previously unselected package humanity-icon-theme.
Preparing to unpack .../057-humanity-icon-theme_0.6.16_all.deb ...
Unpacking humanity-icon-theme (0.6.16) ...
Selecting previously unselected package ubuntu-mono.
Preparing to unpack .../058-ubuntu-mono_24.04-0ubuntu1_all.deb ...
Unpacking ubuntu-mono (24.04-0ubuntu1) ...
Selecting previously unselected package adwaita-icon-theme.
Preparing to unpack .../059-adwaita-icon-theme_46.0-1_all.deb ...
Unpacking adwaita-icon-theme (46.0-1) ...
Selecting previously unselected package at-spi2-common.
Preparing to unpack .../060-at-spi2-common_2.52.0-1build1_all.deb ...
Unpacking at-spi2-common (2.52.0-1build1) ...
Selecting previously unselected package bubblewrap.
Preparing to unpack .../061-bubblewrap_0.9.0-1ubuntu0.3_amd64.deb ...
Unpacking bubblewrap (0.9.0-1ubuntu0.3) ...
Selecting previously unselected package libbrotli1:amd64.
Preparing to unpack .../062-libbrotli1_1.1.0-2build2_amd64.deb ...
Unpacking libbrotli1:amd64 (1.1.0-2build2) ...
Selecting previously unselected package libsasl2-modules-db:amd64.
Preparing to unpack .../063-libsasl2-modules-db_2.1.28+dfsg1-5ubuntu3.1_amd64.deb ...
Unpacking libsasl2-modules-db:amd64 (2.1.28+dfsg1-5ubuntu3.1) ...
Selecting previously unselected package libsasl2-2:amd64.
Preparing to unpack .../064-libsasl2-2_2.1.28+dfsg1-5ubuntu3.1_amd64.deb ...
Unpacking libsasl2-2:amd64 (2.1.28+dfsg1-5ubuntu3.1) ...
Selecting previously unselected package libldap2:amd64.
Preparing to unpack .../065-libldap2_2.6.10+dfsg-0ubuntu0.24.04.1_amd64.deb ...
Unpacking libldap2:amd64 (2.6.10+dfsg-0ubuntu0.24.04.1) ...
Selecting previously unselected package librtmp1:amd64.
Preparing to unpack .../066-librtmp1_2.4+20151223.gitfa8646d.1-2build7_amd64.deb ...
Unpacking librtmp1:amd64 (2.4+20151223.gitfa8646d.1-2build7) ...
Selecting previously unselected package libssh-4:amd64.
Preparing to unpack .../067-libssh-4_0.10.6-2ubuntu0.5_amd64.deb ...
Unpacking libssh-4:amd64 (0.10.6-2ubuntu0.5) ...
Selecting previously unselected package libcurl4t64:amd64.
Preparing to unpack .../068-libcurl4t64_8.5.0-2ubuntu10.15_amd64.deb ...
Unpacking libcurl4t64:amd64 (8.5.0-2ubuntu10.15) ...
Selecting previously unselected package curl.
Preparing to unpack .../069-curl_8.5.0-2ubuntu10.15_amd64.deb ...
Unpacking curl (8.5.0-2ubuntu10.15) ...
Selecting previously unselected package dbus-x11.
Preparing to unpack .../070-dbus-x11_1.14.10-4ubuntu4.1_amd64.deb ...
Unpacking dbus-x11 (1.14.10-4ubuntu4.1) ...
Selecting previously unselected package libdconf1:amd64.
Preparing to unpack .../071-libdconf1_0.40.0-4ubuntu0.1_amd64.deb ...
Unpacking libdconf1:amd64 (0.40.0-4ubuntu0.1) ...
Selecting previously unselected package dconf-service.
Preparing to unpack .../072-dconf-service_0.40.0-4ubuntu0.1_amd64.deb ...
Unpacking dconf-service (0.40.0-4ubuntu0.1) ...
Selecting previously unselected package dconf-gsettings-backend:amd64.
Preparing to unpack .../073-dconf-gsettings-backend_0.40.0-4ubuntu0.1_amd64.deb ...
Unpacking dconf-gsettings-backend:amd64 (0.40.0-4ubuntu0.1) ...
Selecting previously unselected package emacsen-common.
Preparing to unpack .../074-emacsen-common_3.0.5_all.deb ...
Unpacking emacsen-common (3.0.5) ...
Selecting previously unselected package dictionaries-common.
Preparing to unpack .../075-dictionaries-common_1.29.7_all.deb ...
Adding 'diversion of /usr/share/dict/words to /usr/share/dict/words.pre-dictionaries-common by dictionaries-common'
Unpacking dictionaries-common (1.29.7) ...
Selecting previously unselected package libfreetype6:amd64.
Preparing to unpack .../076-libfreetype6_2.13.2+dfsg-1ubuntu0.1_amd64.deb ...
Unpacking libfreetype6:amd64 (2.13.2+dfsg-1ubuntu0.1) ...
Selecting previously unselected package fonts-dejavu-mono.
Preparing to unpack .../077-fonts-dejavu-mono_2.37-8_all.deb ...
Unpacking fonts-dejavu-mono (2.37-8) ...
Selecting previously unselected package fonts-dejavu-core.
Preparing to unpack .../078-fonts-dejavu-core_2.37-8_all.deb ...
Unpacking fonts-dejavu-core (2.37-8) ...
Selecting previously unselected package fontconfig-config.
Preparing to unpack .../079-fontconfig-config_2.15.0-1.1ubuntu2_amd64.deb ...
Unpacking fontconfig-config (2.15.0-1.1ubuntu2) ...
Selecting previously unselected package libfontconfig1:amd64.
Preparing to unpack .../080-libfontconfig1_2.15.0-1.1ubuntu2_amd64.deb ...
Unpacking libfontconfig1:amd64 (2.15.0-1.1ubuntu2) ...
Selecting previously unselected package fontconfig.
Preparing to unpack .../081-fontconfig_2.15.0-1.1ubuntu2_amd64.deb ...
Unpacking fontconfig (2.15.0-1.1ubuntu2) ...
Selecting previously unselected package libcurl3t64-gnutls:amd64.
Preparing to unpack .../082-libcurl3t64-gnutls_8.5.0-2ubuntu10.15_amd64.deb ...
Unpacking libcurl3t64-gnutls:amd64 (8.5.0-2ubuntu10.15) ...
Selecting previously unselected package libduktape207:amd64.
Preparing to unpack .../083-libduktape207_2.7.0+tests-0ubuntu3_amd64.deb ...
Unpacking libduktape207:amd64 (2.7.0+tests-0ubuntu3) ...
Selecting previously unselected package libproxy1v5:amd64.
Preparing to unpack .../084-libproxy1v5_0.5.4-4build1_amd64.deb ...
Unpacking libproxy1v5:amd64 (0.5.4-4build1) ...
Selecting previously unselected package glib-networking-common.
Preparing to unpack .../085-glib-networking-common_2.80.0-1build1_all.deb ...
Unpacking glib-networking-common (2.80.0-1build1) ...
Selecting previously unselected package glib-networking-services.
Preparing to unpack .../086-glib-networking-services_2.80.0-1build1_amd64.deb ...
Unpacking glib-networking-services (2.80.0-1build1) ...
Selecting previously unselected package session-migration.
Preparing to unpack .../087-session-migration_0.3.9build1_amd64.deb ...
Unpacking session-migration (0.3.9build1) ...
Selecting previously unselected package gsettings-desktop-schemas.
Preparing to unpack .../088-gsettings-desktop-schemas_46.1-0ubuntu1_all.deb ...
Unpacking gsettings-desktop-schemas (46.1-0ubuntu1) ...
Selecting previously unselected package glib-networking:amd64.
Preparing to unpack .../089-glib-networking_2.80.0-1build1_amd64.deb ...
Unpacking glib-networking:amd64 (2.80.0-1build1) ...
Selecting previously unselected package libcdparanoia0:amd64.
Preparing to unpack .../090-libcdparanoia0_3.10.2+debian-14build3_amd64.deb ...
Unpacking libcdparanoia0:amd64 (3.10.2+debian-14build3) ...
Selecting previously unselected package libdw1t64:amd64.
Preparing to unpack .../091-libdw1t64_0.190-1.1ubuntu0.1_amd64.deb ...
Unpacking libdw1t64:amd64 (0.190-1.1ubuntu0.1) ...
Selecting previously unselected package libunwind8:amd64.
Preparing to unpack .../092-libunwind8_1.6.2-3build1.1_amd64.deb ...
Unpacking libunwind8:amd64 (1.6.2-3build1.1) ...
Selecting previously unselected package libgstreamer1.0-0:amd64.
Preparing to unpack .../093-libgstreamer1.0-0_1.24.2-1ubuntu0.1_amd64.deb ...
Unpacking libgstreamer1.0-0:amd64 (1.24.2-1ubuntu0.1) ...
Selecting previously unselected package liborc-0.4-0t64:amd64.
Preparing to unpack .../094-liborc-0.4-0t64_1%3a0.4.38-1ubuntu0.1_amd64.deb ...
Unpacking liborc-0.4-0t64:amd64 (1:0.4.38-1ubuntu0.1) ...
Selecting previously unselected package libgstreamer-plugins-base1.0-0:amd64.
Preparing to unpack .../095-libgstreamer-plugins-base1.0-0_1.24.2-1ubuntu0.5_amd64.deb ...
Unpacking libgstreamer-plugins-base1.0-0:amd64 (1.24.2-1ubuntu0.5) ...
Selecting previously unselected package libogg0:amd64.
Preparing to unpack .../096-libogg0_1.3.5-3build1_amd64.deb ...
Unpacking libogg0:amd64 (1.3.5-3build1) ...
Selecting previously unselected package libopus0:amd64.
Preparing to unpack .../097-libopus0_1.4-1build1_amd64.deb ...
Unpacking libopus0:amd64 (1.4-1build1) ...
Selecting previously unselected package libpixman-1-0:amd64.
Preparing to unpack .../098-libpixman-1-0_0.42.2-1build1_amd64.deb ...
Unpacking libpixman-1-0:amd64 (0.42.2-1build1) ...
Selecting previously unselected package libxcb-render0:amd64.
Preparing to unpack .../099-libxcb-render0_1.15-1ubuntu2_amd64.deb ...
Unpacking libxcb-render0:amd64 (1.15-1ubuntu2) ...
Selecting previously unselected package libxcb-shm0:amd64.
Preparing to unpack .../100-libxcb-shm0_1.15-1ubuntu2_amd64.deb ...
Unpacking libxcb-shm0:amd64 (1.15-1ubuntu2) ...
Selecting previously unselected package libxrender1:amd64.
Preparing to unpack .../101-libxrender1_1%3a0.9.10-1.1build1_amd64.deb ...
Unpacking libxrender1:amd64 (1:0.9.10-1.1build1) ...
Selecting previously unselected package libcairo2:amd64.
Preparing to unpack .../102-libcairo2_1.18.0-3build1_amd64.deb ...
Unpacking libcairo2:amd64 (1.18.0-3build1) ...
Selecting previously unselected package libtheora0:amd64.
Preparing to unpack .../103-libtheora0_1.1.1+dfsg.1-16.1build3_amd64.deb ...
Unpacking libtheora0:amd64 (1.1.1+dfsg.1-16.1build3) ...
Selecting previously unselected package libvisual-0.4-0:amd64.
Preparing to unpack .../104-libvisual-0.4-0_0.4.2-2build1_amd64.deb ...
Unpacking libvisual-0.4-0:amd64 (0.4.2-2build1) ...
Selecting previously unselected package libvorbis0a:amd64.
Preparing to unpack .../105-libvorbis0a_1.3.7-1build3_amd64.deb ...
Unpacking libvorbis0a:amd64 (1.3.7-1build3) ...
Selecting previously unselected package libvorbisenc2:amd64.
Preparing to unpack .../106-libvorbisenc2_1.3.7-1build3_amd64.deb ...
Unpacking libvorbisenc2:amd64 (1.3.7-1build3) ...
Selecting previously unselected package gstreamer1.0-plugins-base:amd64.
Preparing to unpack .../107-gstreamer1.0-plugins-base_1.24.2-1ubuntu0.5_amd64.deb ...
Unpacking gstreamer1.0-plugins-base:amd64 (1.24.2-1ubuntu0.5) ...
Selecting previously unselected package libaa1:amd64.
Preparing to unpack .../108-libaa1_1.4p5-51.1_amd64.deb ...
Unpacking libaa1:amd64 (1.4p5-51.1) ...
Selecting previously unselected package libraw1394-11:amd64.
Preparing to unpack .../109-libraw1394-11_2.1.2-2build3_amd64.deb ...
Unpacking libraw1394-11:amd64 (2.1.2-2build3) ...
Selecting previously unselected package libavc1394-0:amd64.
Preparing to unpack .../110-libavc1394-0_0.5.4-5build3_amd64.deb ...
Unpacking libavc1394-0:amd64 (0.5.4-5build3) ...
Selecting previously unselected package libcaca0:amd64.
Preparing to unpack .../111-libcaca0_0.99.beta20-4ubuntu0.2_amd64.deb ...
Unpacking libcaca0:amd64 (0.99.beta20-4ubuntu0.2) ...
Selecting previously unselected package libcairo-gobject2:amd64.
Preparing to unpack .../112-libcairo-gobject2_1.18.0-3build1_amd64.deb ...
Unpacking libcairo-gobject2:amd64 (1.18.0-3build1) ...
Selecting previously unselected package libdv4t64:amd64.
Preparing to unpack .../113-libdv4t64_1.0.0-17.1build1_amd64.deb ...
Unpacking libdv4t64:amd64 (1.0.0-17.1build1) ...
Selecting previously unselected package libflac12t64:amd64.
Preparing to unpack .../114-libflac12t64_1.4.3+ds-2.1ubuntu2_amd64.deb ...
Unpacking libflac12t64:amd64 (1.4.3+ds-2.1ubuntu2) ...
Selecting previously unselected package libgstreamer-plugins-good1.0-0:amd64.
Preparing to unpack .../115-libgstreamer-plugins-good1.0-0_1.24.2-1ubuntu1.7_amd64.deb ...
Unpacking libgstreamer-plugins-good1.0-0:amd64 (1.24.2-1ubuntu1.7) ...
Selecting previously unselected package libgudev-1.0-0:amd64.
Preparing to unpack .../116-libgudev-1.0-0_1%3a238-5ubuntu1_amd64.deb ...
Unpacking libgudev-1.0-0:amd64 (1:238-5ubuntu1) ...
Selecting previously unselected package libiec61883-0:amd64.
Preparing to unpack .../117-libiec61883-0_1.2.0-6build1_amd64.deb ...
Unpacking libiec61883-0:amd64 (1.2.0-6build1) ...
Selecting previously unselected package libmp3lame0:amd64.
Preparing to unpack .../118-libmp3lame0_3.100-6build1_amd64.deb ...
Unpacking libmp3lame0:amd64 (3.100-6build1) ...
Selecting previously unselected package libmpg123-0t64:amd64.
Preparing to unpack .../119-libmpg123-0t64_1.32.5-1ubuntu1.1_amd64.deb ...
Unpacking libmpg123-0t64:amd64 (1.32.5-1ubuntu1.1) ...
Selecting previously unselected package libasyncns0:amd64.
Preparing to unpack .../120-libasyncns0_0.8-6build4_amd64.deb ...
Unpacking libasyncns0:amd64 (0.8-6build4) ...
Selecting previously unselected package libsndfile1:amd64.
Preparing to unpack .../121-libsndfile1_1.2.2-1ubuntu5.24.04.1_amd64.deb ...
Unpacking libsndfile1:amd64 (1.2.2-1ubuntu5.24.04.1) ...
Selecting previously unselected package libx11-xcb1:amd64.
Preparing to unpack .../122-libx11-xcb1_2%3a1.8.7-1build1_amd64.deb ...
Unpacking libx11-xcb1:amd64 (2:1.8.7-1build1) ...
Selecting previously unselected package libpulse0:amd64.
Preparing to unpack .../123-libpulse0_1%3a16.1+dfsg1-2ubuntu10.1_amd64.deb ...
Unpacking libpulse0:amd64 (1:16.1+dfsg1-2ubuntu10.1) ...
Selecting previously unselected package libspeex1:amd64.
Preparing to unpack .../124-libspeex1_1.2.1-2ubuntu2.24.04.1_amd64.deb ...
Unpacking libspeex1:amd64 (1.2.1-2ubuntu2.24.04.1) ...
Selecting previously unselected package libshout3:amd64.
Preparing to unpack .../125-libshout3_2.4.6-1build2_amd64.deb ...
Unpacking libshout3:amd64 (2.4.6-1build2) ...
Selecting previously unselected package libtag1v5-vanilla:amd64.
Preparing to unpack .../126-libtag1v5-vanilla_1.13.1-1build1_amd64.deb ...
Unpacking libtag1v5-vanilla:amd64 (1.13.1-1build1) ...
Selecting previously unselected package libtag1v5:amd64.
Preparing to unpack .../127-libtag1v5_1.13.1-1build1_amd64.deb ...
Unpacking libtag1v5:amd64 (1.13.1-1build1) ...
Selecting previously unselected package libtwolame0:amd64.
Preparing to unpack .../128-libtwolame0_0.4.0-2build3_amd64.deb ...
Unpacking libtwolame0:amd64 (0.4.0-2build3) ...
Selecting previously unselected package libv4lconvert0t64:amd64.
Preparing to unpack .../129-libv4lconvert0t64_1.26.1-4build3_amd64.deb ...
Unpacking libv4lconvert0t64:amd64 (1.26.1-4build3) ...
Selecting previously unselected package libv4l-0t64:amd64.
Preparing to unpack .../130-libv4l-0t64_1.26.1-4build3_amd64.deb ...
Unpacking libv4l-0t64:amd64 (1.26.1-4build3) ...
Selecting previously unselected package libvpx9:amd64.
Preparing to unpack .../131-libvpx9_1.14.0-1ubuntu2.3_amd64.deb ...
Unpacking libvpx9:amd64 (1.14.0-1ubuntu2.3) ...
Selecting previously unselected package libwavpack1:amd64.
Preparing to unpack .../132-libwavpack1_5.6.0-1build1_amd64.deb ...
Unpacking libwavpack1:amd64 (5.6.0-1build1) ...
Selecting previously unselected package libxdamage1:amd64.
Preparing to unpack .../133-libxdamage1_1%3a1.1.6-1build1_amd64.deb ...
Unpacking libxdamage1:amd64 (1:1.1.6-1build1) ...
Selecting previously unselected package libxfixes3:amd64.
Preparing to unpack .../134-libxfixes3_1%3a6.0.0-2build1_amd64.deb ...
Unpacking libxfixes3:amd64 (1:6.0.0-2build1) ...
Selecting previously unselected package x11-common.
Preparing to unpack .../135-x11-common_1%3a7.7+23ubuntu3_all.deb ...
Unpacking x11-common (1:7.7+23ubuntu3) ...
Selecting previously unselected package libxtst6:amd64.
Preparing to unpack .../136-libxtst6_2%3a1.2.3-1.1build1_amd64.deb ...
Unpacking libxtst6:amd64 (2:1.2.3-1.1build1) ...
Selecting previously unselected package libsoup-3.0-common.
Preparing to unpack .../137-libsoup-3.0-common_3.4.4-5ubuntu0.8_all.deb ...
Unpacking libsoup-3.0-common (3.4.4-5ubuntu0.8) ...
Selecting previously unselected package libsoup-3.0-0:amd64.
Preparing to unpack .../138-libsoup-3.0-0_3.4.4-5ubuntu0.8_amd64.deb ...
Unpacking libsoup-3.0-0:amd64 (3.4.4-5ubuntu0.8) ...
Selecting previously unselected package gstreamer1.0-plugins-good:amd64.
Preparing to unpack .../139-gstreamer1.0-plugins-good_1.24.2-1ubuntu1.7_amd64.deb ...
Unpacking gstreamer1.0-plugins-good:amd64 (1.24.2-1ubuntu1.7) ...
Selecting previously unselected package hunspell-en-us.
Preparing to unpack .../140-hunspell-en-us_1%3a2020.12.07-2_all.deb ...
Unpacking hunspell-en-us (1:2020.12.07-2) ...
Selecting previously unselected package libaspell15:amd64.
Preparing to unpack .../141-libaspell15_0.60.8.1-1build1_amd64.deb ...
Unpacking libaspell15:amd64 (0.60.8.1-1build1) ...
Selecting previously unselected package libatk1.0-0t64:amd64.
Preparing to unpack .../142-libatk1.0-0t64_2.52.0-1build1_amd64.deb ...
Unpacking libatk1.0-0t64:amd64 (2.52.0-1build1) ...
Selecting previously unselected package libxi6:amd64.
Preparing to unpack .../143-libxi6_2%3a1.8.1-1build1_amd64.deb ...
Unpacking libxi6:amd64 (2:1.8.1-1build1) ...
Selecting previously unselected package libatspi2.0-0t64:amd64.
Preparing to unpack .../144-libatspi2.0-0t64_2.52.0-1build1_amd64.deb ...
Unpacking libatspi2.0-0t64:amd64 (2.52.0-1build1) ...
Selecting previously unselected package libatk-bridge2.0-0t64:amd64.
Preparing to unpack .../145-libatk-bridge2.0-0t64_2.52.0-1build1_amd64.deb ...
Unpacking libatk-bridge2.0-0t64:amd64 (2.52.0-1build1) ...
Selecting previously unselected package libatomic1:amd64.
Preparing to unpack .../146-libatomic1_14.2.0-4ubuntu2~24.04.1_amd64.deb ...
Unpacking libatomic1:amd64 (14.2.0-4ubuntu2~24.04.1) ...
Selecting previously unselected package libavahi-common-data:amd64.
Preparing to unpack .../147-libavahi-common-data_0.8-13ubuntu6.2_amd64.deb ...
Unpacking libavahi-common-data:amd64 (0.8-13ubuntu6.2) ...
Selecting previously unselected package libavahi-common3:amd64.
Preparing to unpack .../148-libavahi-common3_0.8-13ubuntu6.2_amd64.deb ...
Unpacking libavahi-common3:amd64 (0.8-13ubuntu6.2) ...
Selecting previously unselected package libavahi-client3:amd64.
Preparing to unpack .../149-libavahi-client3_0.8-13ubuntu6.2_amd64.deb ...
Unpacking libavahi-client3:amd64 (0.8-13ubuntu6.2) ...
Selecting previously unselected package liblcms2-2:amd64.
Preparing to unpack .../150-liblcms2-2_2.14-2ubuntu0.1_amd64.deb ...
Unpacking liblcms2-2:amd64 (2.14-2ubuntu0.1) ...
Selecting previously unselected package libcolord2:amd64.
Preparing to unpack .../151-libcolord2_1.4.7-1build2_amd64.deb ...
Unpacking libcolord2:amd64 (1.4.7-1build2) ...
Selecting previously unselected package libcups2t64:amd64.
Preparing to unpack .../152-libcups2t64_2.4.7-1.2ubuntu7.14_amd64.deb ...
Unpacking libcups2t64:amd64 (2.4.7-1.2ubuntu7.14) ...
Selecting previously unselected package libdatrie1:amd64.
Preparing to unpack .../153-libdatrie1_0.2.13-3build1_amd64.deb ...
Unpacking libdatrie1:amd64 (0.2.13-3build1) ...
Selecting previously unselected package libdrm-amdgpu1:amd64.
Preparing to unpack .../154-libdrm-amdgpu1_2.4.125-1ubuntu0.1~24.04.2_amd64.deb ...
Unpacking libdrm-amdgpu1:amd64 (2.4.125-1ubuntu0.1~24.04.2) ...
Selecting previously unselected package libpciaccess0:amd64.
Preparing to unpack .../155-libpciaccess0_0.17-3ubuntu0.24.04.3_amd64.deb ...
Unpacking libpciaccess0:amd64 (0.17-3ubuntu0.24.04.3) ...
Selecting previously unselected package libdrm-intel1:amd64.
Preparing to unpack .../156-libdrm-intel1_2.4.125-1ubuntu0.1~24.04.2_amd64.deb ...
Unpacking libdrm-intel1:amd64 (2.4.125-1ubuntu0.1~24.04.2) ...
Selecting previously unselected package libllvm20:amd64.
Preparing to unpack .../157-libllvm20_1%3a20.1.2-0ubuntu1~24.04.3_amd64.deb ...
Unpacking libllvm20:amd64 (1:20.1.2-0ubuntu1~24.04.3) ...
Selecting previously unselected package libxcb-dri3-0:amd64.
Preparing to unpack .../158-libxcb-dri3-0_1.15-1ubuntu2_amd64.deb ...
Unpacking libxcb-dri3-0:amd64 (1.15-1ubuntu2) ...
Selecting previously unselected package libxcb-present0:amd64.
Preparing to unpack .../159-libxcb-present0_1.15-1ubuntu2_amd64.deb ...
Unpacking libxcb-present0:amd64 (1.15-1ubuntu2) ...
Selecting previously unselected package libxcb-randr0:amd64.
Preparing to unpack .../160-libxcb-randr0_1.15-1ubuntu2_amd64.deb ...
Unpacking libxcb-randr0:amd64 (1.15-1ubuntu2) ...
Selecting previously unselected package libxcb-sync1:amd64.
Preparing to unpack .../161-libxcb-sync1_1.15-1ubuntu2_amd64.deb ...
Unpacking libxcb-sync1:amd64 (1.15-1ubuntu2) ...
Selecting previously unselected package libxcb-xfixes0:amd64.
Preparing to unpack .../162-libxcb-xfixes0_1.15-1ubuntu2_amd64.deb ...
Unpacking libxcb-xfixes0:amd64 (1.15-1ubuntu2) ...
Selecting previously unselected package libxshmfence1:amd64.
Preparing to unpack .../163-libxshmfence1_1.3-1build5_amd64.deb ...
Unpacking libxshmfence1:amd64 (1.3-1build5) ...
Selecting previously unselected package mesa-libgallium:amd64.
Preparing to unpack .../164-mesa-libgallium_25.2.8-0ubuntu0.24.04.2_amd64.deb ...
Unpacking mesa-libgallium:amd64 (25.2.8-0ubuntu0.24.04.2) ...
Selecting previously unselected package libgbm1:amd64.
Preparing to unpack .../165-libgbm1_25.2.8-0ubuntu0.24.04.2_amd64.deb ...
Unpacking libgbm1:amd64 (25.2.8-0ubuntu0.24.04.2) ...
Selecting previously unselected package libwayland-client0:amd64.
Preparing to unpack .../166-libwayland-client0_1.22.0-2.1build1_amd64.deb ...
Unpacking libwayland-client0:amd64 (1.22.0-2.1build1) ...
Selecting previously unselected package libegl-mesa0:amd64.
Preparing to unpack .../167-libegl-mesa0_25.2.8-0ubuntu0.24.04.2_amd64.deb ...
Unpacking libegl-mesa0:amd64 (25.2.8-0ubuntu0.24.04.2) ...
Selecting previously unselected package libhunspell-1.7-0:amd64.
Preparing to unpack .../168-libhunspell-1.7-0_1.7.2+really1.7.2-10build3_amd64.deb ...
Unpacking libhunspell-1.7-0:amd64 (1.7.2+really1.7.2-10build3) ...
Selecting previously unselected package libenchant-2-2:amd64.
Preparing to unpack .../169-libenchant-2-2_2.3.3-2build2_amd64.deb ...
Unpacking libenchant-2-2:amd64 (2.3.3-2build2) ...
Selecting previously unselected package libepoxy0:amd64.
Preparing to unpack .../170-libepoxy0_1.5.10-1build1_amd64.deb ...
Unpacking libepoxy0:amd64 (1.5.10-1build1) ...
Selecting previously unselected package libfontenc1:amd64.
Preparing to unpack .../171-libfontenc1_1%3a1.1.8-1build1_amd64.deb ...
Unpacking libfontenc1:amd64 (1:1.1.8-1build1) ...
Selecting previously unselected package libvulkan1:amd64.
Preparing to unpack .../172-libvulkan1_1.3.275.0-1build1_amd64.deb ...
Unpacking libvulkan1:amd64 (1.3.275.0-1build1) ...
Selecting previously unselected package libgl1-mesa-dri:amd64.
Preparing to unpack .../173-libgl1-mesa-dri_25.2.8-0ubuntu0.24.04.2_amd64.deb ...
Unpacking libgl1-mesa-dri:amd64 (25.2.8-0ubuntu0.24.04.2) ...
Selecting previously unselected package libxcb-glx0:amd64.
Preparing to unpack .../174-libxcb-glx0_1.15-1ubuntu2_amd64.deb ...
Unpacking libxcb-glx0:amd64 (1.15-1ubuntu2) ...
Selecting previously unselected package libxxf86vm1:amd64.
Preparing to unpack .../175-libxxf86vm1_1%3a1.1.4-1build4_amd64.deb ...
Unpacking libxxf86vm1:amd64 (1:1.1.4-1build4) ...
Selecting previously unselected package libglx-mesa0:amd64.
Preparing to unpack .../176-libglx-mesa0_25.2.8-0ubuntu0.24.04.2_amd64.deb ...
Unpacking libglx-mesa0:amd64 (25.2.8-0ubuntu0.24.04.2) ...
Selecting previously unselected package libgraphite2-3:amd64.
Preparing to unpack .../177-libgraphite2-3_1.3.14-2ubuntu0.24.04.1_amd64.deb ...
Unpacking libgraphite2-3:amd64 (1.3.14-2ubuntu0.24.04.1) ...
Selecting previously unselected package libglvnd0:amd64.
Preparing to unpack .../178-libglvnd0_1.7.0-1build1_amd64.deb ...
Unpacking libglvnd0:amd64 (1.7.0-1build1) ...
Selecting previously unselected package libegl1:amd64.
Preparing to unpack .../179-libegl1_1.7.0-1build1_amd64.deb ...
Unpacking libegl1:amd64 (1.7.0-1build1) ...
Selecting previously unselected package libglx0:amd64.
Preparing to unpack .../180-libglx0_1.7.0-1build1_amd64.deb ...
Unpacking libglx0:amd64 (1.7.0-1build1) ...
Selecting previously unselected package libgl1:amd64.
Preparing to unpack .../181-libgl1_1.7.0-1build1_amd64.deb ...
Unpacking libgl1:amd64 (1.7.0-1build1) ...
Selecting previously unselected package libwayland-cursor0:amd64.
Preparing to unpack .../182-libwayland-cursor0_1.22.0-2.1build1_amd64.deb ...
Unpacking libwayland-cursor0:amd64 (1.22.0-2.1build1) ...
Selecting previously unselected package libwayland-egl1:amd64.
Preparing to unpack .../183-libwayland-egl1_1.22.0-2.1build1_amd64.deb ...
Unpacking libwayland-egl1:amd64 (1.22.0-2.1build1) ...
Selecting previously unselected package libgstreamer-gl1.0-0:amd64.
Preparing to unpack .../184-libgstreamer-gl1.0-0_1.24.2-1ubuntu0.5_amd64.deb ...
Unpacking libgstreamer-gl1.0-0:amd64 (1.24.2-1ubuntu0.5) ...
Selecting previously unselected package libharfbuzz0b:amd64.
Preparing to unpack .../185-libharfbuzz0b_8.3.0-2build2_amd64.deb ...
Unpacking libharfbuzz0b:amd64 (8.3.0-2build2) ...
Selecting previously unselected package libthai-data.
Preparing to unpack .../186-libthai-data_0.1.29-2build1_all.deb ...
Unpacking libthai-data (0.1.29-2build1) ...
Selecting previously unselected package libthai0:amd64.
Preparing to unpack .../187-libthai0_0.1.29-2build1_amd64.deb ...
Unpacking libthai0:amd64 (0.1.29-2build1) ...
Selecting previously unselected package libpango-1.0-0:amd64.
Preparing to unpack .../188-libpango-1.0-0_1.52.1+ds-1build1_amd64.deb ...
Unpacking libpango-1.0-0:amd64 (1.52.1+ds-1build1) ...
Selecting previously unselected package libpangoft2-1.0-0:amd64.
Preparing to unpack .../189-libpangoft2-1.0-0_1.52.1+ds-1build1_amd64.deb ...
Unpacking libpangoft2-1.0-0:amd64 (1.52.1+ds-1build1) ...
Selecting previously unselected package libpangocairo-1.0-0:amd64.
Preparing to unpack .../190-libpangocairo-1.0-0_1.52.1+ds-1build1_amd64.deb ...
Unpacking libpangocairo-1.0-0:amd64 (1.52.1+ds-1build1) ...
Selecting previously unselected package libxcomposite1:amd64.
Preparing to unpack .../191-libxcomposite1_1%3a0.4.5-1build3_amd64.deb ...
Unpacking libxcomposite1:amd64 (1:0.4.5-1build3) ...
Selecting previously unselected package libxcursor1:amd64.
Preparing to unpack .../192-libxcursor1_1%3a1.2.1-1build1_amd64.deb ...
Unpacking libxcursor1:amd64 (1:1.2.1-1build1) ...
Selecting previously unselected package libxinerama1:amd64.
Preparing to unpack .../193-libxinerama1_2%3a1.1.4-3build1_amd64.deb ...
Unpacking libxinerama1:amd64 (2:1.1.4-3build1) ...
Selecting previously unselected package libxrandr2:amd64.
Preparing to unpack .../194-libxrandr2_2%3a1.5.2-2build1_amd64.deb ...
Unpacking libxrandr2:amd64 (2:1.5.2-2build1) ...
Selecting previously unselected package libgtk-3-common.
Preparing to unpack .../195-libgtk-3-common_3.24.41-4ubuntu1.3_all.deb ...
Unpacking libgtk-3-common (3.24.41-4ubuntu1.3) ...
Selecting previously unselected package libgtk-3-0t64:amd64.
Preparing to unpack .../196-libgtk-3-0t64_3.24.41-4ubuntu1.3_amd64.deb ...
Unpacking libgtk-3-0t64:amd64 (3.24.41-4ubuntu1.3) ...
Selecting previously unselected package libharfbuzz-icu0:amd64.
Preparing to unpack .../197-libharfbuzz-icu0_8.3.0-2build2_amd64.deb ...
Unpacking libharfbuzz-icu0:amd64 (8.3.0-2build2) ...
Selecting previously unselected package libhyphen0:amd64.
Preparing to unpack .../198-libhyphen0_2.8.8-7build3_amd64.deb ...
Unpacking libhyphen0:amd64 (2.8.8-7build3) ...
Selecting previously unselected package libice6:amd64.
Preparing to unpack .../199-libice6_2%3a1.0.10-1build3_amd64.deb ...
Unpacking libice6:amd64 (2:1.0.10-1build3) ...
Selecting previously unselected package libjavascriptcoregtk-4.1-0:amd64.
Preparing to unpack .../200-libjavascriptcoregtk-4.1-0_2.52.6-0ubuntu0.24.04.1_amd64.deb ...
Unpacking libjavascriptcoregtk-4.1-0:amd64 (2.52.6-0ubuntu0.24.04.1) ...
Selecting previously unselected package libmanette-0.2-0:amd64.
Preparing to unpack .../201-libmanette-0.2-0_0.2.7-1build2_amd64.deb ...
Unpacking libmanette-0.2-0:amd64 (0.2.7-1build2) ...
Selecting previously unselected package libsecret-common.
Preparing to unpack .../202-libsecret-common_0.21.4-1build3_all.deb ...
Unpacking libsecret-common (0.21.4-1build3) ...
Selecting previously unselected package libsecret-1-0:amd64.
Preparing to unpack .../203-libsecret-1-0_0.21.4-1build3_amd64.deb ...
Unpacking libsecret-1-0:amd64 (0.21.4-1build3) ...
Selecting previously unselected package libsm6:amd64.
Preparing to unpack .../204-libsm6_2%3a1.2.3-1build3_amd64.deb ...
Unpacking libsm6:amd64 (2:1.2.3-1build3) ...
Selecting previously unselected package libwayland-server0:amd64.
Preparing to unpack .../205-libwayland-server0_1.22.0-2.1build1_amd64.deb ...
Unpacking libwayland-server0:amd64 (1.22.0-2.1build1) ...
Selecting previously unselected package libgles2:amd64.
Preparing to unpack .../206-libgles2_1.7.0-1build1_amd64.deb ...
Unpacking libgles2:amd64 (1.7.0-1build1) ...
Selecting previously unselected package xdg-dbus-proxy.
Preparing to unpack .../207-xdg-dbus-proxy_0.1.5-1ubuntu0.2_amd64.deb ...
Unpacking xdg-dbus-proxy (0.1.5-1ubuntu0.2) ...
Selecting previously unselected package libwebpdemux2:amd64.
Preparing to unpack .../208-libwebpdemux2_1.3.2-0.4build3_amd64.deb ...
Unpacking libwebpdemux2:amd64 (1.3.2-0.4build3) ...
Selecting previously unselected package libwebpmux3:amd64.
Preparing to unpack .../209-libwebpmux3_1.3.2-0.4build3_amd64.deb ...
Unpacking libwebpmux3:amd64 (1.3.2-0.4build3) ...
Selecting previously unselected package libxslt1.1:amd64.
Preparing to unpack .../210-libxslt1.1_1.1.39-0exp1ubuntu0.24.04.3_amd64.deb ...
Unpacking libxslt1.1:amd64 (1.1.39-0exp1ubuntu0.24.04.3) ...
Selecting previously unselected package libwebkit2gtk-4.1-0:amd64.
Preparing to unpack .../211-libwebkit2gtk-4.1-0_2.52.6-0ubuntu0.24.04.1_amd64.deb ...
Unpacking libwebkit2gtk-4.1-0:amd64 (2.52.6-0ubuntu0.24.04.1) ...
Selecting previously unselected package libxt6t64:amd64.
Preparing to unpack .../212-libxt6t64_1%3a1.2.1-1.2build1_amd64.deb ...
Unpacking libxt6t64:amd64 (1:1.2.1-1.2build1) ...
Selecting previously unselected package libxmu6:amd64.
Preparing to unpack .../213-libxmu6_2%3a1.1.3-3build2_amd64.deb ...
Unpacking libxmu6:amd64 (2:1.1.3-3build2) ...
Selecting previously unselected package libxpm4:amd64.
Preparing to unpack .../214-libxpm4_1%3a3.5.17-1ubuntu0.24.04.1_amd64.deb ...
Unpacking libxpm4:amd64 (1:3.5.17-1ubuntu0.24.04.1) ...
Selecting previously unselected package libxaw7:amd64.
Preparing to unpack .../215-libxaw7_2%3a1.0.14-1build2_amd64.deb ...
Unpacking libxaw7:amd64 (2:1.0.14-1build2) ...
Selecting previously unselected package libxfont2:amd64.
Preparing to unpack .../216-libxfont2_1%3a2.0.6-1+deb13u1build0.24.04.2_amd64.deb ...
Unpacking libxfont2:amd64 (1:2.0.6-1+deb13u1build0.24.04.2) ...
Selecting previously unselected package libxkbfile1:amd64.
Preparing to unpack .../217-libxkbfile1_1%3a1.1.0-1build4_amd64.deb ...
Unpacking libxkbfile1:amd64 (1:1.1.0-1build4) ...
Selecting previously unselected package python3-pip-whl.
Preparing to unpack .../218-python3-pip-whl_24.0+dfsg-1ubuntu1.3_all.deb ...
Unpacking python3-pip-whl (24.0+dfsg-1ubuntu1.3) ...
Selecting previously unselected package python3-setuptools-whl.
Preparing to unpack .../219-python3-setuptools-whl_68.1.2-2ubuntu1.2_all.deb ...
Unpacking python3-setuptools-whl (68.1.2-2ubuntu1.2) ...
Selecting previously unselected package python3.12-venv.
Preparing to unpack .../220-python3.12-venv_3.12.3-1ubuntu0.17_amd64.deb ...
Unpacking python3.12-venv (3.12.3-1ubuntu0.17) ...
Selecting previously unselected package python3-venv.
Preparing to unpack .../221-python3-venv_3.12.3-0ubuntu2.1_amd64.deb ...
Unpacking python3-venv (3.12.3-0ubuntu2.1) ...
Selecting previously unselected package textbrush.
Preparing to unpack .../222-Textbrush_0.1.0_amd64.deb ...
Unpacking textbrush (0.1.0) ...
Selecting previously unselected package x11-xkb-utils.
Preparing to unpack .../223-x11-xkb-utils_7.7+8build2_amd64.deb ...
Unpacking x11-xkb-utils (7.7+8build2) ...
Selecting previously unselected package xserver-common.
Preparing to unpack .../224-xserver-common_2%3a21.1.12-1ubuntu1.8_all.deb ...
Unpacking xserver-common (2:21.1.12-1ubuntu1.8) ...
Selecting previously unselected package xvfb.
Preparing to unpack .../225-xvfb_2%3a21.1.12-1ubuntu1.8_amd64.deb ...
Unpacking xvfb (2:21.1.12-1ubuntu1.8) ...
Setting up media-types (10.1.0) ...
Setting up bubblewrap (0.9.0-1ubuntu0.3) ...
Setting up libtext-iconv-perl:amd64 (1.7-8build3) ...
Setting up libgraphite2-3:amd64 (1.3.14-2ubuntu0.24.04.1) ...
Setting up liblcms2-2:amd64 (2.14-2ubuntu0.1) ...
Setting up libpixman-1-0:amd64 (0.42.2-1build1) ...
Setting up libcdparanoia0:amd64 (3.10.2+debian-14build3) ...
Setting up libsharpyuv0:amd64 (1.3.2-0.4build3) ...
Setting up libwayland-server0:amd64 (1.22.0-2.1build1) ...
Setting up libpciaccess0:amd64 (0.17-3ubuntu0.24.04.3) ...
Setting up libxau6:amd64 (1:1.0.9-1build6) ...
Setting up python3-setuptools-whl (68.1.2-2ubuntu1.2) ...
Setting up libraw1394-11:amd64 (2.1.2-2build3) ...
Setting up libkeyutils1:amd64 (1.6.3-3build1) ...
Setting up libapparmor1:amd64 (4.0.1really4.0.1-0ubuntu0.24.04.8) ...
Setting up libtag1v5-vanilla:amd64 (1.13.1-1build1) ...
Setting up libgpm2:amd64 (1.20.7-11) ...
Setting up libogg0:amd64 (1.3.5-3build1) ...
Setting up liblerc4:amd64 (4.0.0+ds-4ubuntu2) ...
Setting up libspeex1:amd64 (1.2.1-2ubuntu2.24.04.1) ...
Setting up hicolor-icon-theme (0.17-2) ...
Setting up libtwolame0:amd64 (0.4.0-2build3) ...
Setting up libhyphen0:amd64 (2.8.8-7build3) ...
Setting up libdatrie1:amd64 (0.2.13-3build1) ...
Setting up libvisual-0.4-0:amd64 (0.4.2-2build1) ...
Setting up libaspell15:amd64 (0.60.8.1-1build1) ...
Setting up libglvnd0:amd64 (1.7.0-1build1) ...
Setting up libbrotli1:amd64 (1.1.0-2build2) ...
Setting up libsqlite3-0:amd64 (3.45.1-1ubuntu2.8) ...
Setting up libgdk-pixbuf2.0-common (2.42.10+dfsg-3ubuntu3.3) ...
Setting up x11-common (1:7.7+23ubuntu3) ...
invoke-rc.d: could not determine current runlevel
invoke-rc.d: policy-rc.d denied execution of start.
Setting up libsensors-config (1:3.6.0-9build1) ...
Setting up libpsl5t64:amd64 (0.21.2-1.1build1) ...
Setting up libnghttp2-14:amd64 (1.59.0-1ubuntu0.4) ...
Setting up libdeflate0:amd64 (1.19-1build1.1) ...
Setting up xkb-data (2.41-2ubuntu1.1) ...
Setting up libsoup-3.0-common (3.4.4-5ubuntu0.8) ...
Setting up libmpg123-0t64:amd64 (1.32.5-1ubuntu1.1) ...
Setting up libunwind8:amd64 (1.6.2-3build1.1) ...
Setting up libjbig0:amd64 (2.1-6.1ubuntu2) ...
Setting up libelf1t64:amd64 (0.190-1.1ubuntu0.1) ...
Setting up liborc-0.4-0t64:amd64 (1:0.4.38-1ubuntu0.1) ...
Setting up libkrb5support0:amd64 (1.20.1-6ubuntu2.10) ...
Setting up libdw1t64:amd64 (0.190-1.1ubuntu0.1) ...
Setting up libsasl2-modules-db:amd64 (2.1.28+dfsg1-5ubuntu3.1) ...
Setting up tzdata (2026c-0ubuntu0.24.04.1) ...

Current default time zone: 'Etc/UTC'
Local time is now:      Sun Sep 27 07:19:37 UTC 2026.
Universal Time is now:  Sun Sep 27 07:19:37 UTC 2026.
Run 'dpkg-reconfigure tzdata' if you wish to change it.

Setting up libcap2-bin (1:2.66-5ubuntu2.4) ...
Setting up libfontenc1:amd64 (1:1.1.8-1build1) ...
Setting up libglib2.0-0t64:amd64 (2.80.0-6ubuntu3.9) ...
Setting up libgles2:amd64 (1.7.0-1build1) ...
Setting up emacsen-common (3.0.5) ...
Setting up libslang2:amd64 (2.3.3-3build2) ...
Setting up libx11-data (2:1.8.7-1build1) ...
Setting up libepoxy0:amd64 (1.5.10-1build1) ...
Setting up librtmp1:amd64 (2.4+20151223.gitfa8646d.1-2build7) ...
Setting up libavahi-common-data:amd64 (0.8-13ubuntu6.2) ...
Setting up libncurses6:amd64 (6.4+20240113-1ubuntu2.2) ...
Setting up libdbus-1-3:amd64 (1.14.10-4ubuntu4.1) ...
Setting up libfribidi0:amd64 (1.0.13-3build1) ...
Setting up libopus0:amd64 (1.4-1build1) ...
Setting up fonts-dejavu-mono (2.37-8) ...
Setting up libpng16-16t64:amd64 (1.6.43-5ubuntu0.6) ...
Setting up libatomic1:amd64 (14.2.0-4ubuntu2~24.04.1) ...
Setting up libvorbis0a:amd64 (1.3.7-1build3) ...
Setting up fonts-dejavu-core (2.37-8) ...
Setting up libdv4t64:amd64 (1.0.0-17.1build1) ...
Setting up libsensors5:amd64 (1:3.6.0-9build1) ...
Setting up libk5crypto3:amd64 (1.20.1-6ubuntu2.10) ...
Setting up libjpeg-turbo8:amd64 (2.1.5-2ubuntu2) ...
Setting up libsasl2-2:amd64 (2.1.28+dfsg1-5ubuntu3.1) ...
Setting up libvulkan1:amd64 (1.3.275.0-1build1) ...
Setting up libwebp7:amd64 (1.3.2-0.4build3) ...
Setting up libicu74:amd64 (74.2-1ubuntu3.1) ...
Setting up xdg-dbus-proxy (0.1.5-1ubuntu0.2) ...
Setting up libvpx9:amd64 (1.14.0-1ubuntu2.3) ...
Setting up libtag1v5:amd64 (1.13.1-1build1) ...
Setting up libduktape207:amd64 (2.7.0+tests-0ubuntu3) ...
Setting up libasyncns0:amd64 (0.8-6build4) ...
Setting up libxshmfence1:amd64 (1.3-1build5) ...
Setting up at-spi2-common (2.52.0-1build1) ...
Setting up libwavpack1:amd64 (5.6.0-1build1) ...
Setting up dbus-session-bus-common (1.14.10-4ubuntu4.1) ...
Setting up libthai-data (0.1.29-2build1) ...
Setting up netbase (6.4) ...
Setting up libkrb5-3:amd64 (1.20.1-6ubuntu2.10) ...
Setting up libflac12t64:amd64 (1.4.3+ds-2.1ubuntu2) ...
Setting up libwayland-egl1:amd64 (1.22.0-2.1build1) ...
Setting up libhunspell-1.7-0:amd64 (1.7.2+really1.7.2-10build3) ...
Setting up glib-networking-common (2.80.0-1build1) ...
Setting up openssl (3.0.13-0ubuntu3.15) ...
Setting up libwebpmux3:amd64 (1.3.2-0.4build3) ...
Setting up libbsd0:amd64 (0.12.1-1build1.1) ...
Setting up libdrm-common (2.4.125-1ubuntu0.1~24.04.2) ...
Setting up libevdev2:amd64 (1.13.1+dfsg-1build1) ...
Setting up readline-common (8.2-4build1) ...
Setting up libxml2:amd64 (2.9.14+dfsg-1.3ubuntu3.9) ...
Setting up libldap2:amd64 (2.6.10+dfsg-0ubuntu0.24.04.1) ...
Setting up iso-codes (4.16.0-1) ...
Setting up dbus-bin (1.14.10-4ubuntu4.1) ...
Setting up libgudev-1.0-0:amd64 (1:238-5ubuntu1) ...
Setting up libsecret-common (0.21.4-1build3) ...
Setting up libgstreamer1.0-0:amd64 (1.24.2-1ubuntu0.1) ...
Setcap worked! gst-ptp-helper is not suid!
Setting up libmp3lame0:amd64 (3.100-6build1) ...
Setting up libvorbisenc2:amd64 (1.3.7-1build3) ...
Setting up libiec61883-0:amd64 (1.2.0-6build1) ...
Setting up libxkbcommon0:amd64 (1.6.0-1build1) ...
Setting up libwayland-client0:amd64 (1.22.0-2.1build1) ...
Setting up libjpeg8:amd64 (8c-2ubuntu11) ...
Setting up libavc1394-0:amd64 (0.5.4-5build3) ...
Setting up libice6:amd64 (2:1.0.10-1build3) ...
Setting up session-migration (0.3.9build1) ...
Setting up libxdmcp6:amd64 (1:1.1.3-0ubuntu6) ...
Setting up libxcb1:amd64 (1.15-1ubuntu2) ...
Setting up libxcb-xfixes0:amd64 (1.15-1ubuntu2) ...
Setting up libatk1.0-0t64:amd64 (2.52.0-1build1) ...
Setting up libcaca0:amd64 (0.99.beta20-4ubuntu0.2) ...
Setting up libv4lconvert0t64:amd64 (1.26.1-4build3) ...
Setting up dictionaries-common (1.29.7) ...
Setting up libxcb-render0:amd64 (1.15-1ubuntu2) ...
Setting up fontconfig-config (2.15.0-1.1ubuntu2) ...
Setting up libxcb-glx0:amd64 (1.15-1ubuntu2) ...
Setting up libwebpdemux2:amd64 (1.3.2-0.4build3) ...
Setting up libmanette-0.2-0:amd64 (0.2.7-1build2) ...
Setting up libedit2:amd64 (3.1-20230828-1build1) ...
Setting up libavahi-common3:amd64 (0.8-13ubuntu6.2) ...
Setting up libxcb-shm0:amd64 (1.15-1ubuntu2) ...
Setting up dbus-daemon (1.14.10-4ubuntu4.1) ...
Setting up libcolord2:amd64 (1.4.7-1build2) ...
Setting up libxcb-present0:amd64 (1.15-1ubuntu2) ...
Setting up libdconf1:amd64 (0.40.0-4ubuntu0.1) ...
Setting up libthai0:amd64 (0.1.29-2build1) ...
Setting up ca-certificates (20260601~24.04.1) ...
Updating certificates in /etc/ssl/certs...
121 added, 0 removed; done.
Setting up libsecret-1-0:amd64 (0.21.4-1build3) ...
Setting up libjavascriptcoregtk-4.1-0:amd64 (2.52.6-0ubuntu0.24.04.1) ...
Setting up libfreetype6:amd64 (2.13.2+dfsg-1ubuntu0.1) ...
Setting up libxcb-sync1:amd64 (1.15-1ubuntu2) ...
Setting up shared-mime-info (2.4-4) ...
Setting up libgssapi-krb5-2:amd64 (1.20.1-6ubuntu2.10) ...
Setting up libllvm20:amd64 (1:20.1.2-0ubuntu1~24.04.3) ...
Setting up libssh-4:amd64 (0.10.6-2ubuntu0.5) ...
Setting up libreadline8t64:amd64 (8.2-4build1) ...
Setting up libv4l-0t64:amd64 (1.26.1-4build3) ...
Setting up libdrm2:amd64 (2.4.125-1ubuntu0.1~24.04.2) ...
Setting up libtiff6:amd64 (4.5.1+git230720-4ubuntu2.5) ...
Setting up libwayland-cursor0:amd64 (1.22.0-2.1build1) ...
Setting up libxcb-randr0:amd64 (1.15-1ubuntu2) ...
Setting up libxslt1.1:amd64 (1.1.39-0exp1ubuntu0.24.04.3) ...
Setting up hunspell-en-us (1:2020.12.07-2) ...
Setting up libx11-6:amd64 (2:1.8.7-1build1) ...
Setting up libharfbuzz0b:amd64 (8.3.0-2build2) ...
Setting up libgdk-pixbuf-2.0-0:amd64 (2.42.10+dfsg-3ubuntu3.3) ...
Setting up libfontconfig1:amd64 (2.15.0-1.1ubuntu2) ...
Setting up libsndfile1:amd64 (1.2.2-1ubuntu5.24.04.1) ...
Setting up libxkbfile1:amd64 (1:1.1.0-1build4) ...
Setting up libxcomposite1:amd64 (1:0.4.5-1build3) ...
Setting up libsm6:amd64 (2:1.2.3-1build3) ...
Setting up libxfont2:amd64 (1:2.0.6-1+deb13u1build0.24.04.2) ...
Setting up libavahi-client3:amd64 (0.8-13ubuntu6.2) ...
Setting up libxmuu1:amd64 (2:1.1.3-3build2) ...
Setting up libaa1:amd64 (1.4p5-51.1) ...
Setting up libdrm-amdgpu1:amd64 (2.4.125-1ubuntu0.1~24.04.2) ...
Setting up libxcb-dri3-0:amd64 (1.15-1ubuntu2) ...
Setting up gtk-update-icon-cache (3.24.41-4ubuntu1.3) ...
Setting up libx11-xcb1:amd64 (2:1.8.7-1build1) ...
Setting up fontconfig (2.15.0-1.1ubuntu2) ...
Regenerating fonts cache... done.
Setting up libharfbuzz-icu0:amd64 (8.3.0-2build2) ...
Setting up libxdamage1:amd64 (1:1.1.6-1build1) ...
Setting up libpython3.12-stdlib:amd64 (3.12.3-1ubuntu0.17) ...
Setting up libxpm4:amd64 (1:3.5.17-1ubuntu0.24.04.1) ...
Setting up libxrender1:amd64 (1:0.9.10-1.1build1) ...
Setting up libcurl4t64:amd64 (8.5.0-2ubuntu10.15) ...
Setting up libpulse0:amd64 (1:16.1+dfsg1-2ubuntu10.1) ...
Setting up libenchant-2-2:amd64 (2.3.3-2build2) ...
Setting up python3-pip-whl (24.0+dfsg-1ubuntu1.3) ...
Setting up python3.12 (3.12.3-1ubuntu0.17) ...
Setting up libpango-1.0-0:amd64 (1.52.1+ds-1build1) ...
Setting up libdrm-intel1:amd64 (2.4.125-1ubuntu0.1~24.04.2) ...
Setting up libcurl3t64-gnutls:amd64 (8.5.0-2ubuntu10.15) ...
Setting up libxext6:amd64 (2:1.3.4-1build2) ...
Setting up libgstreamer-plugins-base1.0-0:amd64 (1.24.2-1ubuntu0.5) ...
Setting up libcairo2:amd64 (1.18.0-3build1) ...
Setting up libxxf86vm1:amd64 (1:1.1.4-1build4) ...
Setting up libgstreamer-plugins-good1.0-0:amd64 (1.24.2-1ubuntu1.7) ...
Setting up libxfixes3:amd64 (1:6.0.0-2build1) ...
Setting up libxinerama1:amd64 (2:1.1.4-3build1) ...
Setting up libxt6t64:amd64 (1:1.2.1-1.2build1) ...
Setting up libxrandr2:amd64 (2:1.5.2-2build1) ...
Setting up xauth (1:1.1.2-1build1) ...
Setting up dbus-x11 (1.14.10-4ubuntu4.1) ...
Setting up libtheora0:amd64 (1.1.1+dfsg.1-16.1build3) ...
Setting up libcairo-gobject2:amd64 (1.18.0-3build1) ...
Setting up curl (8.5.0-2ubuntu10.15) ...
Setting up libpangoft2-1.0-0:amd64 (1.52.1+ds-1build1) ...
Setting up libcups2t64:amd64 (2.4.7-1.2ubuntu7.14) ...
Setting up libpangocairo-1.0-0:amd64 (1.52.1+ds-1build1) ...
Setting up libpython3-stdlib:amd64 (3.12.3-0ubuntu2.1) ...
Setting up mesa-libgallium:amd64 (25.2.8-0ubuntu0.24.04.2) ...
Setting up libproxy1v5:amd64 (0.5.4-4build1) ...
Setting up libxmu6:amd64 (2:1.1.3-3build2) ...
Setting up libxi6:amd64 (2:1.8.1-1build1) ...
Setting up libgbm1:amd64 (25.2.8-0ubuntu0.24.04.2) ...
Setting up python3.12-venv (3.12.3-1ubuntu0.17) ...
Setting up libxtst6:amd64 (2:1.2.3-1.1build1) ...
Setting up libxcursor1:amd64 (1:1.2.1-1build1) ...
Setting up libgl1-mesa-dri:amd64 (25.2.8-0ubuntu0.24.04.2) ...
Setting up dconf-service (0.40.0-4ubuntu0.1) ...
Setting up python3 (3.12.3-0ubuntu2.1) ...
Setting up libxaw7:amd64 (2:1.0.14-1build2) ...
Setting up libegl-mesa0:amd64 (25.2.8-0ubuntu0.24.04.2) ...
Setting up gstreamer1.0-plugins-base:amd64 (1.24.2-1ubuntu0.5) ...
Setting up python3-venv (3.12.3-0ubuntu2.1) ...
Setting up libatspi2.0-0t64:amd64 (2.52.0-1build1) ...
Setting up libshout3:amd64 (2.4.6-1build2) ...
Setting up libegl1:amd64 (1.7.0-1build1) ...
Setting up libatk-bridge2.0-0t64:amd64 (2.52.0-1build1) ...
Setting up glib-networking-services (2.80.0-1build1) ...
Setting up libglx-mesa0:amd64 (25.2.8-0ubuntu0.24.04.2) ...
Setting up libglx0:amd64 (1.7.0-1build1) ...
Setting up dconf-gsettings-backend:amd64 (0.40.0-4ubuntu0.1) ...
Setting up x11-xkb-utils (7.7+8build2) ...
Setting up libgl1:amd64 (1.7.0-1build1) ...
Setting up xserver-common (2:21.1.12-1ubuntu1.8) ...
Setting up libgtk-3-common (3.24.41-4ubuntu1.3) ...
Setting up gsettings-desktop-schemas (46.1-0ubuntu1) ...
Setting up xvfb (2:21.1.12-1ubuntu1.8) ...
Setting up libgstreamer-gl1.0-0:amd64 (1.24.2-1ubuntu0.5) ...
Setting up glib-networking:amd64 (2.80.0-1build1) ...
Setting up libsoup-3.0-0:amd64 (3.4.4-5ubuntu0.8) ...
Setting up gstreamer1.0-plugins-good:amd64 (1.24.2-1ubuntu1.7) ...
Setting up adwaita-icon-theme (46.0-1) ...
update-alternatives: using /usr/share/icons/Adwaita/cursor.theme to provide /usr/share/icons/default/index.theme (x-cursor-theme) in auto mode
Setting up libgtk-3-0t64:amd64 (3.24.41-4ubuntu1.3) ...
Setting up libwebkit2gtk-4.1-0:amd64 (2.52.6-0ubuntu0.24.04.1) ...
Setting up humanity-icon-theme (0.6.16) ...
Setting up textbrush (0.1.0) ...
Setting up ubuntu-mono (24.04-0ubuntu1) ...
Processing triggers for libc-bin (2.39-0ubuntu8.9) ...
Processing triggers for dictionaries-common (1.29.7) ...
Processing triggers for ca-certificates (20260601~24.04.1) ...
Updating certificates in /etc/ssl/certs...
0 added, 0 removed; done.
Running hooks in /etc/ca-certificates/update.d...
done.
Using CPython 3.12.3 interpreter at: /usr/bin/python3
Creating virtual environment at: /opt/runtime with spaces
Activate with: source '/opt/runtime with spaces/bin/activate'
Using Python 3.12.3 environment at: /opt/runtime with spaces
Resolved 39 packages in 1.12s
Downloading torch (187.2MiB)
Downloading transformers (11.4MiB)
Downloading hf-xet (4.3MiB)
Downloading tokenizers (3.1MiB)
Downloading networkx (2.0MiB)
Downloading sympy (6.0MiB)
Downloading pillow (4.3MiB)
Downloading sentencepiece (1.3MiB)
Downloading diffusers (5.4MiB)
Downloading numpy (15.9MiB)
 Downloaded sentencepiece
 Downloaded networkx
 Downloaded tokenizers
 Downloaded torch
 Downloaded hf-xet
 Downloaded pillow
 Downloaded diffusers
 Downloaded sympy
 Downloaded transformers
 Downloaded numpy
Prepared 39 packages in 21.34s
Installed 39 packages in 159ms
 + accelerate==0.34.2
 + anyio==4.15.1
 + certifi==2026.7.22
 + charset-normalizer==3.5.1
 + diffusers==0.39.0
 + filelock==4.0.4
 + fsspec==2026.9.0
 + h11==0.16.0
 + hf-xet==1.6.0
 + httpcore==1.0.9
 + httpx==0.28.1
 + huggingface-hub==0.36.2
 + idna==3.20
 + importlib-metadata==9.0.1
 + jinja2==3.1.6
 + markupsafe==3.0.3
 + mpmath==1.3.0
 + networkx==3.7
 + numpy==2.5.3
 + packaging==26.3
 + pillow==10.4.0
 + protobuf==7.36.2
 + psutil==7.2.2
 + pyyaml==6.0.3
 + regex==2026.9.10
 + requests==2.34.2
 + safetensors==0.8.0
 + sentencepiece==0.2.2
 + setuptools==84.0.0
 + sympy==1.14.0
 + textbrush==0.1.0 (from file:///evidence/wheels/textbrush-0.1.0-py3-none-any.whl)
 + tokenizers==0.22.2
 + tomli-w==1.2.0
 + torch==2.14.0+cpu
 + tqdm==4.70.1
 + transformers==4.57.6
 + typing-extensions==4.16.0
 + urllib3==2.8.0
 + zipp==4.1.0
Using Python 3.12.3 environment at: /opt/runtime with spaces
Checked 39 packages in 13ms
All installed packages are compatible
	libgdk-3.so.0 => /lib/x86_64-linux-gnu/libgdk-3.so.0 (0x00007fffff0a8000)
	libgdk_pixbuf-2.0.so.0 => /lib/x86_64-linux-gnu/libgdk_pixbuf-2.0.so.0 (0x00007fffff07a000)
	libcairo.so.2 => /lib/x86_64-linux-gnu/libcairo.so.2 (0x00007ffffef36000)
	libgobject-2.0.so.0 => /lib/x86_64-linux-gnu/libgobject-2.0.so.0 (0x00007ffffeed3000)
	libglib-2.0.so.0 => /lib/x86_64-linux-gnu/libglib-2.0.so.0 (0x00007ffffed8a000)
	libwebkit2gtk-4.1.so.0 => /lib/x86_64-linux-gnu/libwebkit2gtk-4.1.so.0 (0x00007ffff92d9000)
	libgtk-3.so.0 => /lib/x86_64-linux-gnu/libgtk-3.so.0 (0x00007ffff8b0a000)
	libsoup-3.0.so.0 => /lib/x86_64-linux-gnu/libsoup-3.0.so.0 (0x00007ffff8a70000)
	libgio-2.0.so.0 => /lib/x86_64-linux-gnu/libgio-2.0.so.0 (0x00007ffff88a0000)
	libjavascriptcoregtk-4.1.so.0 => /lib/x86_64-linux-gnu/libjavascriptcoregtk-4.1.so.0 (0x00007ffff69fc000)
	libgcc_s.so.1 => /lib/x86_64-linux-gnu/libgcc_s.so.1 (0x00007ffff69ce000)
	libm.so.6 => /lib/x86_64-linux-gnu/libm.so.6 (0x00007ffff68e5000)
	libc.so.6 => /lib/x86_64-linux-gnu/libc.so.6 (0x00007ffff66d0000)
	libpango-1.0.so.0 => /lib/x86_64-linux-gnu/libpango-1.0.so.0 (0x00007ffff6665000)
	libfribidi.so.0 => /lib/x86_64-linux-gnu/libfribidi.so.0 (0x00007ffff6647000)
	libcairo-gobject.so.2 => /lib/x86_64-linux-gnu/libcairo-gobject.so.2 (0x00007ffff663b000)
	libepoxy.so.0 => /lib/x86_64-linux-gnu/libepoxy.so.0 (0x00007ffff6518000)
	libfontconfig.so.1 => /lib/x86_64-linux-gnu/libfontconfig.so.1 (0x00007ffff64c7000)
	libpangocairo-1.0.so.0 => /lib/x86_64-linux-gnu/libpangocairo-1.0.so.0 (0x00007ffff64b4000)
	libxkbcommon.so.0 => /lib/x86_64-linux-gnu/libxkbcommon.so.0 (0x00007ffff646b000)
	libwayland-client.so.0 => /lib/x86_64-linux-gnu/libwayland-client.so.0 (0x00007ffff645b000)
	libwayland-cursor.so.0 => /lib/x86_64-linux-gnu/libwayland-cursor.so.0 (0x00007ffff6451000)
	libwayland-egl.so.1 => /lib/x86_64-linux-gnu/libwayland-egl.so.1 (0x00007ffff644c000)
	libX11.so.6 => /lib/x86_64-linux-gnu/libX11.so.6 (0x00007ffff630f000)
	libXi.so.6 => /lib/x86_64-linux-gnu/libXi.so.6 (0x00007ffff62fa000)
	libXext.so.6 => /lib/x86_64-linux-gnu/libXext.so.6 (0x00007ffff62e6000)
	libXcursor.so.1 => /lib/x86_64-linux-gnu/libXcursor.so.1 (0x00007ffff62da000)
	libXdamage.so.1 => /lib/x86_64-linux-gnu/libXdamage.so.1 (0x00007ffff62d5000)
	libXfixes.so.3 => /lib/x86_64-linux-gnu/libXfixes.so.3 (0x00007ffff62cd000)
	libXcomposite.so.1 => /lib/x86_64-linux-gnu/libXcomposite.so.1 (0x00007ffff62c8000)
	libXrandr.so.2 => /lib/x86_64-linux-gnu/libXrandr.so.2 (0x00007ffff62b9000)
	libXinerama.so.1 => /lib/x86_64-linux-gnu/libXinerama.so.1 (0x00007ffff62b4000)
	libgmodule-2.0.so.0 => /lib/x86_64-linux-gnu/libgmodule-2.0.so.0 (0x00007ffff62ad000)
	libpng16.so.16 => /lib/x86_64-linux-gnu/libpng16.so.16 (0x00007ffff6275000)
	libjpeg.so.8 => /lib/x86_64-linux-gnu/libjpeg.so.8 (0x00007ffff61f2000)
	libz.so.1 => /lib/x86_64-linux-gnu/libz.so.1 (0x00007ffff61d4000)
	libfreetype.so.6 => /lib/x86_64-linux-gnu/libfreetype.so.6 (0x00007ffff6108000)
	libXrender.so.1 => /lib/x86_64-linux-gnu/libXrender.so.1 (0x00007ffff60fc000)
	libxcb.so.1 => /lib/x86_64-linux-gnu/libxcb.so.1 (0x00007ffff60d3000)
	libxcb-render.so.0 => /lib/x86_64-linux-gnu/libxcb-render.so.0 (0x00007ffff60c4000)
	libxcb-shm.so.0 => /lib/x86_64-linux-gnu/libxcb-shm.so.0 (0x00007ffff60bf000)
	libpixman-1.so.0 => /lib/x86_64-linux-gnu/libpixman-1.so.0 (0x00007ffff600e000)
	libffi.so.8 => /lib/x86_64-linux-gnu/libffi.so.8 (0x00007ffff6002000)
	libpcre2-8.so.0 => /lib/x86_64-linux-gnu/libpcre2-8.so.0 (0x00007ffff5f68000)
	libatomic.so.1 => /lib/x86_64-linux-gnu/libatomic.so.1 (0x00007ffff5f5d000)
	libharfbuzz.so.0 => /lib/x86_64-linux-gnu/libharfbuzz.so.0 (0x00007ffff5e50000)
	libatk-1.0.so.0 => /lib/x86_64-linux-gnu/libatk-1.0.so.0 (0x00007ffff5e24000)
	libwebpmux.so.3 => /lib/x86_64-linux-gnu/libwebpmux.so.3 (0x00007ffff5e16000)
	libexpat.so.1 => /lib/x86_64-linux-gnu/libexpat.so.1 (0x00007ffff5de8000)
	libicudata.so.74 => /lib/x86_64-linux-gnu/libicudata.so.74 (0x00007ffff4088000)
	libicui18n.so.74 => /lib/x86_64-linux-gnu/libicui18n.so.74 (0x00007ffff3d3a000)
	libsystemd.so.0 => /lib/x86_64-linux-gnu/libsystemd.so.0 (0x00007ffff3c5a000)
	libicuuc.so.74 => /lib/x86_64-linux-gnu/libicuuc.so.74 (0x00007ffff3a4b000)
	libxml2.so.2 => /lib/x86_64-linux-gnu/libxml2.so.2 (0x00007ffff3869000)
	libsqlite3.so.0 => /lib/x86_64-linux-gnu/libsqlite3.so.0 (0x00007ffff3701000)
	libxslt.so.1 => /lib/x86_64-linux-gnu/libxslt.so.1 (0x00007ffff36c0000)
	liblcms2.so.2 => /lib/x86_64-linux-gnu/liblcms2.so.2 (0x00007ffff365e000)
	libgcrypt.so.20 => /lib/x86_64-linux-gnu/libgcrypt.so.20 (0x00007ffff3515000)
	libgpg-error.so.0 => /lib/x86_64-linux-gnu/libgpg-error.so.0 (0x00007ffff34ee000)
	libgstallocators-1.0.so.0 => /lib/x86_64-linux-gnu/libgstallocators-1.0.so.0 (0x00007ffff34e4000)
	libgstapp-1.0.so.0 => /lib/x86_64-linux-gnu/libgstapp-1.0.so.0 (0x00007ffff34ce000)
	libgstbase-1.0.so.0 => /lib/x86_64-linux-gnu/libgstbase-1.0.so.0 (0x00007ffff3449000)
	libgstreamer-1.0.so.0 => /lib/x86_64-linux-gnu/libgstreamer-1.0.so.0 (0x00007ffff32f6000)
	libgstpbutils-1.0.so.0 => /lib/x86_64-linux-gnu/libgstpbutils-1.0.so.0 (0x00007ffff32b3000)
	libgstaudio-1.0.so.0 => /lib/x86_64-linux-gnu/libgstaudio-1.0.so.0 (0x00007ffff322c000)
	libgsttag-1.0.so.0 => /lib/x86_64-linux-gnu/libgsttag-1.0.so.0 (0x00007ffff31eb000)
	libgstvideo-1.0.so.0 => /lib/x86_64-linux-gnu/libgstvideo-1.0.so.0 (0x00007ffff3116000)
	libgstgl-1.0.so.0 => /lib/x86_64-linux-gnu/libgstgl-1.0.so.0 (0x00007ffff3083000)
	libgstfft-1.0.so.0 => /lib/x86_64-linux-gnu/libgstfft-1.0.so.0 (0x00007ffff3078000)
	libwebpdemux.so.2 => /lib/x86_64-linux-gnu/libwebpdemux.so.2 (0x00007ffff3071000)
	libwebp.so.7 => /lib/x86_64-linux-gnu/libwebp.so.7 (0x00007ffff2ff4000)
	libharfbuzz-icu.so.0 => /lib/x86_64-linux-gnu/libharfbuzz-icu.so.0 (0x00007ffff2fef000)
	libwayland-server.so.0 => /lib/x86_64-linux-gnu/libwayland-server.so.0 (0x00007ffff2fd9000)
	libmanette-0.2.so.0 => /lib/x86_64-linux-gnu/libmanette-0.2.so.0 (0x00007ffff2fa9000)
	libseccomp.so.2 => /lib/x86_64-linux-gnu/libseccomp.so.2 (0x00007ffff2f89000)
	libenchant-2.so.2 => /lib/x86_64-linux-gnu/libenchant-2.so.2 (0x00007ffff2f7c000)
	libgbm.so.1 => /lib/x86_64-linux-gnu/libgbm.so.1 (0x00007ffff2f73000)
	libdrm.so.2 => /lib/x86_64-linux-gnu/libdrm.so.2 (0x00007ffff2f5c000)
	libtasn1.so.6 => /lib/x86_64-linux-gnu/libtasn1.so.6 (0x00007ffff2f46000)
	libhyphen.so.0 => /lib/x86_64-linux-gnu/libhyphen.so.0 (0x00007ffff2f3e000)
	libsecret-1.so.0 => /lib/x86_64-linux-gnu/libsecret-1.so.0 (0x00007ffff2edf000)
	libstdc++.so.6 => /lib/x86_64-linux-gnu/libstdc++.so.6 (0x00007ffff2c61000)
	/lib64/ld-linux-x86-64.so.2 (0x00007ffffffc6000)
	libpangoft2-1.0.so.0 => /lib/x86_64-linux-gnu/libpangoft2-1.0.so.0 (0x00007ffff2c44000)
	libatk-bridge-2.0.so.0 => /lib/x86_64-linux-gnu/libatk-bridge-2.0.so.0 (0x00007ffff2c08000)
	libpsl.so.5 => /lib/x86_64-linux-gnu/libpsl.so.5 (0x00007ffff2bf4000)
	libbrotlidec.so.1 => /lib/x86_64-linux-gnu/libbrotlidec.so.1 (0x00007ffff2be6000)
	libgssapi_krb5.so.2 => /lib/x86_64-linux-gnu/libgssapi_krb5.so.2 (0x00007ffff2b90000)
	libnghttp2.so.14 => /lib/x86_64-linux-gnu/libnghttp2.so.14 (0x00007ffff2b65000)
	libmount.so.1 => /lib/x86_64-linux-gnu/libmount.so.1 (0x00007ffff2b18000)
	libselinux.so.1 => /lib/x86_64-linux-gnu/libselinux.so.1 (0x00007ffff2aeb000)
	libthai.so.0 => /lib/x86_64-linux-gnu/libthai.so.0 (0x00007ffff2ae0000)
	libbz2.so.1.0 => /lib/x86_64-linux-gnu/libbz2.so.1.0 (0x00007ffff2aca000)
	libXau.so.6 => /lib/x86_64-linux-gnu/libXau.so.6 (0x00007ffff2ac4000)
	libXdmcp.so.6 => /lib/x86_64-linux-gnu/libXdmcp.so.6 (0x00007ffff2abc000)
	libgraphite2.so.3 => /lib/x86_64-linux-gnu/libgraphite2.so.3 (0x00007ffff2a96000)
	libcap.so.2 => /lib/x86_64-linux-gnu/libcap.so.2 (0x00007ffff2a89000)
	liblz4.so.1 => /lib/x86_64-linux-gnu/liblz4.so.1 (0x00007ffff2a65000)
	liblzma.so.5 => /lib/x86_64-linux-gnu/liblzma.so.5 (0x00007ffff2a33000)
	libzstd.so.1 => /lib/x86_64-linux-gnu/libzstd.so.1 (0x00007ffff2979000)
	libunwind.so.8 => /lib/x86_64-linux-gnu/libunwind.so.8 (0x00007ffff295e000)
	libdw.so.1 => /lib/x86_64-linux-gnu/libdw.so.1 (0x00007ffff28aa000)
	liborc-0.4.so.0 => /lib/x86_64-linux-gnu/liborc-0.4.so.0 (0x00007ffff27f6000)
	libGL.so.1 => /lib/x86_64-linux-gnu/libGL.so.1 (0x00007ffff276f000)
	libEGL.so.1 => /lib/x86_64-linux-gnu/libEGL.so.1 (0x00007ffff275d000)
	libX11-xcb.so.1 => /lib/x86_64-linux-gnu/libX11-xcb.so.1 (0x00007ffff2758000)
	libgudev-1.0.so.0 => /lib/x86_64-linux-gnu/libgudev-1.0.so.0 (0x00007ffff274b000)
	libsharpyuv.so.0 => /lib/x86_64-linux-gnu/libsharpyuv.so.0 (0x00007ffff2741000)
	libevdev.so.2 => /lib/x86_64-linux-gnu/libevdev.so.2 (0x00007ffff2723000)
	libatspi.so.0 => /lib/x86_64-linux-gnu/libatspi.so.0 (0x00007ffff26e9000)
	libdbus-1.so.3 => /lib/x86_64-linux-gnu/libdbus-1.so.3 (0x00007ffff269a000)
	libunistring.so.5 => /lib/x86_64-linux-gnu/libunistring.so.5 (0x00007ffff24ed000)
	libidn2.so.0 => /lib/x86_64-linux-gnu/libidn2.so.0 (0x00007ffff24c9000)
	libbrotlicommon.so.1 => /lib/x86_64-linux-gnu/libbrotlicommon.so.1 (0x00007ffff24a6000)
	libkrb5.so.3 => /lib/x86_64-linux-gnu/libkrb5.so.3 (0x00007ffff23dd000)
	libk5crypto.so.3 => /lib/x86_64-linux-gnu/libk5crypto.so.3 (0x00007ffff23b1000)
	libcom_err.so.2 => /lib/x86_64-linux-gnu/libcom_err.so.2 (0x00007ffff23ab000)
	libkrb5support.so.0 => /lib/x86_64-linux-gnu/libkrb5support.so.0 (0x00007ffff239c000)
	libblkid.so.1 => /lib/x86_64-linux-gnu/libblkid.so.1 (0x00007ffff2361000)
	libdatrie.so.1 => /lib/x86_64-linux-gnu/libdatrie.so.1 (0x00007ffff2358000)
	libbsd.so.0 => /lib/x86_64-linux-gnu/libbsd.so.0 (0x00007ffff2342000)
	libelf.so.1 => /lib/x86_64-linux-gnu/libelf.so.1 (0x00007ffff2323000)
	libGLdispatch.so.0 => /lib/x86_64-linux-gnu/libGLdispatch.so.0 (0x00007ffff2269000)
	libGLX.so.0 => /lib/x86_64-linux-gnu/libGLX.so.0 (0x00007ffff2236000)
	libudev.so.1 => /lib/x86_64-linux-gnu/libudev.so.1 (0x00007ffff2203000)
	libkeyutils.so.1 => /lib/x86_64-linux-gnu/libkeyutils.so.1 (0x00007ffff21fc000)
	libresolv.so.2 => /lib/x86_64-linux-gnu/libresolv.so.2 (0x00007ffff21ea000)
	libmd.so.0 => /lib/x86_64-linux-gnu/libmd.so.0 (0x00007ffff21d9000)
{"mode": "settings", "initialized_through_frontend": true, "app_pid": 5030, "exited_before_cleanup": null, "termination_method": "SIGTERM harness cleanup; not a native-close test", "environment": {"DISPLAY": ":99", "HOME": "/results/profile settings", "TMPDIR": "/results/profile settings/tmp", "PATH": "/usr/bin:/bin", "HF_HUB_OFFLINE": "1", "TEXTBRUSH_LOGGING_VERBOSITY": "debug"}, "exit_code_after_cleanup": -15, "stdout": "", "stderr": "\n(textbrush:5030): dbind-WARNING **: 07:20:31.093: AT-SPI: Error retrieving accessibility bus address: org.freedesktop.DBus.Error.ServiceUnknown: The name org.a11y.Bus was not provided by any .service files\nlibEGL warning: DRI3 error: Could not get DRI3 device\nlibEGL warning: Ensure your X server supports DRI3 to get accelerated rendering\n2026-09-27 07:20:35,087 [INFO] __main__: Starting IPC server\n2026-09-27 07:20:35,093 [INFO] textbrush.ipc.server: IPC server started\n2026-09-27 07:20:35,094 [INFO] textbrush.ipc.handler: INIT received: prompt='A watercolor painting of a cat...', seed=None, width=256, height=256\n2026-09-27 07:20:35,095 [INFO] textbrush.ipc.handler: No model selected; parking in awaiting_model (deferred loading)\n2026-09-27 07:20:35,096 [INFO] textbrush.ipc.handler: State changed: awaiting_model\n"}
{"mode": "explicit", "initialized_through_frontend": true, "app_pid": 5196, "exited_before_cleanup": null, "termination_method": "SIGTERM harness cleanup; not a native-close test", "environment": {"DISPLAY": ":99", "HOME": "/results/profile explicit", "TMPDIR": "/results/profile explicit/tmp", "PATH": "/usr/bin:/bin", "HF_HUB_OFFLINE": "1", "TEXTBRUSH_LOGGING_VERBOSITY": "debug", "TEXTBRUSH_PYTHON": "/opt/runtime with spaces/bin/python"}, "exit_code_after_cleanup": -15, "stdout": "", "stderr": "\n(textbrush:5196): dbind-WARNING **: 07:20:35.376: AT-SPI: Error retrieving accessibility bus address: org.freedesktop.DBus.Error.ServiceUnknown: The name org.a11y.Bus was not provided by any .service files\nlibEGL warning: DRI3 error: Could not get DRI3 device\nlibEGL warning: Ensure your X server supports DRI3 to get accelerated rendering\n2026-09-27 07:20:39,276 [INFO] __main__: Starting IPC server\n2026-09-27 07:20:39,281 [INFO] textbrush.ipc.server: IPC server started\n2026-09-27 07:20:39,281 [INFO] textbrush.ipc.handler: INIT received: prompt='A watercolor painting of a cat...', seed=None, width=256, height=256\n2026-09-27 07:20:39,283 [INFO] textbrush.ipc.handler: No model selected; parking in awaiting_model (deferred loading)\n2026-09-27 07:20:39,283 [INFO] textbrush.ipc.handler: State changed: awaiting_model\n2026-09-27 07:20:39,488 [INFO] textbrush.ipc.server: Stdin closed, shutting down\n2026-09-27 07:20:39,488 [INFO] textbrush.ipc.server: IPC server shutdown\n2026-09-27 07:20:39,489 [INFO] __main__: Backend shutdown complete\n2026-09-27 07:20:39,489 [INFO] __main__: IPC server stopped\n"}
{"mode": "default", "initialized_through_frontend": true, "app_pid": 5366, "exited_before_cleanup": null, "termination_method": "SIGTERM harness cleanup; not a native-close test", "environment": {"DISPLAY": ":99", "HOME": "/results/profile default", "TMPDIR": "/results/profile default/tmp", "PATH": "/opt/runtime with spaces/bin:/usr/bin:/bin", "HF_HUB_OFFLINE": "1", "TEXTBRUSH_LOGGING_VERBOSITY": "debug"}, "exit_code_after_cleanup": -15, "stdout": "", "stderr": "\n(textbrush:5366): dbind-WARNING **: 07:20:39.679: AT-SPI: Error retrieving accessibility bus address: org.freedesktop.DBus.Error.ServiceUnknown: The name org.a11y.Bus was not provided by any .service files\nlibEGL warning: DRI3 error: Could not get DRI3 device\nlibEGL warning: Ensure your X server supports DRI3 to get accelerated rendering\n2026-09-27 07:20:43,593 [INFO] __main__: Starting IPC server\n2026-09-27 07:20:43,599 [INFO] textbrush.ipc.server: IPC server started\n2026-09-27 07:20:43,600 [INFO] textbrush.ipc.handler: INIT received: prompt='A watercolor painting of a cat...', seed=None, width=256, height=256\n2026-09-27 07:20:43,601 [INFO] textbrush.ipc.handler: No model selected; parking in awaiting_model (deferred loading)\n2026-09-27 07:20:43,601 [INFO] textbrush.ipc.handler: State changed: awaiting_model\n"}
